dose_gy,volume_fraction_ge
0.0,1.0
0.000282027521859,0.9791169451073986
0.000564055043718,0.9725536992840096
0.0008460825655769999,0.9656921241050119
0.001128110087436,0.9582338902147971
0.001410137609295,0.9525656324582339
0.0016921651311539998,0.9474940334128878
0.001974192653013,0.9433174224343676
0.002256220174872,0.9394391408114559
0.0025382476967309997,0.9385441527446301
0.00282027521859,0.9379474940334129
0.0031023027404489998,0.9373508353221957
0.0033843302623079996,0.9364558472553699
0.003666357784167,0.9346658711217184
0.003948385306026,0.9340692124105012
0.0042304128278849995,0.9328758949880668
0.004512440349744,0.9313842482100239
0.004794467871603,0.9307875894988067
0.005076495393461999,0.9301909307875895
0.005358522915321,0.9295942720763724
0.00564055043718,0.9292959427207638
0.005922577959038999,0.9286992840095465
0.0062046054808979996,0.9272076372315036
0.006486633002757,0.9263126491646778
0.006768660524615999,0.9254176610978521
0.0070506880464749995,0.9245226730310262
0.007332715568334,0.9236276849642004
0.007614743090193,0.9227326968973747
0.007896770612052,0.9224343675417661
0.008178798133911,0.9218377088305489
0.008460825655769999,0.9215393794749404
0.009024880699488,0.9212410501193318
0.009588935743206,0.9206443914081146
0.009870963265065,0.920346062052506
0.010435018308783,0.9200477326968973
0.010717045830642,0.9197494033412887
0.010999073352500999,0.9194510739856802
0.01128110087436,0.9191527446300716
0.011563128396219,0.9185560859188544
0.011845155918077999,0.9182577565632458
0.012127183439937,0.9176610978520287
0.012691238483654999,0.9173627684964201
0.012973266005514,0.9170644391408115
0.013255293527372999,0.9167661097852029
0.013537321049231998,0.915871121718377
0.014665431136668,0.9149761336515513
0.015229486180386,0.9146778042959427
0.015793541224104,0.9143794749403341
0.016075568745962998,0.9140811455847255
0.016357596267822,0.913782816229117
0.016639623789681,0.9134844868735084
0.016921651311539998,0.9131861575178998
0.017203678833399,0.9128878281622912
0.017485706355258,0.9125894988066826
0.017767733877116998,0.912291169451074
0.018049761398976,0.9110978520286396
0.018613816442693998,0.910799522673031
0.019177871486412,0.9102028639618138
0.01974192653013,0.9096062052505967
0.020023954051989,0.9087112171837709
0.021434091661284,0.9084128878281623
0.022280174226861,0.9081145584725537
0.02256220174872,0.9075178997613366
0.022844229270578997,0.9066229116945107
0.023408284314297,0.9060262529832935
0.023690311836155997,0.905727923627685
0.023972339358015,0.9054295942720764
0.024536394401732997,0.9051312649164678
0.024818421923591998,0.9048329355608592
0.025100449445451,0.9045346062052506
0.025382476967309997,0.9039379474940334
0.025664504489168998,0.9036396181384249
0.025946532011028,0.9033412887828163
0.026510587054745998,0.9030429594272077
0.027074642098463997,0.902744630071599
0.027356669620322998,0.9024463007159904
0.028766807229618,0.9018496420047732
0.029048834751476998,0.9015513126491647
0.029330862273336,0.9012529832935561
0.029612889795195,0.9009546539379475
0.030176944838913,0.9006563245823389
0.030458972360772,0.9000596658711217
0.030740999882630998,0.8997613365155132
0.031305054926348996,0.8994630071599046
0.032715192535644,0.899164677804296
0.034971412710516,0.8988663484486874
0.035535467754233996,0.8985680190930787
0.035817495276093,0.8982696897374701
0.036945605363529,0.8979713603818615
0.037791687929106,0.897673031026253
0.038355742972824,0.8973747016706444
0.039765880582118995,0.8970763723150358
0.040611963147695995,0.8967780429594272
0.040893990669555,0.89618138424821
0.041458045713272995,0.8955847255369929
0.042304128278849995,0.8952863961813843
0.042586155800709,0.8949880668257757
0.043150210844426995,0.8946897374701671
0.044278320931863,0.8943914081145584
0.044560348453722,0.8940930787589498
0.044842375975580995,0.8937947494033412
0.045970486063017,0.8934964200477327
0.047098596150453,0.8931980906921241
0.049636843847183997,0.8928997613365155
0.052739146587633,0.8926014319809069
0.053867256675068996,0.8923031026252983
0.054431311718787,0.8920047732696897
0.055277394284364,0.8917064439140812
0.056969559415518,0.8914081145584726
0.057533614459236,0.891109785202864
0.058661724546672,0.8908114558472554
0.05922577959039,0.8902147971360382
0.061764027287121,0.8899164677804295
0.063738219940134,0.889618138424821
0.06684052268058299,0.8890214797136038
0.067122550202442,0.8887231503579952
0.06768660524615999,0.8884248210023866
0.068250660289878,0.888126491646778
0.06937877037731399,0.8878281622911695
0.07022485294289099,0.8872315035799523
0.071634990552186,0.8869331742243437
0.078403651076802,0.8866348448687351
0.080659871251674,0.8863365155131265
0.08122392629539199,0.886038186157518
0.081505953817251,0.8857398568019093
0.086582449210713,0.8854415274463007
0.08714650425443099,0.8851431980906921
0.08799258682000799,0.8848448687350835
0.08883866938558499,0.8845465393794749
0.091094889560457,0.8842482100238663
0.095325302388342,0.8839498806682577
0.097017467519496,0.8836515513126492
0.09814557760693199,0.8833532219570406
0.098427605128791,0.883054892601432
0.10406815556597099,0.8827565632458234
0.10604234821898399,0.8824582338902148
0.10858059591571499,0.8821599045346062
0.11450317387475399,0.8818615751789977
0.115067228918472,0.8815632458233891
0.11788750413706199,0.8812649164677804
0.120143724311934,0.8809665871121718
0.124938192183537,0.8806682577565632
0.12606630227097299,0.8803699284009546
0.13029671509885798,0.880071599045346
0.13255293527373,0.8797732696897375
0.134245100404884,0.8791766109785203
0.13621929305789698,0.8788782816229117
0.137629430667192,0.8785799522673031
0.141859843495077,0.8782816229116945
0.142705926060654,0.877983293556086
0.14975661410712898,0.8776849642004774
0.151166751716424,0.8770883054892601
0.158781494806617,0.8767899761336515
0.16329393515636098,0.8764916467780429
0.174010980987003,0.8761933174224343
0.180779641511619,0.8758949880668258
0.184728026817645,0.8755966587112172
0.18867641212367098,0.8752983293556086
0.190086549732966,0.875
0.195163045126428,0.8747016706443914
0.1974192653013,0.8744033412887828
0.20446995334777499,0.8741050119331742
0.212648751481686,0.8738066825775657
0.218571329440725,0.8735083532219571
0.219417412006302,0.8732100238663485
0.220263494571879,0.8729116945107399
0.221109577137456,0.8726133651551312
0.225057962443482,0.8723150357995226
0.22844229270579,0.872016706443914
0.232954733055534,0.8717183770883055
0.233518788099252,0.8714200477326969
0.238031228448996,0.8711217183770883
0.241133531189445,0.8708233890214797
0.247902191714061,0.8705250596658711
0.252414632063805,0.8702267303102625
0.254388824716818,0.869928400954654
0.260029375153998,0.8696300715990454
0.26990033841906297,0.8690334128878282
0.280617384249705,0.8687350835322196
0.293872677777078,0.8684367541766109
0.29443673282079597,0.8681384248210023
0.31305054926348996,0.8678400954653938
0.314460686872785,0.8675417661097852
0.316152852003939,0.8672434367541766
0.321229347397401,0.866945107398568
0.32235745748483696,0.8666467780429594
0.331946393228043,0.8663484486873508
0.350842237192596,0.8660501193317423
0.357328870195353,0.8657517899761337
0.35873900780464796,0.8654534606205251
0.36945605363529,0.8651551312649165
0.37143024628830296,0.8648568019093079
0.380173099465932,0.8645584725536993
0.381019182031509,0.8642601431980907
0.38637770494683,0.863961813842482
0.390326090252856,0.8636634844868735
0.395684613168177,0.8633651551312649
0.398222860864908,0.8630668257756563
0.404145438823947,0.8627684964200477
0.40640165899881897,0.8624701670644391
0.40724774156439597,0.8621718377088305
0.412606264479717,0.861873508353222
0.41288829200157595,0.8615751789976134
0.41317031952343497,0.8612768496420048
0.42304128278849995,0.8609785202863962
0.42332331031035897,0.8606801909307876
0.43714265888145,0.860381861575179
0.442219154274912,0.8600835322195705
0.449269842321387,0.8597852028639618
0.453500255149272,0.8594868735083532
0.45970486063016996,0.8591885441527446
0.47070393398267096,0.858890214797136
0.481138952291454,0.8585918854415274
0.487343557772352,0.8582935560859188
0.49072788803466,0.8579952267303103
0.50200898890902,0.8576968973747017
0.5059573742150459,0.8573985680190931
0.514700227392675,0.8571002386634845
0.5242891631358809,0.8568019093078759
0.536980401619536,0.8565035799522673
0.5499536676250499,0.8562052505966588
0.5649011262835769,0.8559069212410502
0.569131539111462,0.8556085918854416
0.5767462822016549,0.8553102625298329
0.579566557420245,0.8550119331742243
0.592821850947618,0.8547136038186157
0.59507807112249,0.8544152744630071
0.596206181209926,0.8541169451073986
0.600154566515952,0.85381861575179
0.600436594037811,0.8535202863961814
0.606077144474991,0.8532219570405728
0.6348439517046089,0.8529236276849642
0.642176667272943,0.8526252983293556
0.659098318584483,0.852326968973747
0.662482648846791,0.8520286396181385
0.671507529546279,0.8517303102625299
0.689275263423396,0.8514319809069213
0.7025305569507689,0.8511336515513126
0.708453134909808,0.850835322195704
0.7092992174753849,0.8505369928400954
0.719734235784168,0.8502386634844868
0.721708428437181,0.8499403341288783
0.75019320814494,0.8496420047732697
0.7580899787569919,0.8493436754176611
0.777831905287122,0.8490453460620525
0.784318538289879,0.8487470167064439
0.7851646208554559,0.8484486873508353
0.786574758464751,0.8481503579952268
0.7970097767735339,0.8478520286396182
0.803496409776291,0.8475536992840096
0.827186721612447,0.847255369928401
0.8277507766561649,0.8469570405727923
0.830006996831037,0.8466587112171837
0.8551074462764879,0.8463603818615751
0.8703369324568739,0.8460620525059666
0.873157207675464,0.845763723150358
0.887540611290273,0.8454653937947494
0.89966779473021,0.8451670644391408
0.901077932339505,0.8448687350835322
0.9022060424269409,0.8445704057279236
0.9227940515226479,0.844272076372315
0.943664088140214,0.8439737470167065
0.943946115662073,0.8436754176610979
0.9462023358369449,0.8433770883054893
0.9715848128042549,0.8430787589498807
0.979199555894448,0.8427804295942721
0.9885064641157949,0.8424821002386634
0.9938649870311159,0.8421837708830548
0.994711069596693,0.8418854415274463
0.996685262249706,0.8415871121718377
1.019529491520285,0.8412887828162291
1.0316566749602218,0.8409904534606205
1.036169115309966,0.8406921241050119
1.045476023531313,0.8403937947494033
1.049706436359198,0.8400954653937948
1.1047018031217029,0.8397971360381862
1.154620674490746,0.8394988066825776
1.171824353324145,0.839200477326969
1.176900848717607,0.8389021479713604
1.1912842523324159,0.8386038186157518
1.196360747725878,0.8383054892601431
1.207641848600238,0.8380071599045346
1.22681972008665,0.837708830548926
1.240357041135882,0.8374105011933174
1.2440233989200489,0.8371121718377088
1.2589708575785759,0.8368138424821002
1.2710980410185129,0.8365155131264916
1.2739183162371028,0.836217183770883
1.3102998665569139,0.8359188544152745
1.320170829821979,0.8356205250596659
1.326375435302877,0.8353221957040573
1.340476811395827,0.8350238663484487
1.391805820374165,0.8347255369928401
1.4011127285955118,0.8344272076372315
1.427623315650258,0.834128878281623
1.469081361363531,0.8338305489260143
1.4896693704592379,0.8335322195704057
1.489951397981097,0.8332338902147971
1.500668443811739,0.8329355608591885
1.537614049175268,0.8326372315035799
1.572585461885784,0.8323389021479713
1.61319742503348,0.8320405727923628
1.7116250301622709,0.8317422434367542
1.743212112610479,0.8314439140811456
1.795387204154394,0.831145584725537
1.8464341856108728,0.8308472553699284
1.873790855231196,0.8305489260143198
1.875200992840491,0.8302505966587113
1.9093263229854298,0.8299522673031027
1.949374231089408,0.829653937947494
1.9533226163954338,0.8293556085918854
1.9713723777944099,0.8290572792362768
1.992242414411976,0.8287589498806682
1.9987290474147328,0.8284606205250596
2.012830423507683,0.8281622911694511
2.0836193314942917,0.8278639618138425
2.1036432855462808,0.8275656324582339
2.213069964027573,0.8272673031026253
2.233375945601421,0.8269689737470167
2.234786083210716,0.8266706443914081
2.2607326152217437,0.8263723150357996
2.311779596678223,0.826073985680191
2.3408284314297,0.8257756563245824
2.3715694313123308,0.8254773269689738
2.407386926588424,0.8251789976133651
2.41697586233163,0.8248806682577565
2.418668027462784,0.8245823389021479
2.42261641276881,0.8242840095465394
2.444332531951953,0.8239856801909308
2.45081916495471,0.8236873508353222
2.455049577782595,0.8233890214797136
2.457869853001185,0.823090692124105
2.5015841188893297,0.8227923627684964
2.523582265594332,0.8224940334128878
2.533735256381256,0.8221957040572793
2.667134274220563,0.8218973747016707
2.668826439351717,0.8215990453460621
2.685184035619539,0.8213007159904535
2.6871582282725517,0.8210023866348448
2.6911066135785777,0.8207040572792362
2.701259604365502,0.8204057279236276
2.71310476028358,0.8201073985680191
2.9497258511232807,0.8198090692124105
2.953392208907448,0.8195107398568019
2.970313860218988,0.8192124105011933
2.9779286033091807,0.8189140811455847
2.98103090604963,0.8186157517899761
2.9996447224923237,0.8183174224343676
3.050691703948803,0.818019093078759
3.1079432908861797,0.8177207637231504
3.15306769438362,0.8174224343675418
3.157298107211505,0.8171241050119332
3.173655703479327,0.8168257756563246
3.203550620796381,0.8165274463007159
3.2134215840614457,0.8162291169451074
3.263340455430489,0.8159307875894988
3.283082381960619,0.8156324582338902
3.33074503315479,0.8153341288782816
3.396739473269796,0.815035799522673
3.4542730877290317,0.8147374701670644
3.457939445513199,0.8144391408114559
3.460195665688071,0.8141408114558473
3.467528381256405,0.8138424821002387
3.518575362712884,0.8135441527446301
3.5896462982213517,0.8132458233890215
3.6048757844017376,0.8129474940334129
3.620387298103983,0.8126491646778043
3.6426674723308436,0.8123508353221957
3.6480259952461647,0.8120525059665871
3.674536582300911,0.8117541766109785
3.686381738218989,0.8114558472553699
3.731506141716429,0.8111575178997613
3.747581710462392,0.8108591885441527
3.7546323985088668,0.8105608591885441
3.854188113725094,0.8102625298329356
3.864059076990159,0.809964200477327
3.92864337949587,0.8096658711217184
3.9754599481244637,0.8093675417661098
3.980254415996067,0.8090692124105012
4.0070470305726715,0.8087708830548926
4.011559470922416,0.8084725536992841
4.020302324100045,0.8081742243436754
4.096731782523833,0.8078758949880668
4.097013810045693,0.8075775656324582
4.100398140308001,0.8072792362768496
4.194877360130766,0.806980906921241
4.208696708701857,0.8066825775656324
4.274409121295004,0.8063842482100239
4.280049671732184,0.8060859188544153
4.291894827650262,0.8057875894988067
4.314739056920841,0.8054892601431981
4.37988741447027,0.8051909307875895
4.396527038259951,0.8048926014319809
4.398783258434823,0.8045942720763724
4.4021675886971305,0.8042959427207638
4.451522405022455,0.8039976133651552
4.625533386009459,0.8036992840095465
4.672349954638053,0.8034009546539379
4.672631982159912,0.8031026252983293
4.685041193121708,0.8028042959427207
4.738344394753058,0.8025059665871122
4.760342541458061,0.8022076372315036
4.879076128160699,0.801909307875895
4.885844788685316,0.8016109785202864
4.894587641862945,0.8013126491646778
4.913201458305639,0.8010143198090692
5.02855071474597,0.8007159904534606
5.054215219235139,0.8004176610978521
5.163641897716431,0.8001193317422435
5.210176438823166,0.7998210023866349
5.320167172348175,0.7995226730310262
5.332294355788113,0.7992243436754176
5.335678686050421,0.798926014319809
5.359086970364718,0.7986276849642004
5.416056529780236,0.7983293556085919
5.441156979225687,0.7980310262529833
5.482615024938959,0.7977326968973747
5.508561556949988,0.7974343675417661
5.602758749250894,0.7971360381861575
5.6363200243521145,0.7968377088305489
5.6391402995707045,0.7965393794749404
5.686802950764876,0.7962410501193318
5.738696014786932,0.7959427207637232
5.75307941840174,0.7956443914081146
5.795383546680591,0.795346062052506
5.801024097117771,0.7950477326968973
5.822176161257196,0.7947494033412887
5.906220362771178,0.7944510739856802
5.923988096648294,0.7941527446300716
6.016493123818047,0.793854415274463
6.031158554954715,0.7935560859188544
6.046388041135101,0.7932577565632458
6.05231061909414,0.7929594272076372
6.081359453845617,0.7926610978520287
6.095742857460426,0.7923627684964201
6.0994092152445925,0.7920644391408115
6.103357600550619,0.7917661097852029
6.147353893960623,0.7914677804295943
6.189375994717613,0.7911694510739857
6.2398589211303745,0.790871121718377
6.295982397980316,0.7905727923627685
6.30613538876724,0.7902744630071599
6.341952884043333,0.7899761336515513
6.376078214188271,0.7896778042959427
6.393845948065389,0.7893794749403341
6.469429323923601,0.7890811455847255
6.479018259666806,0.788782816229117
6.488607195410013,0.7884844868735084
6.496221938500206,0.7881861575178998
6.518220085205208,0.7878878281622912
6.536833901647902,0.7875894988066826
6.563908543746366,0.787291169451074
6.570677204270981,0.7869928400954654
6.594931571150855,0.7866945107398569
6.617493772899576,0.7863961813842482
6.633287314123679,0.7860978520286396
6.649926937913361,0.785799522673031
6.662900203918874,0.7855011933174224
6.73481722199292,0.7852028639618138
6.755969286132345,0.7849045346062052
6.791786781408438,0.7846062052505967
6.845372010561648,0.7843078758949881
6.849320395867673,0.7840095465393795
6.876677065487996,0.7837112171837709
6.975950753182365,0.7834128878281623
7.020511101636087,0.7831145584725537
7.056610624434039,0.7828162291169452
7.131911972770392,0.7825178997613366
7.155884312128407,0.7822195704057279
7.175344211136678,0.7819212410501193
7.283360752008675,0.7816229116945107
7.287873192358418,0.7813245823389021
7.294641852883035,0.7810262529832935
7.294923880404894,0.780727923627685
7.372763476437978,0.7804295942720764
7.491497063140617,0.7798329355608592
7.555799338124468,0.7795346062052506
7.616153227802295,0.779236276849642
7.640407594682169,0.7789379474940334
7.652252750600247,0.7786396181384249
7.661277631299734,0.7783412887828163
7.66832831934621,0.7780429594272077
7.777754997827501,0.777744630071599
7.838108887505328,0.7774463007159904
7.856722703948021,0.7771479713603818
7.949509758639633,0.7768496420047732
7.99265996948406,0.7765513126491647
8.02029866662624,0.7762529832935561
8.062038739861373,0.7759546539379475
8.102086647965352,0.7756563245823389
8.139314280850739,0.7753579952267303
8.26622666568729,0.7750596658711217
8.32545244527768,0.7747613365155132
8.490438545565194,0.7744630071599046
8.537537141715648,0.774164677804296
8.538383224281224,0.7738663484486874
8.544587829762122,0.7735680190930787
8.558689205855073,0.7732696897374701
8.56517583885783,0.7729713603818615
8.617350930401745,0.772673031026253
8.646399765153221,0.7723747016706444
8.679114957688865,0.7720763723150358
8.75159603080663,0.7717780429594272
8.814770195703044,0.7714797136038186
8.963962754766456,0.77118138424821
8.994703754649086,0.7708830548926014
9.015573791266652,0.7705847255369929
9.029393139837744,0.7702863961813843
9.071979295638453,0.7699880668257757
9.118231809223328,0.7696897374701671
9.190994909862951,0.7693914081145584
9.24204189131943,0.7690930787589498
9.249374606887763,0.7687947494033412
9.340187468926361,0.7684964200477327
9.36049345050021,0.7681980906921241
9.46766390880663,0.7678997613365155
9.469638101459642,0.7676014319809069
9.567501651544715,0.7673031026252983
9.649289632883825,0.7670047732696897
9.727693283960628,0.7667064439140812
9.804404769906276,0.7664081145584726
9.837966045007496,0.766109785202864
9.880552200808205,0.7658114558472554
9.8819623384175,0.7655131264916468
9.883936531070514,0.7652147971360382
9.993927264595523,0.7649164677804295
10.030026787393476,0.764618138424821
10.036231392874374,0.7643198090692124
10.082765933981108,0.7640214797136038
10.120839649432073,0.7637231503579952
10.13888941083105,0.7634248210023866
10.280749254326127,0.763126491646778
10.283569529544716,0.7628281622911695
10.30782389642459,0.7625298329355609
10.39553445572274,0.7622315035799523
10.397790675897612,0.7619331742243437
10.423737207908639,0.7616348448687351
10.424019235430498,0.7613365155131265
10.433044116129986,0.761038186157518
10.45758051053172,0.7607398568019093
10.467733501318644,0.7604415274463007
10.486065290239479,0.7601431980906921
10.59295372102404,0.7598448687350835
10.62115647320994,0.7595465393794749
10.631873519040582,0.7592482100238663
10.63807812452148,0.7589498806682577
10.640898399740069,0.7586515513126492
10.648231115308404,0.7583532219570406
10.66346060148879,0.758054892601432
10.68574077571565,0.7577565632458234
10.71422555542341,0.7574582338902148
10.759914013964567,0.7571599045346062
10.768938894664055,0.7568615751789977
10.807294637636879,0.7565632458233891
10.93674527017016,0.7562649164677804
10.971716682880677,0.7559665871121718
11.02981435238363,0.7556682577565632
11.034890847777092,0.7553699284009546
11.074656728359212,0.755071599045346
11.096936902586073,0.7547732696897375
11.115268691506907,0.7544749403341289
11.150522131739283,0.7541766109785203
11.254026232261536,0.7538782816229117
11.312123901764489,0.7535799522673031
11.335250158556928,0.7532816229116945
11.378964424445073,0.752983293556086
11.455393882868862,0.7526849642004774
11.513491552371816,0.7523866348448688
11.576383689746372,0.7520883054892601
11.682426037965357,0.7517899761336515
11.705552294757794,0.7514916467780429
11.741369790033888,0.7511933174224343
11.795801101752675,0.7508949880668258
11.816389110848382,0.7505966587112172
11.831336569506908,0.7502983293556086
11.831618597028767,0.75
11.911432385714864,0.7497016706443914
11.92102132145807,0.7494033412887828
11.924687679242238,0.7491050119331742
11.935968780116598,0.7488066825775657
11.982221293701473,0.7485083532219571
12.01409040367154,0.7482100238663485
12.017756761455708,0.7479116945107399
12.022551229327311,0.7476133651551312
12.06231710990943,0.7473150357995226
12.099544742794818,0.747016706443914
12.159334577428925,0.7467183770883055
12.159616604950784,0.7464200477326969
12.216304136844442,0.7461217183770883
12.230687540459252,0.7458233890214797
12.266787063257205,0.7455250596658711
12.312193494276503,0.7452267303102625
12.337011916200096,0.744928400954654
12.344626659290288,0.7446300715990454
12.373957521563625,0.7443317422434368
12.397365805877921,0.7440334128878282
12.453207255206003,0.7437350835322196
12.468718768908248,0.7434367541766109
12.531046851239088,0.7431384248210023
12.531892933804665,0.7428400954653938
12.569402594211912,0.7425417661097852
12.56996664925563,0.7422434367541766
12.600143594094542,0.741945107398568
12.608886447272171,0.7416467780429594
12.677701162605768,0.7413484486873508
12.723671648668784,0.7410501193317423
12.736644914674299,0.7407517899761337
12.738055052283594,0.7404534606205251
12.786563786043342,0.7401551312649165
12.811382207966933,0.7398568019093079
12.813074373098088,0.7395584725536993
12.825201556538024,0.7392601431980907
12.85735269402995,0.738961813842482
12.912348060792455,0.7386634844868735
12.980880748604193,0.7383651551312649
12.982572913735346,0.7380668257756563
12.98708535408509,0.7377684964200477
12.987649409128808,0.7374701670644391
13.007955390702657,0.7371718377088305
13.040106528194583,0.736873508353222
13.042926803413172,0.7365751789976134
13.057310207027982,0.7362768496420048
13.121048426968116,0.7359785202863962
13.122176537055552,0.7356801909307876
13.1314834452769,0.735381861575179
13.21298939909415,0.7350835322195705
13.243166343933062,0.7347852028639618
13.276727619034283,0.7344868735083532
13.279265866731015,0.7341885441527446
13.302110096001593,0.733890214797136
13.31987782987871,0.7335918854415274
13.359925737982689,0.7332935560859188
13.383334022296985,0.7329952267303103
13.385308214949998,0.7326968973747017
13.39320498556205,0.7323985680190931
13.408998526786155,0.7321002386634845
13.412382857048462,0.7318019093078759
13.445380077105966,0.7315035799522673
13.451866710108723,0.7312052505966588
13.452994820196158,0.7309069212410502
13.456379150458467,0.7306085918854416
13.457789288067762,0.7303102625298329
13.464557948592377,0.7300119331742243
13.478659324685328,0.7297136038186157
13.523783728182767,0.7294152744630071
13.533090636404115,0.7291169451073986
13.5765228747704,0.72881861575179
13.579625177510849,0.7282219570405728
13.586393838035466,0.7279236276849642
13.601059269172133,0.7276252983293556
13.668745874418294,0.727326968973747
13.672976287246179,0.7270286396181385
13.689051855992142,0.7267303102625299
13.704281342172527,0.7264319809069213
13.711050002697144,0.7261336515513126
13.711614057740862,0.725835322195704
13.718664745787336,0.7255369928400954
13.738124644795608,0.7252386634844868
13.753072103454134,0.7249403341288783
13.756174406194583,0.7246420047732697
13.777890525377726,0.7243436754176611
13.802990974823178,0.7240453460620525
13.804119084910614,0.7237470167064439
13.805529222519908,0.7234486873508353
13.806657332607344,0.7231503579952268
13.81624626835055,0.7228520286396182
13.822168846309589,0.7225536992840096
13.825271149050039,0.722255369928401
13.849807543451771,0.7219570405727923
13.876600158028376,0.7216587112171837
13.881958680943697,0.7213603818615751
13.892957754296198,0.7210620525059666
13.897752222167801,0.720763723150358
13.934415800009472,0.7204653937947494
13.936107965140625,0.7201670644391408
13.949363258667999,0.7198687350835322
13.953029616452165,0.7195704057279236
13.967695047588833,0.719272076372315
13.96854113015441,0.7189737470167065
13.99392360712172,0.7186754176610979
14.01902405656717,0.7183770883054893
14.02212635930762,0.7180787589498807
14.058507909627432,0.7177804295942721
14.07035306554551,0.7174821002386634
14.071199148111086,0.7171837708830548
14.079095918723139,0.7168854415274463
14.09009499207564,0.7165871121718377
14.118579771783399,0.7162887828162291
14.164832285368274,0.7159904534606205
14.17160094589289,0.7156921241050119
14.176677441286353,0.7153937947494033
14.198957615513214,0.7150954653937948
14.199521670556932,0.7147971360381862
14.208546551256418,0.7144988066825776
14.22264792734937,0.714200477326969
14.23674930344232,0.7139021479713604
14.250004596969692,0.7136038186157518
14.278207349155592,0.7133054892601431
14.288642367464375,0.7130071599045346
14.321639587521878,0.712708830548926
14.35209855988265,0.7124105011933174
14.36084141306028,0.7121121718377088
14.363097633235151,0.7118138424821002
14.36902021119419,0.7115155131264916
14.385377807462012,0.711217183770883
14.387352000115024,0.7109188544152745
14.414708669735349,0.7106205250596659
14.424861660522271,0.7103221957040573
14.460961183320224,0.7100238663484487
14.482959330025226,0.7097255369928401
14.485497577721958,0.7094272076372315
14.506085586817663,0.709128878281623
14.534006311481706,0.7088305489260143
14.54133902705004,0.7085322195704057
14.550081880227669,0.7082338902147971
14.551492017836964,0.7079355608591885
14.553748238011835,0.7076372315035799
14.554030265533694,0.7073389021479713
14.57490030215126,0.7070405727923628
14.585053292938184,0.7067422434367542
14.614666182733378,0.7064439140811456
14.619178623083123,0.706145584725537
14.627639448738893,0.7058472553699284
14.630459723957483,0.7055489260143198
14.634690136785368,0.7052505966587113
14.635818246872804,0.7049522673031027
14.641740824831842,0.704653937947494
14.664020999058705,0.7043556085918854
14.667123301799153,0.7040572792362768
14.668815466930306,0.7037589498806682
14.674456017367488,0.7034606205250596
14.680096567804668,0.7031622911694511
14.683480898066975,0.7028639618138425
14.694479971419476,0.7025656324582339
14.716760145646337,0.7022673031026253
14.72465691625839,0.7019689737470167
14.733681796957876,0.7016706443914081
14.739040319873197,0.7013723150357996
14.742424650135506,0.701073985680191
14.746373035441533,0.7007756563245824
14.748911283138263,0.7004773269689738
14.757090081272175,0.7001789976133651
14.76132049410006,0.6998806682577565
14.764704824362367,0.6995823389021479
14.78078039310833,0.6992840095465394
14.781344448152048,0.6989856801909308
14.786702971067369,0.6986873508353222
14.795445824244998,0.6983890214797136
14.797984071941729,0.698090692124105
14.799958264594743,0.6977923627684964
14.814059640687692,0.6974940334128878
14.819418163603013,0.6971957040572793
14.832673457130387,0.6968973747016707
14.838878062611284,0.6965990453460621
14.840570227742438,0.6963007159904535
14.863414457013016,0.6960023866348448
14.877797860627826,0.6957040572792362
14.87920799823712,0.6954057279236276
14.87949002575898,0.6951073985680191
14.902898310073278,0.6945107398568019
14.911077108207188,0.6942124105011933
14.918409823775523,0.6939140811455847
14.922640236603407,0.6936157517899761
14.924332401734562,0.6933174224343676
14.928280787040586,0.693019093078759
14.93053700721546,0.6927207637231504
14.934767420043345,0.6924224343675418
14.942382163133537,0.6921241050119332
14.945484465873987,0.6918257756563246
14.965508419925975,0.6915274463007159
14.971148970363155,0.6912291169451074
14.975097355669181,0.6909307875894988
14.975661410712899,0.6906324582338902
14.976789520800335,0.6903341288782816
14.977635603365913,0.690035799522673
14.985814401499823,0.6897374701670644
14.987224539109118,0.6894391408114559
14.988070621674694,0.6891408114558473
14.990608869371426,0.6888424821002387
14.991736979458862,0.6885441527446301
14.99201900698072,0.6882458233890215
14.998223612461619,0.6879474940334129
15.007530520682966,0.6876491646778043
15.011478905988993,0.6873508353221957
15.014299181207582,0.6870525059665871
15.019093649079185,0.6867541766109785
15.022477979341494,0.6864558472553699
15.033759080215853,0.6858591885441527
15.036861382956301,0.6855608591885441
15.03770746552188,0.6852625298329356
15.05462911683342,0.684964200477327
15.058577502139444,0.6846658711217184
15.069576575491947,0.6843675417661098
15.071832795666818,0.6840692124105012
15.072396850710536,0.6837708830548926
15.079165511235152,0.6834725536992841
15.092138777240667,0.6831742243436754
15.094959052459256,0.6828758949880668
15.102855823071309,0.6825775656324582
15.107932318464771,0.6822792362768496
15.110470566161501,0.681980906921241
15.118085309251693,0.6816825775656324
15.123725859688875,0.6813842482100239
15.131340602779067,0.6810859188544153
15.132468712866503,0.6804892601431981
15.140929538522274,0.6801909307875895
15.15023644674362,0.6798926014319809
15.151646584352916,0.6795942720763724
15.15305672196221,0.6792959427207638
15.153902804527787,0.6789976133651552
15.154184832049646,0.6786992840095465
15.157005107268237,0.6784009546539379
15.157851189833814,0.6781026252983293
15.158133217355672,0.6778042959427207
15.163209712749135,0.6775059665871122
15.16433782283657,0.6772076372315036
15.169414318230032,0.676909307875895
15.177311088842083,0.6766109785202864
15.180413391582533,0.6763126491646778
15.186335969541572,0.6760143198090692
15.19254057502247,0.6757159904534606
15.196770987850355,0.6754176610978521
15.202129510765676,0.6751193317422435
15.20918019881215,0.6748210023866349
15.221589409773948,0.6745226730310262
15.222435492339525,0.6742243436754176
15.227229960211128,0.673926014319809
15.227794015254846,0.6736276849642004
15.235690785866897,0.6733293556085919
15.241049308782218,0.6730310262529833
15.242459446391512,0.6727326968973747
15.244997694088244,0.6724343675417661
15.246407831697539,0.6721360381861575
15.247817969306833,0.6718377088305489
15.248382024350553,0.6715393794749404
15.248664051872412,0.6712410501193318
15.250920272047283,0.6709427207637232
15.251484327091001,0.670346062052506
15.25486865735331,0.6700477326968973
15.259663125224913,0.6697494033412887
15.26586773070581,0.6694510739856802
15.266995840793246,0.6691527446300716
15.270380171055555,0.668854415274463
15.27404652883972,0.6685560859188544
15.275738693970876,0.6682577565632458
15.276302749014594,0.6679594272076372
15.277712886623888,0.6676610978520287
15.284763574670363,0.6670644391408115
15.290122097585684,0.6667661097852029
15.292378317760557,0.6664677804295943
15.292660345282416,0.6661694510739857
15.292942372804275,0.665871121718377
15.296326703066581,0.6655727923627685
15.304223473678634,0.6652744630071599
15.307043748897224,0.6649761336515513
15.309299969072097,0.6643794749403341
15.310710106681391,0.6640811455847255
15.31099213420325,0.663782816229117
15.313530381899982,0.6634844868735084
15.32227323507761,0.6631861575178998
15.32763175799293,0.6628878281622912
15.330170005689663,0.6625894988066826
15.332144198342675,0.662291169451074
15.332990280908252,0.6619928400954654
15.338348803823573,0.6616945107398569
15.339758941432867,0.6613961813842482
15.340040968954726,0.6610978520286396
15.343989354260753,0.660799522673031
15.35611653770069,0.6605011933174224
15.358654785397421,0.6602028639618138
15.359782895484857,0.6599045346062052
15.360628978050434,0.6596062052505967
15.363167225747166,0.6593078758949881
15.365987500965755,0.6590095465393795
15.368525748662487,0.6587112171837709
15.370781968837358,0.6584128878281623
15.373038189012231,0.6581145584725537
15.373884271577808,0.6578162291169452
15.386293482539603,0.6575178997613366
15.387421592627039,0.6572195704057279
15.388549702714474,0.6566229116945107
15.391369977933065,0.6563245823389021
15.397010528370245,0.6560262529832935
15.400394858632554,0.655727923627685
15.400676886154413,0.6554295942720764
15.402651078807425,0.6551312649164678
15.403215133851143,0.6548329355608592
15.404625271460437,0.6545346062052506
15.406599464113452,0.654236276849642
15.407727574200887,0.6539379474940334
15.409983794375758,0.6536396181384249
15.410547849419476,0.6533412887828163
15.411675959506914,0.6530429594272077
15.411957987028773,0.652744630071599
15.413650152159926,0.6524463007159904
15.41534231729108,0.6521479713603818
15.423521115424991,0.6518496420047732
15.425495308078004,0.6515513126491647
15.427469500731018,0.6512529832935561
15.428033555774736,0.6509546539379475
15.428315583296595,0.6506563245823389
15.428597610818453,0.6503579952267303
15.430007748427748,0.6500596658711217
15.431135858515184,0.6497613365155132
15.43198194108076,0.6494630071599046
15.433392078690057,0.649164677804296
15.433674106211916,0.6488663484486874
15.433956133733775,0.6485680190930787
15.434238161255633,0.6482696897374701
15.435648298864928,0.6479713603818615
15.435930326386787,0.6473747016706444
15.438468574083519,0.6467780429594272
15.446647372217429,0.6464797136038186
15.453698060263903,0.64618138424821
15.459338610701085,0.6458830548926014
15.463851051050828,0.6455847255369929
15.465825243703842,0.6449880668257757
15.468363491400572,0.6446897374701671
15.469773629009866,0.6443914081145584
15.471183766619163,0.6440930787589498
15.47202984918474,0.6437947494033412
15.473157959272175,0.6434964200477327
15.473722014315893,0.6431980906921241
15.476542289534484,0.6428997613365155
15.478234454665637,0.6426014319809069
15.479644592274932,0.6420047732696897
15.482182839971664,0.6414081145584726
15.486695280321408,0.641109785202864
15.487541362886985,0.6408114558472554
15.488105417930703,0.6405131264916468
15.48895150049628,0.6402147971360382
15.489515555539997,0.6399164677804295
15.489797583061856,0.639618138424821
15.490643665627433,0.6393198090692124
15.49120772067115,0.6390214797136038
15.492335830758588,0.6387231503579952
15.4943100234116,0.6384248210023866
15.49684827110833,0.638126491646778
15.49995057384878,0.6378281622911695
15.500514628892498,0.6372315035799523
15.50248882154551,0.6369331742243437
15.506155179329678,0.6363365155131265
15.508129371982692,0.636038186157518
15.512641812332435,0.6357398568019093
15.513205867376152,0.6351431980906921
15.51405194994173,0.6348448687350835
15.517154252682179,0.6345465393794749
15.519128445335193,0.6342482100238663
15.519410472857052,0.6339498806682577
15.524204940728653,0.6336515513126492
15.52533305081609,0.6333532219570406
15.527025215947244,0.633054892601432
15.527307243469103,0.6327565632458234
15.52815332603468,0.6324582338902148
15.529845491165835,0.6321599045346062
15.53097360125327,0.6318615751789977
15.535486041603015,0.6315632458233891
15.538024289299745,0.6312649164677804
15.540844564518336,0.6309665871121718
15.54225470212763,0.6306682577565632
15.544510922302502,0.6303699284009546
15.54479294982436,0.630071599045346
15.549869445217823,0.6297732696897375
15.550151472739682,0.6294749403341289
15.554945940611285,0.6291766109785203
15.556920133264299,0.6288782816229117
15.557484188308017,0.6285799522673031
15.557766215829876,0.6282816229116945
15.55945838096103,0.627983293556086
15.560304463526606,0.6276849642004774
15.562560683701479,0.6273866348448688
15.567073124051221,0.6270883054892601
15.569047316704236,0.6267899761336515
15.572431646966542,0.6264916467780429
15.57299570201026,0.6261933174224343
15.573277729532121,0.6258949880668258
15.576380032272569,0.6255966587112172
15.576944087316287,0.6252983293556086
15.579482335013019,0.625
15.580046390056737,0.6247016706443914
15.580610445100454,0.6244033412887828
15.581174500144172,0.6241050119331742
15.582020582709749,0.6238066825775657
15.582302610231608,0.6235083532219571
15.582584637753467,0.6232100238663485
15.58455883040648,0.6229116945107399
15.587943160668788,0.6226133651551312
15.589353298278084,0.6223150357995226
15.593301683584109,0.622016706443914
15.593865738627827,0.6217183770883055
15.594711821193405,0.6214200477326969
15.596968041368276,0.6208233890214797
15.599506289065006,0.6202267303102625
15.600352371630585,0.619928400954654
15.602044536761738,0.6196300715990454
15.602608591805456,0.6193317422434368
15.605428867024045,0.6190334128878282
15.60740305967706,0.6187350835322196
15.608531169764495,0.6184367541766109
15.60965927985193,0.6181384248210023
15.610223334895649,0.6178400954653938
15.611633472504945,0.6175417661097852
15.61276158259238,0.6172434367541766
15.613607665157957,0.616945107398568
15.617274022942125,0.6166467780429594
15.61840213302956,0.6163484486873508
15.620094298160714,0.6160501193317423
15.620376325682573,0.6157517899761337
15.621504435770008,0.6154534606205251
15.622914573379305,0.6151551312649165
15.623196600901164,0.6148568019093079
15.623760655944881,0.6145584725536993
15.625452821076035,0.6142601431980907
15.625734848597894,0.613961813842482
15.62658093116347,0.6136634844868735
15.62714498620719,0.6133651551312649
15.631939454078791,0.6130668257756563
15.633913646731806,0.6127684964200477
15.634759729297382,0.6121718377088305
15.635887839384818,0.611873508353222
15.636169866906677,0.6115751789976134
15.63842608708155,0.6112768496420048
15.640682307256421,0.6109785202863962
15.642374472387575,0.6106801909307876
15.645194747606165,0.610381861575179
15.646040830171742,0.6094868735083532
15.646886912737319,0.6091885441527446
15.647732995302896,0.608890214797136
15.648861105390333,0.6085918854415274
15.649143132912192,0.6079952267303103
15.651117325565204,0.6076968973747017
15.651681380608922,0.6073985680190931
15.653373545740076,0.6071002386634845
15.654219628305654,0.6068019093078759
15.657321931046102,0.6065035799522673
15.658168013611679,0.6062052505966588
15.658450041133538,0.6059069212410502
15.658732068655397,0.6056085918854416
15.664090591570718,0.6053102625298329
15.666064784223732,0.6050119331742243
15.667192894311167,0.6044152744630071
15.667756949354885,0.60381861575179
15.668038976876744,0.6035202863961814
15.670577224573476,0.6032219570405728
15.671705334660912,0.6029236276849642
15.67226938970463,0.6026252983293556
15.672833444748347,0.602326968973747
15.673961554835783,0.6020286396181385
15.675935747488797,0.6017303102625299
15.682704408013413,0.6011336515513126
15.682986435535271,0.600835322195704
15.68326846305713,0.6005369928400954
15.685524683232002,0.6002386634844868
15.68608873827572,0.5999403341288783
15.686652793319437,0.5993436754176611
15.688062930928734,0.5990453460620525
15.68890901349431,0.5987470167064439
15.690037123581746,0.5984486873508353
15.693703481365914,0.5981503579952268
15.694267536409631,0.5978520286396182
15.695113618975208,0.5975536992840096
15.695677674018926,0.597255369928401
15.699344031803093,0.5969570405727923
15.699626059324952,0.5966587112171837
15.703856472152838,0.5963603818615751
15.70583066480585,0.5960620525059666
15.706394719849568,0.595763723150358
15.706958774893286,0.5954653937947494
15.707804857458862,0.5951670644391408
15.709214995068159,0.5948687350835322
15.710343105155594,0.5945704057279236
15.71147121524303,0.594272076372315
15.711753242764889,0.5939737470167065
15.713445407896042,0.5933770883054893
15.718803930811363,0.5930787589498807
15.719085958333222,0.5927804295942721
15.721624206029954,0.5924821002386634
15.723316371161108,0.5921837708830548
15.724726508770404,0.5918854415274463
15.726700701423416,0.5915871121718377
15.726982728945275,0.5912887828162291
15.728956921598288,0.5909904534606205
15.729238949120147,0.5906921241050119
15.732059224338737,0.5903937947494033
15.732341251860596,0.5900954653937948
15.732623279382455,0.5897971360381862
15.732905306904314,0.589200477326969
15.733187334426173,0.5889021479713604
15.735725582122905,0.5886038186157518
15.736289637166623,0.5883054892601431
15.737981802297776,0.5880071599045346
15.739955994950789,0.587708830548926
15.740802077516365,0.5874105011933174
15.74277627016938,0.5868138424821002
15.743340325213097,0.5865155131264916
15.744468435300533,0.586217183770883
15.744750462822392,0.5859188544152745
15.74531451786611,0.5856205250596659
15.745596545387968,0.5850238663484487
15.749262903172136,0.5847255369928401
15.749544930693995,0.5838305489260143
15.75067304078143,0.5835322195704057
15.751801150868868,0.5829355608591885
15.752365205912586,0.5826372315035799
15.753211288478163,0.5823389021479713
15.75631359121861,0.5820405727923628
15.75941589395906,0.5817422434367542
15.75969792148092,0.5814439140811456
15.759979949002778,0.581145584725537
15.760826031568355,0.5808472553699284
15.766184554483676,0.5802505966587113
15.766466582005535,0.5799522673031027
15.766748609527394,0.579653937947494
15.76815874713669,0.5793556085918854
15.768440774658549,0.5790572792362768
15.769004829702267,0.5787589498806682
15.770414967311561,0.5784606205250596
15.771825104920856,0.5781622911694511
15.772389159964574,0.5775656324582339
15.773517270052011,0.5772673031026253
15.774927407661306,0.5769689737470167
15.7763375452706,0.5766706443914081
15.778311737923612,0.576073985680191
15.779721875532909,0.5757756563245824
15.780849985620344,0.5754773269689738
15.782260123229639,0.5751789976133651
15.783670260838933,0.5748806682577565
15.78479837092637,0.5745823389021479
15.786208508535665,0.5742840095465394
15.788182701188678,0.5736873508353222
15.788746756232396,0.5733890214797136
15.789028783754254,0.573090692124105
15.791002976407269,0.5727923627684964
15.791285003929127,0.5724940334128878
15.792413114016563,0.5721957040572793
15.792695141538422,0.5718973747016707
15.793541224103999,0.5715990453460621
15.794669334191434,0.5707040572792362
15.794951361713293,0.5704057279236276
15.795233389235154,0.5701073985680191
15.79607947180073,0.5698090692124105
15.79636149932259,0.5695107398568019
15.796925554366307,0.5692124105011933
15.797207581888166,0.5689140811455847
15.798335691975602,0.5686157517899761
15.800873939672334,0.5683174224343676
15.801155967194193,0.568019093078759
15.80200204975977,0.5677207637231504
15.805104352500218,0.5671241050119332
15.805386380022076,0.5668257756563246
15.805668407543935,0.5665274463007159
15.80736057267509,0.5662291169451074
15.811590985502976,0.5659307875894988
15.811873013024835,0.5656324582338902
15.812155040546694,0.5653341288782816
15.812719095590412,0.565035799522673
15.813847205677847,0.5644391408114559
15.814129233199706,0.5641408114558473
15.81582139833086,0.5638424821002387
15.817795590983874,0.5632458233890215
15.818077618505733,0.5629474940334129
15.81864167354945,0.5626491646778043
15.819205728593168,0.5623508353221957
15.820051811158745,0.5620525059665871
15.823436141421054,0.5617541766109785
15.824000196464771,0.5614558472553699
15.824846279030348,0.5611575178997613
15.82992277442381,0.5608591885441527
15.830768856989387,0.5605608591885441
15.8327430496424,0.559964200477327
15.833307104686119,0.5596658711217184
15.834153187251696,0.5593675417661098
15.834435214773555,0.5587708830548926
15.834717242295413,0.5584725536992841
15.836409407426567,0.5581742243436754
15.837255489992144,0.5578758949880668
15.842049957863747,0.5572792362768496
15.845152260604197,0.556980906921241
15.845434288126055,0.5566825775656324
15.847126453257209,0.5563842482100239
15.847408480779068,0.5560859188544153
15.849100645910221,0.5557875894988067
15.8499467284758,0.5554892601431981
15.850792811041376,0.5551909307875895
15.851074838563235,0.5548926014319809
15.851638893606953,0.5545942720763724
15.851920921128812,0.5542959427207638
15.852767003694389,0.5539976133651552
15.854177141303683,0.5531026252983293
15.857279444044133,0.5528042959427207
15.857561471565992,0.5525059665871122
15.857843499087851,0.5522076372315036
15.858971609175287,0.5516109785202864
15.859253636697145,0.5513126491646778
15.860099719262724,0.5510143198090692
15.861509856872019,0.5507159904534606
15.865176214656184,0.5504176610978521
15.865458242178045,0.5501193317422435
15.86658635226548,0.5498210023866349
15.867150407309198,0.5495226730310262
15.868842572440352,0.548926014319809
15.870816765093366,0.5483293556085919
15.87222690270266,0.5477326968973747
15.872790957746378,0.5474343675417661
15.873072985268237,0.5468377088305489
15.873637040311955,0.5465393794749404
15.875329205443109,0.5462410501193318
15.876457315530546,0.5459427207637232
15.876739343052405,0.5456443914081146
15.877585425617982,0.545346062052506
15.8781494806617,0.5450477326968973
15.878431508183558,0.5447494033412887
15.879277590749135,0.5444510739856802
15.879559618270994,0.543854415274463
15.880123673314712,0.5435560859188544
15.88040570083657,0.5432577565632458
15.881533810924006,0.5429594272076372
15.884354086142597,0.5426610978520287
15.885482196230033,0.5423627684964201
15.885764223751892,0.5420644391408115
15.887456388883047,0.5417661097852029
15.887738416404906,0.5414677804295943
15.88943058153606,0.540871121718377
15.890558691623495,0.5402744630071599
15.891122746667213,0.5396778042959427
15.891404774189072,0.5393794749403341
15.892250856754648,0.5390811455847255
15.892814911798368,0.538782816229117
15.89478910445138,0.5384844868735084
15.895353159495098,0.5381861575178998
15.901839792497855,0.5378878281622912
15.902121820019714,0.5375894988066826
15.902685875063431,0.537291169451074
15.90353195762901,0.5369928400954654
15.905224122760163,0.5366945107398569
15.907480342935035,0.5363961813842482
15.908890480544331,0.5360978520286396
15.909454535588049,0.535799522673031
15.910018590631767,0.5355011933174224
15.910864673197343,0.5352028639618138
15.911428728241061,0.5349045346062052
15.912556838328497,0.5346062052505967
15.912838865850356,0.5343078758949881
15.914249003459652,0.5340095465393795
15.915095086025229,0.5337112171837709
15.915941168590805,0.5334128878281623
15.918479416287536,0.5328162291169452
15.919043471331253,0.5325178997613366
15.919325498853112,0.5322195704057279
15.92045360894055,0.5316229116945107
15.922427801593562,0.5313245823389021
15.92299185663728,0.5310262529832935
15.923273884159139,0.530727923627685
15.923555911680998,0.5304295942720764
15.923837939202857,0.5301312649164678
15.924684021768433,0.5298329355608592
15.924966049290294,0.5295346062052506
15.92581213185587,0.529236276849642
15.926376186899589,0.5286396181384249
15.927222269465165,0.5283412887828163
15.928914434596319,0.527744630071599
15.930042544683754,0.5274463007159904
15.930606599727474,0.5271479713603818
15.931170654771192,0.5268496420047732
15.93145268229305,0.5265513126491647
15.932016737336768,0.5262529832935561
15.932580792380486,0.5256563245823389
15.932862819902345,0.5253579952267303
15.933144847424204,0.5250596658711217
15.933426874946063,0.5247613365155132
15.933708902467922,0.5244630071599046
15.93399092998978,0.524164677804296
15.935119040077216,0.5238663484486874
15.935683095120934,0.5232696897374701
15.936247150164654,0.5229713603818615
15.93737526025209,0.5223747016706444
15.93991350794882,0.5220763723150358
15.940759590514396,0.5217780429594272
15.941887700601834,0.5214797136038186
15.942169728123693,0.52118138424821
15.944425948298564,0.5205847255369929
15.94527203086414,0.5202863961813843
15.945554058386,0.5199880668257757
15.946400140951576,0.5187947494033412
15.947246223517155,0.5184964200477327
15.94865636112645,0.5181980906921241
15.950348526257603,0.5178997613365155
15.950630553779462,0.5176014319809069
15.951758663866897,0.5170047732696897
15.953732856519911,0.5167064439140812
15.955989076694783,0.5164081145584726
15.9565531317385,0.516109785202864
15.958245296869656,0.5158114558472554
15.958809351913374,0.5155131264916468
15.95993746200081,0.5152147971360382
15.961065572088245,0.5149164677804295
15.961629627131963,0.514618138424821
15.963885847306836,0.5143198090692124
15.964449902350554,0.5140214797136038
15.965860039959848,0.5137231503579952
15.966988150047284,0.5134248210023866
15.968962342700298,0.513126491646778
15.969244370222157,0.5125298329355609
15.969808425265875,0.5122315035799523
15.972064645440746,0.5119331742243437
15.972628700484464,0.5116348448687351
15.973192755528181,0.5113365155131265
15.97347478305004,0.511038186157518
15.973756810571901,0.5107398568019093
15.975448975703054,0.5104415274463007
15.975731003224913,0.5098448687350835
15.977987223399785,0.5095465393794749
15.980525471096517,0.5092482100238663
15.981653581183952,0.5089498806682577
15.983627773836965,0.5086515513126492
15.98503791144626,0.5083532219570406
15.98531993896812,0.508054892601432
15.986448049055555,0.5077565632458234
15.987576159142991,0.5068615751789977
15.988704269230427,0.5065632458233891
15.989268324274144,0.5062649164677804
15.991806571970876,0.5059665871121718
15.994344819667607,0.5056682577565632
15.99660103984248,0.5053699284009546
15.997729149929915,0.505071599045346
15.998293204973633,0.5047732696897375
15.999703342582928,0.5041766109785203
16.000831452670365,0.5038782816229117
16.003087672845236,0.5032816229116945
16.003369700367095,0.502983293556086
16.004215782932672,0.5026849642004774
16.005343893020108,0.5020883054892601
16.008164168238697,0.5014916467780429
16.008446195760555,0.5011933174224343
16.009856333369854,0.5008949880668258
16.011830526022866,0.5002983293556086
16.012112553544725,0.5
16.0129586361103,0.4997016706443914
16.01380471867588,0.49940334128878283
16.014368773719596,0.49910501193317425
16.01577891132889,0.4988066825775656
16.016907021416326,0.498508353221957
16.017471076460044,0.49821002386634844
16.018035131503762,0.49791169451073986
16.01859918654748,0.49761336515513127
16.01888121406934,0.4973150357995227
16.020573379200496,0.49671837708830546
16.02226554433165,0.4964200477326969
16.023393654419085,0.4961217183770883
16.023675681940944,0.4958233890214797
16.02423973698466,0.4955250596658711
16.025085819550238,0.49492840095465396
16.027906094768827,0.4946300715990454
16.028188122290686,0.49433174224343673
16.028752177334404,0.49403341288782815
16.02931623237812,0.49373508353221957
16.0301623149437,0.493436754176611
16.03072636998742,0.4931384248210024
16.032136507596714,0.4928400954653938
16.032418535118573,0.49254176610978523
16.032700562640432,0.4922434367541766
16.03326461768415,0.491945107398568
16.036366920424598,0.4916467780429594
16.036648947946457,0.49105011933174225
16.036930975468316,0.49075178997613367
16.037213002990175,0.4904534606205251
16.037495030512034,0.49015513126491644
16.037777058033893,0.48985680190930786
16.038905168121328,0.4895584725536993
16.039187195643187,0.4892601431980907
16.039751250686905,0.4889618138424821
16.04059733325248,0.4886634844868735
16.04087936077434,0.48836515513126494
16.042853553427356,0.4880668257756563
16.043135580949215,0.4877684964200477
16.045109773602228,0.48717183770883055
16.045391801124087,0.4862768496420048
16.045955856167804,0.48597852028639615
16.04708396625524,0.48568019093078757
16.049058158908252,0.485381861575179
16.04990424147383,0.4850835322195704
16.050186268995688,0.4847852028639618
16.050468296517547,0.48448687350835323
16.050750324039406,0.48418854415274465
16.05187843412684,0.48389021479713606
16.054134654301716,0.4835918854415274
16.055262764389152,0.48329355608591884
16.056672901998446,0.48299522673031026
16.057236957042164,0.48269689737470167
16.057801012085882,0.4823985680190931
16.05808303960774,0.4818019093078759
16.059211149695177,0.4815035799522673
16.06090331482633,0.4812052505966587
16.06118534234819,0.4809069212410501
16.061749397391907,0.4806085918854415
16.062877507479342,0.48031026252983294
16.063723590044923,0.48001193317422436
16.06682589278537,0.4797136038186158
16.068236030394665,0.47941527446300713
16.069082112960242,0.47911694510739855
16.071056305613254,0.47881861575178997
16.07190238817883,0.4785202863961814
16.074158608353706,0.4782219570405728
16.074440635875565,0.4779236276849642
16.074722663397424,0.477326968973747
16.075004690919283,0.4767303102625298
16.07528671844114,0.47643198090692124
16.075568745963,0.47583532219570407
16.076132801006718,0.4755369928400955
16.07810699365973,0.4752386634844869
16.078953076225307,0.47494033412887826
16.079799158790884,0.4746420047732697
16.080081186312743,0.4743436754176611
16.081773351443896,0.4740453460620525
16.082901461531332,0.47344868735083534
16.085721736749925,0.47315035799522676
16.086003764271783,0.4728520286396181
16.0865678193155,0.47255369928400953
16.08684984683736,0.47225536992840095
16.08713187435922,0.47195704057279236
16.087413901881078,0.4716587112171838
16.088824039490373,0.4713603818615752
16.089952149577808,0.4710620525059666
16.090516204621526,0.47076372315035797
16.09164431470896,0.4704653937947494
16.093054452318256,0.4701670644391408
16.094182562405692,0.4698687350835322
16.09502864497127,0.46957040572792363
16.095310672493127,0.46927207637231505
16.096438782580567,0.46897374701670647
16.09813094771172,0.46837708830548924
16.09841297523358,0.46807875894988066
16.099259057799156,0.4677804295942721
16.099823112842873,0.4674821002386635
16.100105140364732,0.4671837708830549
16.10038716788659,0.4668854415274463
16.101515277974027,0.4665871121718377
16.101797305495886,0.4662887828162291
16.102361360539604,0.46569212410501193
16.10348947062704,0.46539379474940334
16.104617580714475,0.46509546539379476
16.104899608236334,0.4647971360381862
16.10574569080191,0.46420047732696895
16.108283938498644,0.46390214797136037
16.108565966020503,0.4636038186157518
16.10913002106422,0.4633054892601432
16.110258131151657,0.4630071599045346
16.110540158673516,0.46270883054892603
16.110822186195374,0.46241050119331745
16.11166826876095,0.4621121718377088
16.11195029628281,0.4618138424821002
16.11223232380467,0.46121718377088305
16.11420651645768,0.46091885441527447
16.115052599023258,0.4606205250596659
16.115334626545117,0.4603221957040573
16.116180709110694,0.4597255369928401
16.11674476415441,0.4591288782816229
16.11702679167627,0.4588305489260143
16.11759084671999,0.45853221957040574
16.119565039373004,0.4579355608591885
16.120129094416722,0.45763723150357993
16.122103287069734,0.45704057279236276
16.124077479722747,0.4567422434367542
16.124641534766464,0.4564439140811456
16.125205589810182,0.456145584725537
16.12605167237576,0.45584725536992843
16.126333699897618,0.4555489260143198
16.128025865028775,0.4552505966587112
16.128307892550634,0.45465393794749404
16.12887194759435,0.45435560859188545
16.130000057681787,0.45405727923627687
16.130564112725505,0.45346062052505964
16.131128167769223,0.45316229116945106
16.131410195291082,0.4528639618138425
16.13225627785666,0.4525656324582339
16.132538305378517,0.4522673031026253
16.133102360422235,0.4519689737470167
16.133666415465953,0.45167064439140814
16.135922635640824,0.4510739856801909
16.136204663162683,0.4498806682577566
16.136486690684542,0.449582338902148
16.1367687182064,0.44928400954653935
16.138742910859413,0.44898568019093077
16.139306965903135,0.4486873508353222
16.14043507599057,0.4483890214797136
16.142409268643583,0.448090692124105
16.1429733236873,0.44779236276849643
16.14325535120916,0.4471957040572792
16.144101433774736,0.4468973747016706
16.14551157138403,0.44659904534606204
16.14607562642775,0.44630071599045346
16.14833184660262,0.44600238663484487
16.14861387412448,0.4454057279236277
16.148895901646338,0.4451073985680191
16.149177929168196,0.4448090692124105
16.149459956690055,0.4442124105011933
16.149741984211918,0.4439140811455847
16.150024011733777,0.44361575178997614
16.150306039255636,0.44331742243436756
16.15143414934307,0.443019093078759
16.152280231908648,0.44242243436754175
16.153408341996084,0.44212410501193317
16.15425442456166,0.4418257756563246
16.155100507127237,0.441527446300716
16.155382534649096,0.4412291169451074
16.155664562170955,0.44093078758949883
16.15651064473653,0.4406324582338902
16.15679267225839,0.4403341288782816
16.15707469978025,0.440035799522673
16.158202809867685,0.43973747016706444
16.158766864911403,0.43943914081145585
16.159048892433262,0.43914081145584727
16.15933091995512,0.4388424821002387
16.15989497499884,0.43854415274463004
16.160177002520697,0.43824582338902146
16.16074105756442,0.4379474940334129
16.161023085086278,0.4373508353221957
16.161587140129996,0.4370525059665871
16.163561332783008,0.43645584725536996
16.16553552543602,0.4361575178997613
16.166381608001597,0.43585918854415273
16.166663635523456,0.43526252983293556
16.167227690567174,0.4343675417661098
16.168637828176468,0.4337708830548926
16.169201883220186,0.433472553699284
16.170047965785763,0.43287589498806683
16.17061202082948,0.43257756563245825
16.17089404835134,0.43227923627684967
16.1711760758732,0.43168257756563244
16.17202215843878,0.43138424821002386
16.172304185960638,0.4310859188544153
16.175970543744803,0.4307875894988067
16.17653459878852,0.4301909307875895
16.17709865383224,0.4298926014319809
16.177662708875957,0.4292959427207637
16.178226763919675,0.42899761336515513
16.17963690152897,0.42840095465393796
16.179918929050828,0.4278042959427208
16.180200956572687,0.42750596658711215
16.181047039138264,0.42720763723150357
16.18161109418198,0.426909307875895
16.18189312170384,0.4266109785202864
16.182457176747562,0.42571599045346065
16.18330325931314,0.425417661097852
16.184431369400574,0.4251193317422434
16.18527745196615,0.42482100238663484
16.18584150700987,0.42452267303102625
16.186405562053586,0.42422434367541767
16.186687589575445,0.4236276849642005
16.187533672141022,0.42332935560859186
16.18781569966288,0.4227326968973747
16.188661782228458,0.4224343675417661
16.189507864794034,0.4221360381861575
16.190071919837752,0.42183770883054894
16.191200029925188,0.42153937947494036
16.191482057447047,0.4212410501193317
16.192046112490765,0.42094272076372313
16.193174222578204,0.42064439140811455
16.19373827762192,0.4197494033412888
16.19430233266564,0.4194510739856802
16.195430442753075,0.41915274463007157
16.195994497796793,0.418854415274463
16.196276525318652,0.4182577565632458
16.19712260788423,0.41795942720763724
16.197404635406087,0.41766109785202865
16.197686662927946,0.41736276849642007
16.19909680053724,0.4170644391408115
16.1993788280591,0.41676610978520284
16.199942883102818,0.41646778042959426
16.200788965668394,0.4155727923627685
16.202481130799548,0.4152744630071599
16.203327213365124,0.41497613365155134
16.203891268408846,0.4146778042959427
16.204737350974423,0.4143794749403341
16.20501937849628,0.41408114558472553
16.206147488583717,0.41378281622911695
16.206429516105576,0.4131861575178998
16.20755762619301,0.4128878281622912
16.208967763802306,0.41258949880668255
16.209249791324165,0.41229116945107397
16.209531818846024,0.4119928400954654
16.211223983977177,0.4116945107398568
16.21291614910833,0.4113961813842482
16.214608314239488,0.41109785202863963
16.214890341761347,0.41079952267303105
16.215172369283206,0.4105011933174224
16.215454396805065,0.4102028639618138
16.216018451848782,0.40990453460620524
16.218556699545513,0.40960620525059666
16.21940278211109,0.40930787589498807
16.220530892198525,0.4090095465393795
16.220812919720384,0.4087112171837709
16.2213769747641,0.4084128878281623
16.22194102980782,0.4078162291169451
16.22222305732968,0.40692124105011934
16.223915222460832,0.4063245823389022
16.22419724998269,0.40602625298329353
16.22476130502641,0.40572792362768495
16.225889415113848,0.40542959427207637
16.227299552723142,0.4051312649164678
16.228427662810578,0.4048329355608592
16.228709690332437,0.4045346062052506
16.229273745376155,0.40423627684964203
16.229555772898014,0.4039379474940334
16.23011982794173,0.4036396181384248
16.231529965551026,0.4033412887828162
16.232376048116603,0.40274463007159905
16.23265807563846,0.40244630071599047
16.233786185725897,0.40184964200477324
16.234350240769615,0.4012529832935561
16.23519632333519,0.4009546539379475
16.23547835085705,0.4006563245823389
16.23576037837891,0.4003579952267303
16.23604240590077,0.40005966587112174
16.23660646094449,0.3997613365155131
16.237170515988208,0.3994630071599045
16.240554846250514,0.39916467780429593
16.24140092881609,0.39886634844868735
16.24196498385981,0.39856801909307876
16.242247011381668,0.3982696897374702
16.242529038903527,0.39737470167064437
16.243093093947245,0.3970763723150358
16.243375121469104,0.3967780429594272
16.243657148990962,0.3964797136038186
16.24393917651282,0.39618138424821003
16.24450323155654,0.39558472553699287
16.245067286600257,0.3952863961813842
16.246195396687693,0.39498806682577564
16.24647742420955,0.39468973747016706
16.24675945173141,0.3943914081145585
16.247323506775132,0.3940930787589499
16.24816958934071,0.3934964200477327
16.249861754471862,0.3931980906921241
16.25070783703744,0.3928997613365155
16.250989864559298,0.3926014319809069
16.251553919603015,0.39230310262529833
16.251835947124874,0.39200477326968974
16.252117974646733,0.39170644391408116
16.25268202969045,0.39110978520286394
16.253528112256028,0.39081145584725535
16.254938249865322,0.39051312649164677
16.258322580127633,0.389618138424821
16.25916866269321,0.38931980906921243
16.25945069021507,0.38902147971360385
16.260296772780645,0.3887231503579952
16.26170691038994,0.3884248210023866
16.2619889379118,0.38812649164677804
16.262835020477375,0.38782816229116945
16.26396313056481,0.38752983293556087
16.265655295695964,0.3872315035799523
16.26650137826154,0.3869331742243437
16.267629488348977,0.3863365155131265
16.267911515870836,0.3857398568019093
16.268475570914553,0.3854415274463007
16.268757598436416,0.38514319809069214
16.269039625958275,0.38484486873508356
16.269603681001993,0.3845465393794749
16.271577873655005,0.38394988066825775
16.274962203917312,0.38365155131264916
16.27524423143917,0.3833532219570406
16.27552625896103,0.383054892601432
16.276090314004747,0.3827565632458234
16.277500451614042,0.38245823389021477
16.279192616745195,0.3821599045346062
16.280038699310776,0.3818615751789976
16.280884781876352,0.38096658711217185
16.28116680939821,0.38066825775656327
16.28144883692007,0.3803699284009546
16.283141002051224,0.37977326968973746
16.284833167182377,0.3794749403341289
16.285961277269813,0.3791766109785203
16.28708938735725,0.3788782816229117
16.287653442400966,0.37828162291169454
16.288217497444684,0.3779832935560859
16.28906358001026,0.3776849642004773
16.289909662575838,0.37738663484486873
16.290191690097696,0.37708830548926014
16.291037772663277,0.37678997613365156
16.291601827706994,0.376491646778043
16.291883855228853,0.3761933174224344
16.292165882750712,0.37589498806682575
16.29244791027257,0.375
16.29272993779443,0.37440334128878283
16.29301196531629,0.37410501193317425
16.294140075403725,0.3738066825775656
16.29526818549116,0.373508353221957
16.29555021301302,0.37321002386634844
16.296678323100455,0.3720167064439141
16.298652515753467,0.37171837708830546
16.298934543275326,0.3714200477326969
16.299216570797185,0.3711217183770883
16.299780625840903,0.3708233890214797
16.30062670840648,0.37022673031026254
16.30147279097206,0.36992840095465396
16.302318873537637,0.3696300715990454
16.302882928581354,0.36933174224343673
16.30401103866879,0.36903341288782815
16.304857121234367,0.36873508353221957
16.305703203799943,0.3681384248210024
16.30936956158411,0.36754176610978523
16.309933616627827,0.3672434367541766
16.31247186432456,0.3666467780429594
16.313317946890137,0.36634844868735084
16.314446056977573,0.36605011933174225
16.314728084499432,0.36575178997613367
16.31529213954315,0.36515513126491644
16.315856194586868,0.36485680190930786
16.316138222108727,0.3642601431980907
16.316420249630585,0.3639618138424821
16.316984304674303,0.3636634844868735
16.31754835971802,0.36336515513126494
16.32065066245847,0.3630668257756563
16.321214717502187,0.3627684964200477
16.322060800067764,0.36247016706443913
16.322906882633344,0.36187350835322196
16.32375296519892,0.3615751789976134
16.324599047764497,0.36097852028639615
16.324881075286356,0.36068019093078757
16.325163102808215,0.3600835322195704
16.325727157851933,0.35948687350835323
16.32685526793937,0.35918854415274465
16.327137295461227,0.35889021479713606
16.328547433070522,0.3585918854415274
16.3293935156361,0.35799522673031026
16.330239598201675,0.35769689737470167
16.332777845898406,0.3573985680190931
16.334470011029563,0.3568019093078759
16.33475203855142,0.3565035799522673
16.33503406607328,0.3562052505966587
16.33531609359514,0.3559069212410501
16.335880148638857,0.3556085918854415
16.336444203682575,0.35501193317422436
16.336726231204434,0.3547136038186158
16.33729028624815,0.35441527446300713
16.33757231377001,0.35411694510739855
16.33785434129187,0.35381861575178997
16.338418396335587,0.3535202863961814
16.339264478901164,0.3532219570405728
16.34011056146674,0.3529236276849642
16.34067461651046,0.35262529832935563
16.342366781641612,0.352326968973747
16.343494891729048,0.35143198090692124
16.343776919250907,0.35113365155131265
16.344340974294624,0.35083532219570407
16.345187056860205,0.3505369928400955
16.345469084382064,0.3502386634844869
16.345751111903922,0.34994033412887826
16.347725304556935,0.3496420047732697
16.348289359600653,0.3493436754176611
16.34857138712251,0.3490453460620525
16.34913544216623,0.34844868735083534
16.35110963481924,0.34815035799522676
16.35167368986296,0.3478520286396181
16.352237744906677,0.34755369928400953
16.352519772428536,0.34725536992840095
16.353083827472254,0.34695704057279236
16.353365854994113,0.3466587112171838
16.35392991003783,0.3463603818615752
16.35449396508155,0.34576372315035797
16.355058020125266,0.3448687350835322
16.356750185256423,0.34427207637231505
16.357032212778282,0.34397374701670647
16.35731424030014,0.3436754176610978
16.358724377909436,0.34337708830548924
16.359006405431295,0.3427804295942721
16.36041654304059,0.3421837708830549
16.361262625606166,0.3415871121718377
16.361544653128025,0.3409904534606205
16.361826680649884,0.34069212410501193
16.3623907356936,0.34009546539379476
16.36323681825918,0.3397971360381862
16.363518845781037,0.3394988066825776
16.364364928346614,0.33920047732696895
16.36549303843405,0.33890214797136037
16.36633912099963,0.3386038186157518
16.36662114852149,0.3383054892601432
16.367185203565207,0.3380071599045346
16.367467231087065,0.33770883054892603
16.3685953411745,0.33741050119331745
16.36887736869636,0.3371121718377088
16.36915939621822,0.3368138424821002
16.370287506305655,0.33651551312649164
16.370851561349372,0.33621718377088305
16.37113358887123,0.33591885441527447
16.373107781524244,0.3353221957040573
16.374517919133538,0.33502386634844866
16.375081974177256,0.3347255369928401
16.37621008426469,0.3344272076372315
16.37677413930841,0.3341288782816229
16.377056166830272,0.3338305489260143
16.37762022187399,0.33353221957040574
16.37790224939585,0.33323389021479716
16.378466304439566,0.3329355608591885
16.378748331961425,0.33204057279236276
16.380722524614438,0.3317422434367542
16.381004552136297,0.331145584725537
16.381286579658155,0.33084725536992843
16.381850634701873,0.3305489260143198
16.382132662223732,0.3302505966587112
16.383260772311168,0.32965393794749404
16.384388882398603,0.32935560859188545
16.384670909920462,0.32905727923627687
16.38523496496418,0.3287589498806683
16.38551699248604,0.32846062052505964
16.386081047529757,0.3278639618138425
16.386927130095334,0.3275656324582339
16.38749118513905,0.3272673031026253
16.38861929522649,0.3269689737470167
16.38890132274835,0.32667064439140814
16.390029432835785,0.3263723150357995
16.390311460357644,0.3260739856801909
16.390593487879503,0.32577565632458233
16.390875515401362,0.32517899761336516
16.39143957044508,0.3248806682577566
16.393413763098092,0.324582338902148
16.39397781814181,0.3236873508353222
16.394823900707387,0.3233890214797136
16.395387955751104,0.323090692124105
16.395952010794822,0.32279236276849643
16.39623403831668,0.32249403341288785
16.3967980933604,0.3218973747016706
16.397926203447835,0.32159904534606204
16.39961836857899,0.32130071599045346
16.40018242362271,0.32100238663484487
16.401310533710145,0.3207040572792363
16.401874588753863,0.3201073985680191
16.40243864379758,0.3195107398568019
16.40272067131944,0.3192124105011933
16.40525891901617,0.3189140811455847
16.406105001581746,0.31861575178997614
16.406387029103605,0.31831742243436756
16.408361221756618,0.318019093078759
16.408643249278477,0.31772076372315033
16.409771359365916,0.31742243436754175
16.410053386887775,0.3168257756563246
16.410335414409634,0.316527446300716
16.41118149697521,0.3162291169451074
16.412873662106364,0.31593078758949883
16.413155689628223,0.3156324582338902
16.4140017721938,0.3153341288782816
16.414565827237517,0.31473747016706444
16.41625799236867,0.31443914081145585
16.41654001989053,0.3138424821002387
16.417104074934247,0.31324582338902146
16.417386102456106,0.3129474940334129
16.41907826758726,0.3123508353221957
16.41936029510912,0.3120525059665871
16.421052460240276,0.31175417661097854
16.421616515283993,0.31145584725536996
16.421898542805852,0.31056085918854415
16.42218057032771,0.31026252983293556
16.42246259784957,0.309964200477327
16.42274462537143,0.3096658711217184
16.424436790502583,0.3093675417661098
16.42471881802444,0.30906921241050117
16.4250008455463,0.3087708830548926
16.426410983155595,0.308472553699284
16.426693010677454,0.3081742243436754
16.42725706572117,0.30787589498806683
16.42753909324303,0.30757756563245825
16.42810314828675,0.30727923627684967
16.429231258374184,0.306980906921241
16.43007734093976,0.30668257756563244
16.43035936846162,0.30638424821002386
16.43148747854906,0.3057875894988067
16.432051533592777,0.3048926014319809
16.43374369872393,0.3045942720763723
16.434307753767648,0.30399761336515513
16.434871808811366,0.30340095465393796
16.435153836333225,0.3031026252983294
16.4359999188988,0.3028042959427208
16.436846001464378,0.30250596658711215
16.437128028986237,0.30220763723150357
16.437692084029955,0.301909307875895
16.43910222163925,0.3016109785202864
16.440512359248544,0.3013126491646778
16.44135844181412,0.30101431980906923
16.44164046933598,0.30071599045346065
16.4422045243797,0.300417661097852
16.44248655190156,0.29982100238663484
16.44276857942342,0.29952267303102625
16.443050606945278,0.29922434367541767
16.444178717032713,0.2989260143198091
16.44530682712015,0.2986276849642005
16.445588854642008,0.29832935560859186
16.446152909685726,0.2980310262529833
16.448409129860597,0.2977326968973747
16.450665350035468,0.2974343675417661
16.450947377557327,0.29653937947494036
16.451793460122904,0.2962410501193317
16.45376765277592,0.29564439140811455
16.45658792799451,0.29534606205250596
16.457716038081944,0.2950477326968974
16.45856212064752,0.2947494033412888
16.45912617569124,0.2944510739856802
16.459408203213098,0.293854415274463
16.459690230734957,0.2935560859188544
16.459972258256816,0.2932577565632458
16.460818340822392,0.29295942720763724
16.46110036834425,0.29266109785202865
16.463356588519122,0.29236276849642007
16.463638616040985,0.2920644391408115
16.463920643562844,0.29176610978520284
16.46730497382515,0.29146778042959426
16.468433083912586,0.2911694510739857
16.469561194000022,0.2905727923627685
16.46984322152188,0.2902744630071599
16.47012524904374,0.28997613365155134
16.4704072765656,0.2896778042959427
16.470971331609316,0.2893794749403341
16.47266349674047,0.28908114558472553
16.473227551784188,0.28878281622911695
16.473791606827906,0.2881861575178998
16.474637689393486,0.2878878281622912
16.475201744437204,0.28758949880668255
16.47604782700278,0.28729116945107397
16.477457964612075,0.2869928400954654
16.477739992133934,0.28579952267303105
16.479714184786946,0.2855011933174224
16.480278239830664,0.2852028639618138
16.480560267352523,0.28490453460620524
16.480842294874382,0.28460620525059666
16.4814063499181,0.2837112171837709
16.48168837743996,0.2831145584725537
16.481970404961817,0.2828162291169451
16.482534460005535,0.2825178997613365
16.484508652658548,0.2822195704057279
16.485354735224128,0.28162291169451076
16.486482845311563,0.2813245823389022
16.48704690035528,0.28102625298329353
16.487892982920858,0.28072792362768495
16.488175010442717,0.2798329355608592
16.48958514805201,0.2795346062052506
16.49014920309573,0.27923627684964203
16.490431230617588,0.2786396181384248
16.490713258139447,0.2783412887828162
16.491559340705024,0.27804295942720764
16.491841368226883,0.27774463007159905
16.493533533358036,0.27744630071599047
16.493815560879895,0.2771479713603819
16.494379615923613,0.27655131264916466
16.49522569848919,0.2762529832935561
16.49550772601105,0.2756563245823389
16.495789753532907,0.2753579952267303
16.49635380857663,0.27505966587112174
16.496635836098488,0.2744630071599045
16.497199891142206,0.27416467780429593
16.498045973707782,0.27386634844868735
16.49832800122964,0.27356801909307876
16.4986100287515,0.2732696897374702
16.49889205627336,0.2729713603818616
16.499174083795218,0.27237470167064437
16.499456111317077,0.2720763723150358
16.500020166360795,0.2717780429594272
16.50086624892637,0.27118138424821003
16.503122469101243,0.27088305489260145
16.5034044966231,0.27058472553699287
16.50368652414496,0.2702863961813842
16.50396855166682,0.2693914081145585
16.504532606710537,0.2690930787589499
16.505096661754255,0.2687947494033413
16.505660716797973,0.2684964200477327
16.50594274431983,0.2681980906921241
16.50622477184169,0.2678997613365155
16.50735288192913,0.2676014319809069
16.508198964494706,0.26730310262529833
16.508480992016565,0.26700477326968974
16.508763019538424,0.26670644391408116
16.509327074582142,0.2664081145584726
16.509609102104,0.26610978520286394
16.51017315714772,0.26581145584725535
16.511019239713296,0.2652147971360382
16.511865322278872,0.2649164677804296
16.51242937732259,0.26431980906921243
16.513275459888167,0.26402147971360385
16.513839514931885,0.2637231503579952
16.514121542453744,0.2634248210023866
16.514403569975602,0.26312649164677804
16.516659790150474,0.26282816229116945
16.51722384519419,0.26252983293556087
16.51750587271605,0.2622315035799523
16.518069927759772,0.26163484486873506
16.51835195528163,0.2613365155131265
16.51863398280349,0.2607398568019093
16.51891601032535,0.26014319809069214
16.519198037847207,0.25984486873508356
16.519762092890925,0.2595465393794749
16.520608175456502,0.25924821002386633
16.521736285543938,0.25894988066825775
16.522018313065796,0.25865155131264916
16.522300340587655,0.2583532219570406
16.522864395631373,0.258054892601432
16.525684670849962,0.2577565632458234
16.52596669837182,0.25745823389021477
16.526812780937398,0.2568615751789976
16.528222918546692,0.256563245823389
16.52850494606855,0.25626491646778043
16.529069001112273,0.25566825775656327
16.53019711119971,0.2553699284009546
16.530761166243426,0.25507159904534604
16.531325221287144,0.2544749403341289
16.53245333137458,0.2541766109785203
16.53273535889644,0.2535799522673031
16.533863468983874,0.25328162291169454
16.53470955154945,0.2529832935560859
16.535555634115028,0.25208830548926014
16.536401716680604,0.25178997613365156
16.536965771724322,0.251491646778043
16.53724779924618,0.25089498806682575
16.5378118542899,0.25059665871121717
16.540068074464774,0.25
16.54119618455221,0.24970167064439142
16.542324294639645,0.2494033412887828
16.542606322161504,0.24910501193317422
16.545426597380093,0.24880668257756564
16.545708624901952,0.24850835322195705
16.547118762511246,0.24821002386634844
16.547964845076823,0.24761336515513127
16.54852890012054,0.2473150357995227
16.550503092773557,0.24701670644391407
16.551349175339134,0.2467183770883055
16.55191323038285,0.2464200477326969
16.553323367992146,0.2458233890214797
16.553887423035864,0.24552505966587113
16.554169450557723,0.24522673031026254
16.55473350560144,0.24492840095465393
16.5550155331233,0.24463007159904535
16.555861615688876,0.24403341288782815
16.556425670732594,0.24373508353221957
16.55727175329817,0.24343675417661098
16.558117835863747,0.2431384248210024
16.558399863385606,0.2425417661097852
16.559245945951183,0.24224343675417662
16.5612201386042,0.24164677804295942
16.56375838630093,0.24134844868735084
16.564886496388365,0.24075178997613364
16.565450551432082,0.24045346062052506
16.56629663399766,0.24015513126491647
16.567424744085095,0.2398568019093079
16.567706771606954,0.23955847255369928
16.56827082665067,0.2392601431980907
16.570245019303684,0.2389618138424821
16.5708090743474,0.2383651551312649
16.573065294522277,0.23776849642004774
16.573347322044135,0.23747016706443913
16.576167597262724,0.23717183770883055
16.576449624784583,0.23687350835322196
16.576731652306442,0.23657517899761338
16.577859762393878,0.23627684964200477
16.578423817437596,0.2356801909307876
16.579269900003172,0.23538186157517899
16.57955192752503,0.2350835322195704
16.580398010090608,0.23478520286396182
16.580680037612467,0.23448687350835323
16.581244092656185,0.23418854415274462
16.581808147699903,0.23359188544152745
16.58209017522176,0.23329355608591884
16.58237220274362,0.23269689737470167
16.58265423026548,0.2323985680190931
16.582936257787342,0.23210023866348448
16.58350031283106,0.2318019093078759
16.584628422918495,0.2315035799522673
16.585474505484072,0.23120525059665872
16.58603856052779,0.2309069212410501
16.58632058804965,0.23060859188544153
16.586884643093367,0.23001193317422433
16.587166670615225,0.22971360381861575
16.58885883574638,0.22941527446300716
16.591679110964968,0.22911694510739858
16.592243166008686,0.22881861575178997
16.593089248574262,0.22792362768496421
16.59337127609612,0.2276252983293556
16.593935331139843,0.22702863961813843
16.59506344122728,0.22673031026252982
16.595345468749137,0.22643198090692124
16.595909523792855,0.22613365155131265
16.596191551314714,0.22583532219570407
16.59731966140215,0.22553699284009546
16.598165743967726,0.22464200477326968
16.598729799011444,0.2243436754176611
16.599011826533303,0.2240453460620525
16.600421964142598,0.22374701670644392
16.600703991664457,0.22315035799522673
16.601268046708174,0.22285202863961814
16.601832101751892,0.22225536992840095
16.60267818431747,0.22195704057279236
16.602960211839328,0.22165871121718378
16.604934404492344,0.22136038186157517
16.607190624667215,0.22106205250596658
16.609164817320227,0.22046539379474941
16.609446844842086,0.2201670644391408
16.610292927407663,0.21957040572792363
16.61113900997324,0.21927207637231502
16.611703065016957,0.21867541766109785
16.611985092538816,0.21837708830548927
16.612549147582534,0.21807875894988066
16.612831175104393,0.21778042959427207
16.61367725766997,0.2174821002386635
16.614241312713688,0.2171837708830549
16.614523340235547,0.2168854415274463
16.615369422801127,0.2165871121718377
16.615651450322986,0.21628878281622912
16.615933477844845,0.2159904534606205
16.61734361545414,0.21569212410501193
16.617625642975998,0.21539379474940334
16.619035780585293,0.21509546539379476
16.620445918194587,0.21479713603818615
16.620727945716446,0.21449880668257756
16.621292000760164,0.21420047732696898
16.621574028282023,0.2139021479713604
16.62270213836946,0.21360381861575178
16.623266193413176,0.2133054892601432
16.624112275978753,0.21300715990453462
16.62467633102247,0.212708830548926
16.62524038606619,0.21241050119331742
16.625522413588047,0.21211217183770883
16.62608646863177,0.21181384248210025
16.626368496153628,0.21151551312649164
16.627496606241063,0.21121718377088305
16.627778633762922,0.21091885441527447
16.62806066128478,0.21062052505966586
16.6286247163285,0.21032219570405727
16.629188771372217,0.2097255369928401
16.629752826415935,0.2094272076372315
16.63088093650337,0.2091288782816229
16.63116296402523,0.20883054892601433
16.631727019068947,0.20853221957040574
16.632009046590806,0.20823389021479713
16.632291074112665,0.20793556085918855
16.632573101634524,0.20733890214797135
16.632855129156383,0.20704057279236276
16.63313715667824,0.20674224343675418
16.6334191842001,0.2064439140811456
16.63370121172196,0.2058472553699284
16.63567540437497,0.20554892601431982
16.63652148694055,0.2052505966587112
16.636803514462407,0.20465393794749404
16.637649597027988,0.20435560859188545
16.637931624549847,0.20405727923627684
16.638495679593564,0.20375894988066826
16.639059734637282,0.20346062052505967
16.640187844724718,0.2031622911694511
16.641597982334012,0.20286396181384247
16.64216203737773,0.2025656324582339
16.64244406489959,0.2022673031026253
16.643008119943307,0.2019689737470167
16.643290147465166,0.2016706443914081
16.644136230030742,0.20137231503579953
16.6444182575526,0.20107398568019094
16.645264340118178,0.20047732696897375
16.645828395161896,0.20017899761336516
16.646392450205614,0.19988066825775655
16.646674477727473,0.19958233890214797
16.647802587814912,0.19928400954653938
16.64808461533677,0.1989856801909308
16.648930697902347,0.19868735083532219
16.649776780467924,0.19779236276849643
16.650340835511642,0.19749403341288782
16.65090489055536,0.19719570405727924
16.651468945599078,0.19689737470167065
16.652597055686513,0.19630071599045346
16.65344313825209,0.19600238663484487
16.65372516577395,0.1957040572792363
16.654007193295808,0.1951073985680191
16.654853275861385,0.1948090692124105
16.656545440992538,0.1942124105011933
16.657391523558115,0.19391408114558473
16.657673551079974,0.19301909307875895
16.658519633645554,0.19272076372315036
16.658801661167413,0.19242243436754178
16.65908368868927,0.19212410501193317
16.65936571621113,0.191527446300716
16.661339908864143,0.19122911694510739
16.661621936386002,0.1909307875894988
16.66218599142972,0.19063245823389022
16.66246801895158,0.19033412887828163
16.663314101517155,0.19003579952267302
16.664160184082732,0.18973747016706444
16.66444221160459,0.18943914081145585
16.66472423912645,0.18884248210023866
16.665288294170168,0.18854415274463007
16.665570321692027,0.1882458233890215
16.66726248682318,0.18794749403341288
16.67318506478222,0.1876491646778043
16.674313174869656,0.18705250596658712
16.674595202391515,0.1867541766109785
16.675159257435233,0.18645584725536993
16.67572331247895,0.18615751789976134
16.67600534000081,0.18585918854415273
16.677415477610104,0.18556085918854415
16.67826156017568,0.18526252983293556
16.680517780350556,0.18496420047732698
16.681363862916132,0.18436754176610978
16.68164589043799,0.1840692124105012
16.683056028047286,0.18377088305489261
16.683338055569145,0.183472553699284
16.683620083091004,0.18317422434367542
16.683902110612863,0.18257756563245822
16.6850302207003,0.18227923627684964
16.68700441335331,0.18198090692124105
16.68728644087517,0.18168257756563247
16.68756846839703,0.18138424821002386
16.687850495918887,0.18108591885441527
16.688132523440746,0.1807875894988067
16.688696578484464,0.18048926014319808
16.68954266105004,0.1801909307875895
16.691798881224916,0.1798926014319809
16.692362936268633,0.17959427207637232
16.69349104635607,0.1792959427207637
16.694055101399787,0.17899761336515513
16.694337128921646,0.17869928400954654
16.6960292940528,0.17840095465393796
16.696593349096517,0.17810262529832935
16.696875376618376,0.17780429594272076
16.700259706880683,0.17750596658711218
16.703926064664852,0.17720763723150357
16.706182284839723,0.17690930787589498
16.70674633988344,0.1766109785202864
16.7070283674053,0.1760143198090692
16.70731039492716,0.17541766109785203
16.707874449970877,0.17482100238663484
16.708438505014595,0.17452267303102625
16.708720532536454,0.17422434367541767
16.709002560058313,0.17392601431980906
16.710694725189466,0.17362768496420047
16.711540807755043,0.1733293556085919
16.713797027929918,0.1730310262529833
16.714079055451776,0.1727326968973747
16.714643110495494,0.1724343675417661
16.717745413235942,0.17213603818615753
16.719437578367096,0.1718377088305489
16.720001633410813,0.17153937947494033
16.72056568845453,0.17124105011933174
16.72112974349825,0.17034606205250596
16.722257853585685,0.17004773269689738
16.722821908629403,0.1697494033412888
16.7242320462387,0.1691527446300716
16.72479610128242,0.16885441527446302
16.72705232145729,0.16825775656324582
16.72733434897915,0.16795942720763724
16.72959056915402,0.16766109785202865
16.72987259667588,0.16736276849642004
16.730154624197738,0.16706443914081145
16.730436651719597,0.16646778042959426
16.731000706763314,0.16616945107398567
16.731282734285173,0.1655727923627685
16.73212881685075,0.1652744630071599
16.732692871894468,0.1649761336515513
16.733256926938186,0.16467780429594273
16.733538954460045,0.16437947494033414
16.734103009503762,0.16408114558472553
16.73579517463492,0.16378281622911695
16.73607720215678,0.16348448687350836
16.73861544985351,0.16318615751789975
16.738897477375367,0.16288782816229117
16.74058964250652,0.16258949880668258
16.74115369755024,0.162291169451074
16.741717752593956,0.16199284009546538
16.742563835159533,0.1616945107398568
16.742845862681392,0.16139618138424822
16.74340991772511,0.1610978520286396
16.74369194524697,0.16079952267303102
16.744820055334404,0.16050119331742244
16.745948165421844,0.16020286396181385
16.74933249568415,0.15960620525059666
16.751024660815304,0.15930787589498807
16.751306688337163,0.15871121718377088
16.75187074338088,0.1584128878281623
16.752716825946457,0.1581145584725537
16.754126963555752,0.1575178997613365
16.755255073643188,0.15721957040572793
16.755819128686905,0.15692124105011934
16.756383183730627,0.15662291169451073
16.760049541514793,0.15632458233890215
16.76033156903665,0.15602625298329356
16.761459679124087,0.15572792362768498
16.762023734167805,0.15542959427207637
16.76286981673338,0.15513126491646778
16.765126036908253,0.15453460620525059
16.76569009195197,0.15363961813842483
16.76597211947383,0.15334128878281622
16.76625414699569,0.15274463007159905
16.766536174517547,0.15244630071599044
16.76710022956127,0.15214797136038186
16.767382257083128,0.1515513126491647
16.767946312126845,0.15125298329355608
16.768510367170563,0.1509546539379475
16.76907442221428,0.1506563245823389
16.76935644973614,0.1500596658711217
16.769638477258,0.14976133651551313
16.770484559823576,0.14946300715990454
16.77189469743287,0.14916467780429593
16.773022807520306,0.14856801909307876
16.7744329451296,0.14826968973747018
16.775279027695177,0.14797136038186157
16.775561055217036,0.14767303102625298
16.77753524787005,0.1473747016706444
16.778663357957488,0.14707637231503579
16.780073495566782,0.1467780429594272
16.7806375506105,0.14647971360381862
16.781201605654218,0.14618138424821003
16.781483633176077,0.14588305489260142
16.781765660697936,0.14558472553699284
16.782047688219794,0.14528639618138425
16.782329715741653,0.14468973747016706
16.78317579830723,0.14439140811455847
16.784585935916525,0.1440930787589499
16.78571404600396,0.14379474940334128
16.78599607352582,0.1434964200477327
16.787406211135114,0.1431980906921241
16.78909837626627,0.14289976133651552
16.79220067900672,0.1426014319809069
16.792482706528578,0.14200477326968974
16.79445689918159,0.14170644391408116
16.795020954225308,0.14140811455847255
16.79671311935646,0.14110978520286396
16.797559201922038,0.14081145584725538
16.797841229443897,0.14051312649164677
16.798123256965756,0.14021479713603818
16.799251367053195,0.1399164677804296
16.799815422096913,0.1393198090692124
16.80009744961877,0.13872315035799523
16.80319975235922,0.13842482100238662
16.804327862446655,0.13812649164677804
16.804891917490373,0.13782816229116945
16.80545597253409,0.13752983293556087
16.80602002757781,0.1366348448687351
16.806866110143385,0.1363365155131265
16.80799422023082,0.1360381861575179
16.80855827527454,0.13544152744630072
16.808840302796398,0.1351431980906921
16.809686385361974,0.13484486873508353
16.809968412883833,0.13424821002386636
16.810814495449414,0.13394988066825775
16.81137855049313,0.13365155131264916
16.81166057801499,0.13335322195704058
16.812788688102426,0.13305489260143197
16.813352743146144,0.13275656324582338
16.81419882571172,0.1324582338902148
16.815890990842874,0.13215990453460622
16.816455045886592,0.1318615751789976
16.81701910093031,0.13156324582338902
16.81730112845217,0.13126491646778043
16.817865183495886,0.13096658711217185
16.818147211017745,0.13066825775656324
16.818429238539604,0.13036992840095465
16.8198393761489,0.12977326968973746
16.820121403670758,0.12947494033412887
16.820403431192616,0.1291766109785203
16.821813568801915,0.1288782816229117
16.822377623845632,0.1285799522673031
16.82294167888935,0.1282816229116945
16.823505733933068,0.1276849642004773
16.823787761454927,0.12738663484486873
16.824069788976786,0.12708830548926014
16.826043981629798,0.12678997613365156
16.826326009151657,0.12649164677804295
16.826890064195375,0.12619331742243436
16.827172091717234,0.12529832935560858
16.82830020180467,0.125
16.82858222932653,0.1247016706443914
16.829428311892105,0.12440334128878282
16.83112047702326,0.12410501193317422
16.831684532066976,0.12380668257756564
16.83422277976371,0.12350835322195704
16.835914944894864,0.12321002386634845
16.8370430549823,0.12291169451073986
16.837889137547876,0.12261336515513127
16.838453192591594,0.12231503579952267
16.83901724763531,0.12171837708830549
16.839863330200888,0.12142004773269689
16.840709412766465,0.12112171837708831
16.84268360541948,0.12082338902147971
16.84296563294134,0.12022673031026253
16.844939825594352,0.11992840095465394
16.84522185311621,0.11963007159904535
16.84550388063807,0.11903341288782816
16.846349963203647,0.11873508353221957
16.847196045769223,0.11843675417661098
16.851144431075248,0.11813842482100238
16.851708486118966,0.1178400954653938
16.853400651250123,0.11724343675417662
16.85396470629384,0.11664677804295942
16.855092816381276,0.11634844868735084
16.857349036556148,0.11605011933174224
16.858477146643583,0.11575178997613365
16.858759174165442,0.11545346062052506
16.860733366818454,0.11515513126491647
16.863271614515185,0.11485680190930787
16.864681752124483,0.11455847255369929
16.86496377964634,0.11426014319809069
16.86552783469006,0.11396181384248211
16.866091889733777,0.11366348448687351
16.867219999821213,0.11336515513126491
16.868630137430507,0.11306682577565633
16.869194192474225,0.11247016706443914
16.869476219996084,0.11217183770883055
16.869758247517943,0.11187350835322196
16.870040275039802,0.11157517899761336
16.871450412649097,0.11127684964200478
16.872014467692814,0.11097852028639618
16.872578522736532,0.11068019093078758
16.874270687867686,0.110381861575179
16.874552715389544,0.10978520286396182
16.875398797955125,0.10948687350835322
16.877655018129996,0.10918854415274463
16.878219073173714,0.10889021479713604
16.87906515573929,0.10859188544152745
16.880475293348585,0.10799522673031026
16.88216745847974,0.10769689737470167
16.883013541045315,0.10739856801909307
16.883295568567174,0.10680190930787589
16.885833816263904,0.10650357995226731
16.886115843785767,0.10590692124105013
16.886397871307626,0.10560859188544153
16.887243953873202,0.10531026252983293
16.892038421744804,0.10501193317422435
16.892320449266663,0.10471360381861575
16.89260247678852,0.10441527446300716
16.89288450431038,0.10411694510739856
16.89316653183224,0.10381861575178998
16.894012614397816,0.10352028639618138
16.89598680705083,0.1032219570405728
16.89683288961641,0.1029236276849642
16.89880708226942,0.1026252983293556
16.90134532996615,0.10232696897374702
16.90190938500987,0.10202863961813842
16.902191412531728,0.10143198090692124
16.902473440053587,0.10113365155131265
16.9044476327066,0.10083532219570406
16.905857770315894,0.10053699284009547
16.90726790792519,0.10023866348448687
16.908678045534487,0.09994033412887827
16.910934265709358,0.09964200477326969
16.912062375796793,0.09934367541766109
16.91290845836237,0.09874701670644391
16.913754540927947,0.09844868735083533
16.919959146408846,0.09815035799522673
16.92193333906186,0.09755369928400955
16.922215366583718,0.09725536992840096
16.923625504193012,0.09695704057279236
16.925599696846025,0.09665871121718377
16.925881724367883,0.09636038186157518
16.927291861977178,0.09606205250596658
16.928701999586472,0.095763723150358
16.931522274805065,0.09516706443914082
16.9326503848925,0.09457040572792363
16.934060522501795,0.09427207637231504
16.934342550023654,0.09397374701670644
16.934624577545513,0.09367541766109785
16.937444852764102,0.09337708830548926
16.939137017895256,0.09307875894988067
16.940829183026413,0.09278042959427207
16.94111121054827,0.09248210023866349
16.943367430723143,0.09218377088305489
16.94449554081058,0.09158711217183771
16.94646973346359,0.09128878281622911
16.94703378850731,0.09099045346062053
16.947315816029167,0.09069212410501193
16.947879871072885,0.09039379474940334
16.948443926116603,0.09009546539379475
16.948725953638462,0.08979713603818616
16.952110283900772,0.08920047732696898
16.95267433894449,0.08890214797136038
16.953802449031926,0.08860381861575178
16.956340696728656,0.0883054892601432
16.959725026990963,0.0880071599045346
16.96169921964398,0.08770883054892602
16.964519494862568,0.08741050119331742
16.965929632471862,0.08711217183770883
16.96621165999372,0.08651551312649165
16.96649368751558,0.08621718377088305
16.96903193521231,0.08591885441527446
16.974672485649492,0.08562052505966587
16.976364650780646,0.08532219570405727
16.978620870955517,0.08502386634844869
16.981159118652247,0.08472553699284009
16.981723173695965,0.08442720763723151
16.983415338827122,0.08412887828162291
16.987645751655005,0.08383054892601433
16.988209806698723,0.08353221957040573
16.98933791678616,0.08323389021479713
16.990748054395453,0.08263723150357995
16.99131210943917,0.08233890214797136
16.993004274570325,0.08204057279236276
16.993286302092184,0.08174224343675418
16.9952604947452,0.08144391408114558
16.996952659876353,0.081145584725537
16.999208880051224,0.0805489260143198
17.00033699013866,0.08025059665871122
17.001747127747954,0.07995226730310262
17.004849430488402,0.07965393794749404
17.00597754057584,0.07935560859188544
17.00654159561956,0.07905727923627685
17.00682362314142,0.07875894988066826
17.010207953403725,0.07846062052505967
17.010772008447443,0.07816229116945107
17.012464173578596,0.07786396181384249
17.015284448797185,0.07756563245823389
17.016412558884625,0.07696897374701671
17.0172586414502,0.07667064439140811
17.018668779059496,0.07637231503579953
17.02007891666879,0.07607398568019093
17.02036094419065,0.07577565632458234
17.024873384540392,0.07547732696897375
17.027129604715267,0.07517899761336516
17.027975687280843,0.07488066825775656
17.029949879933856,0.07428400954653938
17.030231907455715,0.07398568019093078
17.03107799002129,0.0736873508353222
17.03361623771802,0.0733890214797136
17.034744347805457,0.07309069212410502
17.035308402849175,0.07279236276849642
17.035872457892893,0.07249403341288783
17.03615448541475,0.07219570405727924
17.03671854045847,0.07189737470167064
17.038692733111485,0.07159904534606205
17.039256788155203,0.07130071599045346
17.03982084319892,0.07100238663484487
17.04292314593937,0.07070405727923627
17.044051256026805,0.07040572792362769
17.046307476201676,0.07010739856801909
17.048281668854692,0.06980906921241051
17.04884572389841,0.06951073985680191
17.049691806463986,0.06921241050119331
17.055050329379306,0.06891408114558473
17.055332356901165,0.06861575178997613
17.05674249451046,0.06831742243436754
17.061254934860205,0.06801909307875895
17.061536962382064,0.06772076372315036
17.063229127513218,0.06742243436754176
17.064357237600653,0.06712410501193318
17.06548534768809,0.06682577565632458
17.066049402731807,0.06652744630071598
17.069997788037835,0.0662291169451074
17.072254008212706,0.0659307875894988
17.072818063256424,0.06533412887828162
17.073100090778283,0.06503579952267304
17.077612531128025,0.06443914081145585
17.07874064121546,0.06414081145584725
17.079868751302897,0.06384248210023866
17.080714833868473,0.06354415274463007
17.081842943955913,0.06324582338902147
17.083253081565207,0.06294749403341289
17.08776552191495,0.06264916467780429
17.088893632002385,0.0623508353221957
17.089457687046103,0.06205250596658711
17.091431879699115,0.06175417661097852
17.092277962264696,0.06145584725536993
17.09368809987399,0.061157517899761336
17.094534182439567,0.060859188544152745
17.09594432004886,0.060560859188544154
17.096790402614438,0.05996420047732697
17.100456760398604,0.059665871121718374
17.10158487048604,0.05936754176610978
17.10243095305162,0.05906921241050119
17.102995008095338,0.0587708830548926
17.103277035617197,0.05817422434367542
17.103841090660914,0.05787589498806683
17.10468717322649,0.057577565632458236
17.106097310835786,0.057279236276849645
17.106661365879503,0.056980906921241053
17.11032772366367,0.056682577565632455
17.1128659713604,0.056384248210023864
17.11343002640412,0.05608591885441527
17.115686246578992,0.05578758949880668
17.117942466753863,0.05548926014319809
17.118224494275722,0.0551909307875895
17.120762741972452,0.05489260143198091
17.12132679701617,0.05459427207637232
17.122172879581747,0.054295942720763726
17.123300989669183,0.05399761336515513
17.1238650447129,0.05369928400954654
17.1252751823222,0.053400954653937946
17.125557209844057,0.053102625298329355
17.126121264887775,0.052804295942720764
17.126685319931493,0.05250596658711217
17.128941540106364,0.05220763723150358
17.12978762267194,0.05190930787589499
17.131197760281236,0.0516109785202864
17.132043842846812,0.0513126491646778
17.134300063021684,0.05071599045346062
17.1348641180654,0.05041766109785203
17.13599222815284,0.050119331742243436
17.1362742556747,0.049821002386634845
17.137684393283994,0.049522673031026254
17.13824844832771,0.04922434367541766
17.139658585937006,0.04892601431980907
17.142478861155595,0.04862768496420048
17.14388899876489,0.04803102625298329
17.145299136374184,0.0477326968973747
17.147837384070918,0.04743436754176611
17.14981157672393,0.04683770883054893
17.151221714333225,0.046539379474940336
17.151503741855084,0.046241050119331745
17.15234982442066,0.045644391408114555
17.154606044595532,0.045346062052505964
17.157990374857842,0.04504773269689737
17.159964567510855,0.04474940334128878
17.161938760163867,0.04445107398568019
17.162502815207585,0.0441527446300716
17.163066870251303,0.04385441527446301
17.16391295281688,0.04355608591885442
17.164759035382456,0.043257756563245826
17.165323090426174,0.04295942720763723
17.165887145469892,0.042362768496420046
17.16673322803547,0.042064439140811455
17.167861338122908,0.041766109785202864
17.168143365644767,0.04146778042959427
17.170399585819638,0.04116945107398568
17.174347971125663,0.04087112171837709
17.17491202616938,0.0402744630071599
17.176322163778675,0.03997613365155131
17.17801432890983,0.03967780429594272
17.179142438997268,0.03937947494033413
17.18111663165028,0.039081145584725537
17.18365487934701,0.038484486873508354
17.19014151234977,0.03818615751789976
17.19211570500278,0.03788782816229117
17.19239773252464,0.03758949880668258
17.196910172874382,0.03729116945107398
17.1974742279181,0.03699284009546539
17.20057653065855,0.0366945107398568
17.20114058570227,0.03639618138424821
17.202550723311564,0.03609785202863962
17.204242888442717,0.03579952267303103
17.20593505357387,0.035501193317422436
17.20621708109573,0.035202863961813845
17.209319383836178,0.034904534606205254
17.210165466401754,0.034606205250596656
17.210729521445476,0.034307875894988064
17.21439587922964,0.03400954653937947
17.21495993427336,0.03371121718377088
17.21524196179522,0.03341288782816229
17.22003642966682,0.0331145584725537
17.223984814972848,0.03281622911694511
17.22624103514772,0.03251789976133652
17.227369145235155,0.032219570405727926
17.22849725532259,0.03192124105011933
17.233009695672337,0.03162291169451074
17.233291723194196,0.031324582338902146
17.236676053456502,0.031026252983293555
17.23695808097836,0.030727923627684964
17.237804163543938,0.030429594272076373
17.238086191065797,0.03013126491646778
17.238368218587656,0.029832935560859187
17.24259863141554,0.029534606205250596
17.249931346983875,0.029236276849642005
17.25077742954945,0.028937947494033413
17.256135952464774,0.028639618138424822
17.260930420336376,0.028341288782816228
17.263186640511247,0.028042959427207637
17.2662889432517,0.027744630071599045
17.26854516342657,0.027446300715990454
17.269109218470287,0.027147971360381863
17.269673273514005,0.02684964200477327
17.270237328557723,0.026551312649164677
17.27700598908234,0.026252983293556086
17.27954423677907,0.025954653937947495
17.286312897303684,0.0256563245823389
17.291953447740866,0.02535799522673031
17.294773722959455,0.025059665871121718
17.295619805525032,0.024761336515513127
17.296747915612467,0.024463007159904536
17.297311970656185,0.02416467780429594
17.298722108265483,0.02386634844868735
17.30210643852779,0.023269689737470168
17.302670493571508,0.022971360381861577
17.305772796311956,0.022673031026252982
17.311977401792856,0.02237470167064439
17.317053897186316,0.0220763723150358
17.320720254970485,0.02177804295942721
17.321284310014203,0.021479713603818614
17.32213039257978,0.021181384248210023
17.325514722842087,0.020883054892601432
17.326078777885805,0.02058472553699284
17.328617025582535,0.02028639618138425
17.328899053104394,0.019988066825775655
17.33030919071369,0.019689737470167064
17.332283383366704,0.019391408114558473
17.333975548497857,0.01909307875894988
17.33820596132574,0.01879474940334129
17.339898126456895,0.018496420047732696
17.340744209022475,0.018198090692124105
17.34497462185036,0.017899761336515514
17.3494870622001,0.017601431980906922
17.35005111724382,0.017303102625298328
17.350615172287537,0.017004773269689737
17.37317737403626,0.016706443914081145
17.379381979517156,0.016408114558472554
17.392919300566387,0.016109785202863963
17.394047410653823,0.01581145584725537
17.39855985100357,0.015513126491646777
17.401944181265875,0.015214797136038186
17.404200401440747,0.014916467780429593
17.412661227096518,0.014618138424821002
17.4230962454053,0.014319809069212411
17.42337827292716,0.014021479713603818
17.43155707106107,0.013723150357995227
17.433249236192225,0.013424821002386634
17.435223428845237,0.013126491646778043
17.438043704063826,0.01282816229116945
17.441992089369855,0.012529832935560859
17.44283817193543,0.012231503579952268
17.447350612285174,0.011933174224343675
17.449888859981908,0.011634844868735084
17.453837245287932,0.011336515513126491
17.454965355375368,0.0110381861575179
17.458349685637675,0.010739856801909307
17.46596442872787,0.010441527446300716
17.47160497916505,0.010143198090692125
17.47668147455851,0.009844868735083532
17.47978377729896,0.00954653937947494
17.48514230021428,0.009248210023866348
17.487398520389153,0.008949880668257757
17.493321098348193,0.008651551312649164
17.51306302487832,0.008353221957040573
17.515601272575054,0.008054892601431982
17.517857492749926,0.007756563245823389
17.529138593624285,0.007458233890214797
17.532240896364733,0.007159904534606206
17.557623373332046,0.006861575178997614
17.58159571269006,0.0065632458233890216
17.591466675955125,0.0062649164677804296
17.593440868608138,0.0059665871121718375
17.603311831873203,0.0056682577565632455
17.619951455662882,0.0053699284009546535
17.63207863910282,0.005071599045346062
17.641949602367884,0.00477326968973747
17.645615960152053,0.004474940334128878
17.668178161900773,0.004176610978520286
17.732762464406484,0.0038782816229116944
17.764067519332833,0.003579952267303103
17.76999009729187,0.0032816229116945108
17.777604840382065,0.0029832935560859188
17.867571619855084,0.0026849642004773268
17.86869972994252,0.002386634844868735
17.916644408658552,0.002088305489260143
18.00238077530369,0.0017899761336515514
18.00463699547856,0.0014916467780429594
18.059350334719205,0.0011933174224343676
18.087835114426966,0.0008949880668257757
18.11970422439703,0.0005966587112171838
18.166520793025626,0.0002983293556085919
