voxel_id,dose_gy,let_kev_um,alpha,beta,sf,bed
8913781,16.70674633988344,0.0,0.1,0.02,0.0007080597329240968,72.5298209929252
8913782,16.304857121234367,0.0,0.1,0.02,0.0009610798835554638,69.47453027000778
8913783,16.554169450557723,0.0,0.1,0.02,0.0007957484266372776,71.36227469011342
8914065,17.174347971125663,0.0,0.1,0.02,0.0004922128260272225,76.1659936177873
8914066,17.47978377729896,0.0,0.1,0.02,0.00038632360076898105,78.58835195752373
8914067,17.333975548497857,0.0,0.1,0.02,0.00043388470268768364,77.42731721168218
8914349,16.74369194524697,0.0,0.1,0.02,0.0006882257879769196,72.81393593671261
8914350,16.78909837626627,0.0,0.1,0.02,0.0006645593799976394,73.16386323385561
8914351,16.83901724763531,0.0,0.1,0.02,0.0006394182610463679,73.54951762086722
8914634,16.514121542453744,0.0,0.1,0.02,0.0008203853733352669,71.0573636062407
8914635,16.59337127609612,0.0,0.1,0.02,0.0007723007326442924,71.66136533737048
8993870,15.221589409773948,0.0,0.1,0.02,0.0021205185435935765,61.56094624172243
8993871,15.582302610231608,0.0,0.1,0.02,0.0016378131800330149,64.14393353759776
8993872,15.936247150164654,0.0,0.1,0.02,0.0012647204370079517,66.72904179639087
8993873,16.302882928581354,0.0,0.1,0.02,0.0009625080496941377,69.45968128518723
8994153,15.910864673197343,0.0,0.1,0.02,0.001288600207418244,66.54198760295718
8994154,16.356750185256423,0.0,0.1,0.02,0.0009242383629932443,69.86540550983364
8994155,16.120129094416722,0.0,0.1,0.02,0.0011035928992024894,68.09184149854882
8994156,16.32375296519892,0.0,0.1,0.02,0.0009475095765360581,69.61673513896703
8994157,16.565450551432082,0.0,0.1,0.02,0.0007889338392352655,71.44828094582037
8994437,15.266995840793246,0.0,0.1,0.02,0.0020532675578442956,61.883228241352896
8994438,15.473722014315893,0.0,0.1,0.02,0.0017712076782604369,63.36093660958075
8994439,15.729238949120147,0.0,0.1,0.02,0.0014720444630101114,65.2110305328238
8994440,16.017471076460044,0.0,0.1,0.02,0.001191032499568031,67.32934701350686
8994441,16.25070783703744,0.0,0.1,0.02,0.001000974866056707,69.06780887798743
8994721,16.353083827472254,0.0,0.1,0.02,0.0009267975618631584,69.83775396113917
8994722,16.58237220274362,0.0,0.1,0.02,0.0007788137901665443,71.57738577680848
8994723,16.902191412531728,0.0,0.1,0.02,0.0006088731329894602,74.039006321704
8994724,16.008446195760555,0.0,0.1,0.02,0.0011990189339295767,67.26251611627268
8994725,16.251553919603015,0.0,0.1,0.02,0.0010003398487220488,69.07415487995584
8995007,15.988704269230427,0.0,0.1,0.02,0.001216662638234837,67.11643711101188
9073959,15.997729149929915,0.0,0.1,0.02,0.001208567295670266,67.18319674083338
9073960,16.161023085086278,0.0,0.1,0.02,0.0010704505422141943,68.3967565164246
9073961,15.878431508183558,0.0,0.1,0.02,0.0013197210453202483,66.30334894019883
9074242,16.231529965551026,0.0,0.1,0.02,0.0010154694135367758,68.9240429700672
9074243,15.975731003224913,0.0,0.1,0.02,0.0012283877741974267,67.02052722070525
9074244,16.555861615688876,0.0,0.1,0.02,0.0007947227563158955,71.37517238325694
9074245,16.601832101751892,0.0,0.1,0.02,0.000767325249120372,71.72599792870383
9074246,16.722257853585685,0.0,0.1,0.02,0.0006996684767185833,72.6490393979473
9074526,16.042853553427356,0.0,0.1,0.02,0.001168834292453053,67.5174835807707
9074527,16.170047965785763,0.0,0.1,0.02,0.0010632619115881156,68.46413820894821
9074528,16.305703203799943,0.0,0.1,0.02,0.000960468415406038,69.4808945978823
9074529,16.8370430549823,0.0,0.1,0.02,0.0006403954497416561,73.53424682204783
9074530,16.16074105756442,0.0,0.1,0.02,0.0010706759121448613,68.39465136349409
9074531,16.214890341761347,0.0,0.1,0.02,0.0010282032576099146,68.79942410083044
9074809,15.556920133264299,0.0,0.1,0.02,0.0016681379177160482,63.960472939817116
9074810,15.817795590983874,0.0,0.1,0.02,0.0013797779393694828,65.85832706261365
9074811,15.635887839384818,0.0,0.1,0.02,0.001575459104193373,64.53208554454922
9074812,16.186405562053586,0.0,0.1,0.02,0.0010503466183318184,68.58635056590944
9074813,16.043135580949215,0.0,0.1,0.02,0.0011685898149645913,67.51957543469295
9074814,16.000831452670365,0.0,0.1,0.02,0.0012057960728443676,67.20615288802341
9074815,15.867150407309198,0.0,0.1,0.02,0.0013307078215052674,66.22044281694369
9075093,15.94865636112645,0.0,0.1,0.02,0.0012531956993603471,66.82058430618628
9075094,15.81582139833086,0.0,0.1,0.02,0.001381775144403061,65.84386269911091
9075095,15.724726508770404,0.0,0.1,0.02,0.001476895356844062,65.17813126389574
9075096,15.857279444044133,0.0,0.1,0.02,0.0013403906579359639,66.14794171734506
9075097,16.298652515753467,0.0,0.1,0.02,0.0009655750492377435,69.42786728160883
9075098,16.215172369283206,0.0,0.1,0.02,0.0010279861999220275,68.80153536239631
9075378,16.12605167237576,0.0,0.1,0.02,0.0010987347175097431,68.13596018040236
9075379,16.637931624549847,0.0,0.1,0.02,0.0007464301336064332,72.00208537318903
9075380,16.437128028986237,0.0,0.1,0.02,0.0008697572921953899,70.47296359724322
9075381,16.215454396805065,0.0,0.1,0.02,0.0010277691847859285,68.80364665577801
9075662,16.208967763802306,0.0,0.1,0.02,0.0010327713119947007,68.75509495739877
9075663,16.144101433774736,0.0,0.1,0.02,0.0010840509605874837,68.27050365457623
9154615,16.378466304439566,0.0,0.1,0.02,0.0009092142434830065,70.02929800157203
9154616,15.923555911680998,0.0,0.1,0.02,0.0012766085998775478,66.63548248616716
9154617,16.353365854994113,0.0,0.1,0.02,0.0009266004667624222,69.83988081245157
9154618,16.95267433894449,0.0,0.1,0.02,0.0005854494127523484,74.4313077874059
9154619,17.049691806463986,0.0,0.1,0.02,0.0005427786333422955,75.18808994554503
9154899,15.673961554835783,0.0,0.1,0.02,0.0015324958901790804,64.80857571932981
9154900,15.666064784223732,0.0,0.1,0.02,0.0015413167508150829,64.75118194892272
9154901,15.760826031568355,0.0,0.1,0.02,0.001438498601589635,65.44155347104089
9154902,16.25268202969045,0.0,0.1,0.02,0.000999493741040968,69.08261666133504
9154903,15.830768856989387,0.0,0.1,0.02,0.0013667197711341899,65.9534173776744
9155183,16.314446056977573,0.0,0.1,0.02,0.0009541710464462837,69.5466760861838
9155184,16.62270213836946,0.0,0.1,0.02,0.000755179762177631,71.88554741455997
9155185,16.50086624892637,0.0,0.1,0.02,0.0008286950161448115,70.95658364191786
9155186,16.816455045886592,0.0,0.1,0.02,0.000650669509347179,73.37508710795152
9155187,16.528222918546692,0.0,0.1,0.02,0.0008116305177519035,71.16465348758112
9155467,15.933144847424204,0.0,0.1,0.02,0.0012676169236188403,66.7061657932243
9155468,16.0865678193155,0.0,0.1,0.02,0.0011315011618818127,67.84210066040292
9155469,16.81701910093031,0.0,0.1,0.02,0.0006503859910659522,73.37944538914128
9155470,16.809968412883833,0.0,0.1,0.02,0.0006539382681753261,73.32497602131428
9155471,16.251835947124874,0.0,0.1,0.02,0.001000128259448984,69.07627027757692
9155750,15.92299185663728,0.0,0.1,0.02,0.0012771393575943025,66.63132578994471
9155751,16.075568745963,0.0,0.1,0.02,0.0011407890752772724,67.76035084719949
9155752,16.175970543744803,0.0,0.1,0.02,0.0010585687543195493,68.50837515016471
9155753,16.16074105756442,0.0,0.1,0.02,0.0010706759121448613,68.39465136349409
9155754,16.085721736749925,0.0,0.1,0.02,0.0011322131187004876,67.83581049517971
9155755,15.631939454078791,0.0,0.1,0.02,0.0015799776662506228,64.50344567327582
9156035,16.220812919720384,0.0,0.1,0.02,0.0010236539719358374,68.84376727503394
9156036,16.367467231087065,0.0,0.1,0.02,0.0009167952488621739,69.94626394322884
9156037,16.84522185311621,0.0,0.1,0.02,0.0006363561475528337,73.59752170925701
9156038,16.826326009151657,0.0,0.1,0.02,0.0006457245487484017,73.45137540240236
9156039,17.106097310835786,0.0,0.1,0.02,0.0005193248085271309,75.62981035239244
9234704,16.59731966140215,0.0,0.1,0.02,0.0007699751125553789,71.69152364995543
9234705,16.83422277976371,0.0,0.1,0.02,0.0006417938511604799,73.51243409950679
9234706,16.397926203447835,0.0,0.1,0.02,0.000895944314586909,70.17632295819206
9234707,16.380722524614438,0.0,0.1,0.02,0.0009076663879485664,70.04633661029659
9234988,16.148895901646338,0.0,0.1,0.02,0.0010801813157225372,68.30626367008831
9234989,16.937444852764102,0.0,0.1,0.02,0.0005924256085160306,74.31285248084913
9234990,16.599011826533303,0.0,0.1,0.02,0.0007689804164781428,71.7044505500118
9234991,16.680517780350556,0.0,0.1,0.02,0.0007224623526118929,72.32845246446877
9235271,16.29555021301302,0.0,0.1,0.02,0.0009678299513641258,69.40454156197875
9235272,16.477457964612075,0.0,0.1,0.02,0.0008435611053581741,70.77878215972365
9235273,16.032136507596714,0.0,0.1,0.02,0.0011781596569462361,67.43801670723978
9235274,15.88943058153606,0.0,0.1,0.02,0.0013090898656619309,66.38423142262673
9235275,16.014368773719596,0.0,0.1,0.02,0.0011937722569404872,67.30637021785665
9235555,16.196276525318652,0.0,0.1,0.02,0.0010426235290436588,68.66015118223626
9235556,16.355058020125266,0.0,0.1,0.02,0.0009254187142254368,69.85264258845802
9235557,16.038905168121328,0.0,0.1,0.02,0.0011722619609294597,67.48820096651913
9235558,16.545708624901952,0.0,0.1,0.02,0.0008008952924368385,71.29780340493292
9235559,16.732692871894468,0.0,0.1,0.02,0.0006940757163134289,72.72929502092406
9235560,16.58209017522176,0.0,0.1,0.02,0.0007789814623479336,71.57523309105898
9235839,15.538024289299745,0.0,0.1,0.02,0.0016910487079921216,63.82406405227351
9235840,16.149741984211918,0.0,0.1,0.02,0.0010794997694791454,68.31257521553533
9235841,16.36887736869636,0.0,0.1,0.02,0.0009158200513337914,69.95690663098034
9235842,16.3293935156361,0.0,0.1,0.02,0.0009434933859203291,69.65921203333575
9235843,16.19712260788423,0.0,0.1,0.02,0.0010419640092807917,68.6664787628511
9235844,16.18161109418198,0.0,0.1,0.02,0.0010541169661056865,68.55051861485265
9235845,16.50594274431983,0.0,0.1,0.02,0.0008255033867006209,70.99517192007272
9236123,15.75067304078143,0.0,0.1,0.02,0.0014492032898518277,65.36741328830122
9236124,15.55945838096103,0.0,0.1,0.02,0.0016650822784681925,63.97880740273271
9236125,16.233786185725897,0.0,0.1,0.02,0.0010137541112560141,68.94094897049888
9236126,15.969808425265875,0.0,0.1,0.02,0.0012337752944736506,66.97676465320446
9236127,15.940759590514396,0.0,0.1,0.02,0.0012605183099458914,66.76232285502974
9236128,16.110540158673516,0.0,0.1,0.02,0.0011115008054021181,68.02044099951993
9236129,15.994344819667607,0.0,0.1,0.02,0.0012115971801689022,67.1581580617532
9236407,15.307043748897224,0.0,0.1,0.02,0.0019955887857066187,62.16816141502793
9236408,15.935683095120934,0.0,0.1,0.02,0.0012652466144429252,66.72488223674556
9236409,16.547118762511246,0.0,0.1,0.02,0.0008000353345660591,71.30854663064159
9236410,16.745948165421844,0.0,0.1,0.02,0.0006870314996857519,72.83130415722088
9236411,17.227369145235155,0.0,0.1,0.02,0.0004720706658280905,76.58381867847521
9236412,17.176322163778675,0.0,0.1,0.02,0.0004914486608474969,76.18153077856158
9236413,17.30210643852779,0.0,0.1,0.02,0.00044498571027478783,77.17468388055676
9236691,16.40018242362271,0.0,0.1,0.02,0.0008944174791072072,70.19337912924337
9236692,16.081773351443896,0.0,0.1,0.02,0.0011355410816911084,67.8064601768861
9236693,16.277500451614042,0.0,0.1,0.02,0.0009810467302549296,69.26890464207311
9236694,15.950630553779462,0.0,0.1,0.02,0.0012513712153264277,66.83515356641205
9236695,16.73607720215678,0.0,0.1,0.02,0.0006922708186009925,72.75533322546715
9236696,16.150306039255636,0.0,0.1,0.02,0.0010790456270712205,68.31678307157905
9236697,16.28708938735725,0.0,0.1,0.02,0.0009740045791263565,69.34094552971027
9236975,16.578423817437596,0.0,0.1,0.02,0.0007811642623285911,71.54725107155403
9236976,16.139306965903135,0.0,0.1,0.02,0.0010879334677499494,68.23475283383303
9236977,15.880123673314712,0.0,0.1,0.02,0.0013180802923365748,66.31578924926878
9236978,15.812719095590412,0.0,0.1,0.02,0.001384919015687746,65.82113613480034
9236979,15.998293204973633,0.0,0.1,0.02,0.0012080629982701065,67.18737029943473
9236980,16.459690230734957,0.0,0.1,0.02,0.0008550102738434551,70.64397072908531
9237260,16.90134532996615,0.0,0.1,0.02,0.000609273062502839,74.03244012251987
9237261,16.52596669837182,0.0,0.1,0.02,0.0008130254247493074,71.1474817615107
9237262,16.49635380857663,0.0,0.1,0.02,0.0008315416582945044,70.92229160412477
9237263,16.754126963555752,0.0,0.1,0.02,0.0006827183860177541,72.89428102574493
9315359,15.873637040311955,0.0,0.1,0.02,0.0013243801215789225,66.26810761782468
9315360,15.651681380608922,0.0,0.1,0.02,0.001557504000350083,64.64670738862893
9315361,16.646674477727473,0.0,0.1,0.02,0.0007414499691719808,72.06902871121213
9315362,16.692362936268633,0.0,0.1,0.02,0.0007159244584346863,72.4193590154916
9315363,16.533863468983874,0.0,0.1,0.02,0.0008081529917688205,71.20759171118377
9315642,15.823436141421054,0.0,0.1,0.02,0.0013740863512037198,65.89966240574705
9315643,15.902685875063431,0.0,0.1,0.02,0.0012963833262922958,66.48176948325182
9315644,15.890558691623495,0.0,0.1,0.02,0.001308003984365247,66.39252979800969
9315645,16.18189312170384,0.0,0.1,0.02,0.00105389483359365,68.55262612215306
9315646,16.271577873655005,0.0,0.1,0.02,0.0009854198959397826,69.22442717333882
9315647,16.22194102980782,0.0,0.1,0.02,0.001022789563478975,68.8522151847203
9315926,15.599506289065006,0.0,0.1,0.02,0.0016175501003007596,64.26842558158074
9315927,15.706958774893286,0.0,0.1,0.02,0.0014961397969850121,65.04866956613272
9315928,16.14043507599057,0.0,0.1,0.02,0.0010870187774335415,68.24316396444392
9315929,16.032418535118573,0.0,0.1,0.02,0.0011779133713415682,67.44010735216129
9315930,15.950630553779462,0.0,0.1,0.02,0.0012513712153264277,66.83515356641205
9315931,15.969244370222157,0.0,0.1,0.02,0.0012342895320383344,66.97259752139657
9315932,16.11223232380467,0.0,0.1,0.02,0.0011101014832278983,68.03303841505587
9316210,16.09841297523358,0.0,0.1,0.02,0.0011215772740762982,67.93019303946735
9316211,16.361262625606166,0.0,0.1,0.02,0.000921097598997849,69.8994455664176
9316212,17.061254934860205,0.0,0.1,0.02,0.0005378913915997022,75.27853892531854
9316213,17.151221714333225,0.0,0.1,0.02,0.0005012476351210416,75.98410297317633
9316214,17.046307476201676,0.0,0.1,0.02,0.0005442168772809514,75.1616271908435
9316215,16.648930697902347,0.0,0.1,0.02,0.0007401698008638192,72.08630937461338
9316216,16.880475293348585,0.0,0.1,0.02,0.0006192159655142634,73.87056451921897
9316494,15.022477979341494,0.0,0.1,0.02,0.002440030619622498,60.15744690730151
9316495,16.247323506775132,0.0,0.1,0.02,0.0010035186817054142,69.04242773353668
9316496,16.36323681825918,0.0,0.1,0.02,0.0009197266374922653,69.91434065234573
9316497,16.361262625606166,0.0,0.1,0.02,0.000921097598997849,69.8994455664176
9316498,16.831684532066976,0.0,0.1,0.02,0.0006430548481683731,73.49280536947151
9316499,16.68728644087517,0.0,0.1,0.02,0.0007187196309879785,72.38039219283843
9316500,15.981653581183952,0.0,0.1,0.02,0.0012230220635829133,67.06430381897792
9316501,16.19909680053724,0.0,0.1,0.02,0.0010404266359049007,68.68124423117243
9316779,16.89683288961641,0.0,0.1,0.02,0.0006114101649478739,73.99742522954097
9316780,16.755255073643188,0.0,0.1,0.02,0.0006821254593681251,72.90296959021235
9316781,16.47012524904374,0.0,0.1,0.02,0.0008482687592661876,70.72313039288136
9316782,16.095310672493127,0.0,0.1,0.02,0.0011241685534917707,67.90711580130736
9316783,15.463851051050828,0.0,0.1,0.02,0.0017838186712132444,63.28998891686798
9316784,15.824846279030348,0.0,0.1,0.02,0.0013726668534080975,65.90999823001849
9317063,16.581244092656185,0.0,0.1,0.02,0.0007794846806338493,71.56877522470532
9317064,16.250989864559298,0.0,0.1,0.02,0.0010007631520184595,69.0699241801611
9317065,16.336444203682575,0.0,0.1,0.02,0.0009384953987041731,69.71232604768937
9317066,16.80545597253409,0.0,0.1,0.02,0.0006562212161343061,73.29012606149044
9317067,16.67826156017568,0.0,0.1,0.02,0.0007237139579063264,72.31114329410244
9317068,16.58603856052779,0.0,0.1,0.02,0.0007766371083781444,71.60537358679075
9317347,16.615933477844845,0.0,0.1,0.02,0.0007590990756853064,71.83378254587785
9317348,16.69349104635607,0.0,0.1,0.02,0.0007153046866029593,72.42801970931012
9317349,16.518069927759772,0.0,0.1,0.02,0.0008179251939000996,71.08739675543211
9317350,16.7070283674053,0.0,0.1,0.02,0.0007079063308189905,72.53198774126238
9317351,16.598165743967726,0.0,0.1,0.02,0.0007694776148042545,71.69798695681247
9317352,16.922215366583718,0.0,0.1,0.02,0.0005994793707071499,74.19448994919213
9317631,17.027975687280843,0.0,0.1,0.02,0.0005520694585698972,75.01836688860635
9317632,17.147837384070918,0.0,0.1,0.02,0.0005025827387189966,75.95750277417895
9317633,17.122172879581747,0.0,0.1,0.02,0.0005128160416779138,75.7559337032387
9317634,17.00033699013866,0.0,0.1,0.02,0.0005641091174183077,74.80262854579402
9317635,16.65090489055536,0.0,0.1,0.02,0.0007390513434198888,72.10143162541945
9317916,15.62714498620719,0.0,0.1,0.02,0.0015854805887889614,64.46867707019528
9317917,16.188661782228458,0.0,0.1,0.02,0.0010485766727004893,68.60321584210531
9317918,16.003369700367095,0.0,0.1,0.02,0.0012035330911349896,67.22493805369261
9317919,16.243093093947245,0.0,0.1,0.02,0.0010067068955777873,69.01070774567458
9396013,15.411957987028773,0.0,0.1,0.02,0.0018514895928013126,62.91764778581677
9396014,15.933426874946063,0.0,0.1,0.02,0.001267353352927945,66.70824527079675
9396015,16.370287506305655,0.0,0.1,0.02,0.0009148458183591946,69.96755011412706
9396016,16.245067286600257,0.0,0.1,0.02,0.0010052178934343704,69.02550951583423
9396017,16.480560267352523,0.0,0.1,0.02,0.0008415767340613589,70.80233361252024
9396018,16.892320449266663,0.0,0.1,0.02,0.0006135542638196741,73.9624184814092
9396019,16.925599696846025,0.0,0.1,0.02,0.000597905124285242,74.22078471642087
9396297,15.770414967311561,0.0,0.1,0.02,0.0014284558239466,65.51161261555247
9396298,16.009856333369854,0.0,0.1,0.02,0.0011977677897872904,67.2729562963984
9396299,15.820051811158745,0.0,0.1,0.02,0.0013774986909160718,65.87485967270815
9396300,16.124641534766464,0.0,0.1,0.02,0.0010998896240655628,68.12545445970963
9396301,16.155382534649096,0.0,0.1,0.02,0.0010749663176824375,68.35465950281811
9396302,16.421898542805852,0.0,0.1,0.02,0.0008798449235280331,70.35764889284765
9396303,16.276090314004747,0.0,0.1,0.02,0.0009820863216100323,69.25831349593258
9396304,16.558117835863747,0.0,0.1,0.02,0.0007933571107254293,71.39237108913358
9396581,15.735725582122905,0.0,0.1,0.02,0.0014650971127700828,65.25833750129836
9396582,16.11420651645768,0.0,0.1,0.02,0.0011084710066318595,68.04773684746712
9396583,15.7763375452706,0.0,0.1,0.02,0.0014222853760075412,65.55490281373355
9396584,15.527307243469103,0.0,0.1,0.02,0.001704171638192735,63.74676129008672
9396585,16.35449396508155,0.0,0.1,0.02,0.0009258124759622717,69.84838853585931
9396586,15.919325498853112,0.0,0.1,0.02,0.0012805942683360824,66.60431036654009
9396587,16.252117974646733,0.0,0.1,0.02,0.000999916711749414,69.07838570701382
9396588,16.792482706528578,0.0,0.1,0.02,0.0006628261763299987,73.18997779634084
9396864,10.62115647320994,0.0,0.1,0.02,0.03621452694268445,33.182949438891825
9396865,15.569047316704236,0.0,0.1,0.02,0.0016535853341721823,64.04809418665931
9396866,15.74531451786611,0.0,0.1,0.02,0.0014548826462393437,65.32830037117117
9396867,15.915941168590805,0.0,0.1,0.02,0.0012837910989147898,66.57937782499954
9396868,16.25916866269321,0.0,0.1,0.02,0.0009946415088821314,69.13128178307419
9396869,16.514403569975602,0.0,0.1,0.02,0.0008202094180565876,71.05950862438019
9396870,16.731282734285173,0.0,0.1,0.02,0.0006948290512215687,72.71844712120301
9396871,16.050750324039406,0.0,0.1,0.02,0.0011620068196300495,67.57606751696963
9396872,16.481970404961817,0.0,0.1,0.02,0.0008406761839167766,70.81304009096927
9396873,16.72056568845453,0.0,0.1,0.02,0.0007005793602896221,72.63602907683912
9397148,9.249374606887763,0.0,0.1,0.02,0.0716504336019182,26.359560730595792
9397149,14.680096567804668,0.0,0.1,0.02,0.0030945451032943242,57.78114361581875
9397150,15.690037123581746,0.0,0.1,0.02,0.0015146831388861256,64.92549011145641
9397151,15.711753242764889,0.0,0.1,0.02,0.0014909241393912718,65.08359123507148
9397152,16.609164817320227,0.0,0.1,0.02,0.0007630373317332752,71.78203600310184
9397153,16.76286981673338,0.0,0.1,0.02,0.0006781357481677982,72.96163071528359
9397154,16.683338055569145,0.0,0.1,0.02,0.0007209006830305769,72.35009179084946
9397155,16.601268046708174,0.0,0.1,0.02,0.0007676560168761578,71.72168819843894
9397156,16.61367725766997,0.0,0.1,0.02,0.0007604097188429387,71.81653166207404
9397157,16.80602002757781,0.0,0.1,0.02,0.0006559354415694303,73.2944818610471
9397433,16.0129586361103,0.0,0.1,0.02,0.0011950195316603066,67.2959274924662
9397434,15.791002976407269,0.0,0.1,0.02,0.001407112146859041,65.6621579765879
9397435,15.858971609175287,0.0,0.1,0.02,0.0013387261239711124,66.16036770930084
9397436,16.18527745196615,0.0,0.1,0.02,0.0010512326309053376,68.57791869139092
9397437,16.138742910859413,0.0,0.1,0.02,0.0010883910807214729,68.23054745942241
9397438,15.989268324274144,0.0,0.1,0.02,0.0012161552105359006,67.12060863340145
9397439,16.490431230617588,0.0,0.1,0.02,0.0008352916885608531,70.87729566496317
9397440,16.869758247517943,0.0,0.1,0.02,0.0006243804428352565,73.78750691345786
9397441,16.84268360541948,0.0,0.1,0.02,0.0006376071725946596,73.57788181187271
9397717,15.036861382956301,0.0,0.1,0.02,0.0024155454859100373,60.2583014330048
9397718,15.196770987850355,0.0,0.1,0.02,0.002158128068621939,61.38514067928441
9397719,15.879277590749135,0.0,0.1,0.02,0.0013189004325678392,66.30956895156267
9397720,16.292165882750712,0.0,0.1,0.02,0.0009702954246937023,69.37909971296398
9397721,16.490713258139447,0.0,0.1,0.02,0.0008351127593796132,70.87943801057467
9397722,16.585474505484072,0.0,0.1,0.02,0.0007769716132951702,71.6010674198965
9397723,16.074158608353706,0.0,0.1,0.02,0.001141984934358839,67.74987360165602
9397724,16.169201883220186,0.0,0.1,0.02,0.0010639339371567977,68.45781979128643
9397725,16.592243166008686,0.0,0.1,0.02,0.0007729663962380537,71.65274982200108
9398002,16.186405562053586,0.0,0.1,0.02,0.0010503466183318184,68.58635056590944
9398003,16.661621936386002,0.0,0.1,0.02,0.0007330071478241258,72.18355104659784
9398004,16.38861929522649,0.0,0.1,0.02,0.0009022681686480155,70.10598777600049
9398005,16.63116296402523,0.0,0.1,0.02,0.0007503071311032596,71.95027927121812
9398006,16.426693010677454,0.0,0.1,0.02,0.000876657509976774,70.39394166408536
9398007,16.582936257787342,0.0,0.1,0.02,0.0007784785466376183,71.58169124375495
9398008,16.30936956158411,0.0,0.1,0.02,0.0009578228954969056,69.50847666084935
9398286,15.736289637166623,0.0,0.1,0.02,0.0014644944306399187,65.26245194612615
9398287,15.922427801593562,0.0,0.1,0.02,0.0012776703197167304,66.62716922098548
9398288,16.166663635523456,0.0,0.1,0.02,0.0010659523802884587,68.43886625635474
9398289,16.155664562170955,0.0,0.1,0.02,0.0010747401096189314,68.35676405124823
9398290,16.511019239713296,0.0,0.1,0.02,0.0008223232017951893,71.03377050654981
9398291,16.987645751655005,0.0,0.1,0.02,0.0005697193203574555,74.70366738839948
9398571,18.11970422439703,0.0,0.1,0.02,0.0002297671746143383,83.78444046032334
9398572,17.641949602367884,0.0,0.1,0.02,0.0003391857465591806,79.88962675686555
9398573,17.33030919071369,0.0,0.1,0.02,0.00043514847991172874,77.39823251986078
9398574,17.286312897303684,0.0,0.1,0.02,0.00045058511628165936,77.04963561400123
9476386,15.241049308782218,0.0,0.1,0.02,0.0020914522213768523,61.698966115328396
9476387,14.799958264594743,0.0,0.1,0.02,0.0028490458816112165,58.60771119134399
9476388,15.580046390056737,0.0,0.1,0.02,0.001640487952591266,64.12761549332072
9476389,16.28144883692007,0.0,0.1,0.02,0.0009781413113082336,69.29856408276925
9476390,16.646392450205614,0.0,0.1,0.02,0.0007416101351952088,72.0668687714581
9476668,11.816389110848382,0.0,0.1,0.02,0.018794707899808038,39.741799434643625
9476669,15.766466582005535,0.0,0.1,0.02,0.0014325832042293314,65.482760278305
9476670,15.594711821193405,0.0,0.1,0.02,0.0016231737881481454,64.23371917840727
9476671,15.732905306904314,0.0,0.1,0.02,0.0014681139655263306,65.2377671861079
9476672,15.773517270052011,0.0,0.1,0.02,0.001425220602633191,65.53428668377782
9476673,16.074722663397424,0.0,0.1,0.02,0.0011415064512646388,67.75406440442597
9476674,16.204737350974423,0.0,0.1,0.02,0.0010360457380952813,68.72343987378754
9476675,16.17709865383224,0.0,0.1,0.02,0.001057677002817076,68.5168028249964
9476676,16.037213002990175,0.0,0.1,0.02,0.0011737338130160288,67.4756531836456
9476677,16.31247186432456,0.0,0.1,0.02,0.0009555896696304836,69.53181952920065
9476951,2.42261641276881,0.0,0.1,0.02,0.6979254082195439,3.5964304694521734
9476952,8.56517583885783,0.0,0.1,0.02,0.09790454291492919,23.237623268968612
9476953,14.911077108207188,0.0,0.1,0.02,0.0026375307503202364,59.379121213587275
9476954,15.92045360894055,0.0,0.1,0.02,0.0012795302978718423,66.61262223182618
9476955,16.269039625958275,0.0,0.1,0.02,0.0009872996482557103,69.20536969615839
9476956,16.48704690035528,0.0,0.1,0.02,0.000837441623543714,70.85158999925821
9476957,16.866091889733777,0.0,0.1,0.02,0.0006261564477013575,73.75910301632248
9476958,16.761459679124087,0.0,0.1,0.02,0.000678872937715846,72.9507657941046
9476959,16.68164589043799,0.0,0.1,0.02,0.0007218373067874252,72.33710781323134
9476960,16.883295568567174,0.0,0.1,0.02,0.0006178635350455157,73.89242941968718
9476961,16.795020954225308,0.0,0.1,0.02,0.0006615290417637812,73.20956672479875
9477234,0.13621929305789698,0.0,0.1,0.02,0.9861044043486096,0.13993043221813561
9477235,1.176900848717607,0.0,0.1,0.02,0.8646832733961148,1.4539199702600516
9477236,6.488607195410013,0.0,0.1,0.02,0.22516964428640523,14.909011862675332
9477237,14.07035306554551,0.0,0.1,0.02,0.0046702997907670935,53.66532014336669
9477238,16.116180709110694,0.0,0.1,0.02,0.0011068427522664239,68.06243683885303
9477239,15.932016737336768,0.0,0.1,0.02,0.0012686717142789516,66.69784820109255
9477240,16.5034044966231,0.0,0.1,0.02,0.0008270977685045063,70.97587649245501
9477241,16.6334191842001,0.0,0.1,0.02,0.0007490127187876508,71.96754593566328
9477242,16.545426597380093,0.0,0.1,0.02,0.0008010673872574641,71.29565485523861
9477243,16.799251367053195,0.0,0.1,0.02,0.0006593724117773712,73.24222066574092
9477244,16.76597211947383,0.0,0.1,0.02,0.0006765165583428582,72.98553634166859
9477245,17.154606044595532,0.0,0.1,0.02,0.0004999158491706851,76.01070775365025
9477518,0.044842375975580995,0.0,0.1,0.02,0.9954857655534539,0.04524454371220807
9477519,0.979199555894448,0.0,0.1,0.02,0.8894992713944146,1.1709659099472247
9477520,5.508561556949988,0.0,0.1,0.02,0.31419509504055443,11.577411642291441
9477521,13.96854113015441,0.0,0.1,0.02,0.004995304343481893,52.9925693911175
9477522,16.5612201386042,0.0,0.1,0.02,0.0007914829158124896,71.41602263446606
9477523,16.53470955154945,0.0,0.1,0.02,0.0008076325608986798,71.21403354236958
9477524,16.099823112842873,0.0,0.1,0.02,0.0011204012526050333,67.94068396580879
9477525,16.38551699248604,0.0,0.1,0.02,0.0009043853272156183,70.08255041469579
9477526,17.142478861155595,0.0,0.1,0.02,0.0005047034563988961,75.91539516218887
9477527,17.125557209844057,0.0,0.1,0.02,0.0005114555304021786,75.78249915937242
9477528,17.25077742954945,0.0,0.1,0.02,0.0004634258420055813,76.76864181432
9477529,17.433249236192225,0.0,0.1,0.02,0.00040094411588865233,78.21688502243158
9477530,17.100456760398604,0.0,0.1,0.02,0.0005216268333729286,75.58558104325107
9477802,0.068250660289878,0.0,0.1,0.02,0.9931056467739505,0.06918229081587887
9477803,0.659098318584483,0.0,0.1,0.02,0.9281164735974079,0.7459804372966615
9477804,5.210176438823166,0.0,0.1,0.02,0.34509469741445387,10.639364143556776
9477805,12.982572913735346,0.0,0.1,0.02,0.009379758330990568,46.69201280582629
9477806,16.56375838630093,0.0,0.1,0.02,0.0007899525510846346,71.43537676225179
9477807,16.508198964494706,0.0,0.1,0.02,0.000824088560515383,71.01232557476352
9477808,16.050468296517547,0.0,0.1,0.02,0.001162250019748403,67.57397480402052
9477809,15.865176214656184,0.0,0.1,0.02,0.001332639192246867,66.20593947907466
9477810,16.231529965551026,0.0,0.1,0.02,0.0010154694135367758,68.9240429700672
9477811,16.211223983977177,0.0,0.1,0.02,0.0010310288832262875,68.77198059571255
9477812,16.19373827762192,0.0,0.1,0.02,0.001044604414611706,68.6411701584454
9477813,16.132538305378517,0.0,0.1,0.02,0.0010934366267530725,68.18429674027955
9478087,0.662482648846791,0.0,0.1,0.02,0.9277194301728544,0.7502593008514031
9478088,5.6363200243521145,0.0,0.1,0.02,0.30149734441218723,11.98994070773464
9478089,14.198957615513214,0.0,0.1,0.02,0.004287276016543375,54.52103708894135
9478090,16.6444182575526,0.0,0.1,0.02,0.00074273220037241,72.05175008402267
9478091,17.092277962264696,0.0,0.1,0.02,0.0005249817200071449,75.52147115012858
9478092,16.620445918194587,0.0,0.1,0.02,0.0007564841004463254,71.86829042212082
9478093,16.07810699365973,0.0,0.1,0.02,0.0011386394555531877,67.77921189357372
9478094,16.511865322278872,0.0,0.1,0.02,0.0008217942810032217,71.04020460649397
9478095,16.10574569080191,0.0,0.1,0.02,0.0011154744440492119,67.98475454215878
9478096,16.206147488583717,0.0,0.1,0.02,0.0010349531931543102,68.73399077292939
9478097,15.8781494806617,0.0,0.1,0.02,0.0013199946879517688,66.30127566670917
9478372,5.822176161257196,0.0,0.1,0.02,0.28360515111447904,12.601723211799511
9478373,14.694479971419476,0.0,0.1,0.02,0.0030640955901803054,57.8800282975091
9478374,16.878219073173714,0.0,0.1,0.02,0.0006202998989078141,73.8530748895827
9478375,16.654007193295808,0.0,0.1,0.02,0.0007372969488761499,72.12519831216551
9478376,15.86658635226548,0.0,0.1,0.02,0.0013312593770944984,66.21629884704492
9478377,15.857561471565992,0.0,0.1,0.02,0.0013401131026125374,66.15001263646482
9478378,15.833307104686119,0.0,0.1,0.02,0.001364178329649076,65.9720298789469
9478379,15.811590985502976,0.0,0.1,0.02,0.0013860638819451264,65.81287288407077
9478380,15.406599464113452,0.0,0.1,0.02,0.0018586105484719902,62.879260873637634
9478381,15.435648298864928,0.0,0.1,0.02,0.0018203079334324036,63.08749598011527
9478657,15.433956133733775,0.0,0.1,0.02,0.0018225190305490686,63.075356521337454
9478658,16.074440635875565,0.0,0.1,0.02,0.0011417456695626638,67.75196898713308
9478659,16.17709865383224,0.0,0.1,0.02,0.001057677002817076,68.5168028249964
9478660,16.110822186195374,0.0,0.1,0.02,0.0011112674714460083,68.02254048923639
9478661,16.432051533592777,0.0,0.1,0.02,0.0008731078192874695,70.43451505412251
9478662,16.499174083795218,0.0,0.1,0.02,0.0008297614423621562,70.94372317327117
9478663,16.677415477610104,0.0,0.1,0.02,0.0007241838306883954,72.30465288017592
9478664,16.72959056915402,0.0,0.1,0.02,0.0006957340594454909,72.70543069145944
9478665,16.474637689393486,0.0,0.1,0.02,0.000845368856846312,70.75737508875035
9478942,16.309933616627827,0.0,0.1,0.02,0.000957416494006158,69.51272053238912
9478943,16.342366781641612,0.0,0.1,0.02,0.0009343161200720963,69.75695718678226
9478944,16.126333699897618,0.0,0.1,0.02,0.0010985038712754624,68.13806141998833
9478945,16.638495679593564,0.0,0.1,0.02,0.0007461078944739172,72.0064033755643
9478946,16.382132662223732,0.0,0.1,0.02,0.0009067002228994718,70.05698677476326
9478947,16.29555021301302,0.0,0.1,0.02,0.0009678299513641258,69.40454156197875
9478948,15.879559618270994,0.0,0.1,0.02,0.0013186270000005956,66.31164235231556
9478949,16.168637828176468,0.0,0.1,0.02,0.001064382173225037,68.45360767192427
9479227,17.151503741855084,0.0,0.1,0.02,0.0005011365263476778,75.98631986322887
9479228,17.34497462185036,0.0,0.1,0.02,0.00043011396270783216,77.51460354837695
9479229,16.927291861977178,0.0,0.1,0.02,0.0005971194494176705,74.23393381808894
9479230,16.79220067900672,0.0,0.1,0.02,0.0006629704487576532,73.18780140781345
9479231,17.02007891666879,0.0,0.1,0.02,0.0005554846298748524,74.95669618259548
9479232,16.36633912099963,0.0,0.1,0.02,0.000917576101949479,69.93775036571222
9479233,16.52850494606855,0.0,0.1,0.02,0.0008114563111185261,71.16680009651107
9479511,15.887456388883047,0.0,0.1,0.02,0.0013109921669807005,66.3697104906152
9479512,16.011830526022866,0.0,0.1,0.02,0.0011960182211627475,67.2875738848384
9479513,16.27524423143917,0.0,0.1,0.02,0.0009827105676117715,69.25195919003798
9479514,16.37621008426469,0.0,0.1,0.02,0.0009107645531450586,70.01226142905921
9479796,16.602960211839328,0.0,0.1,0.02,0.0007666641118407475,71.7346177710233
9479797,16.382132662223732,0.0,0.1,0.02,0.0009067002228994718,70.05698677476326
9556756,10.13888941083105,0.0,0.1,0.02,0.046429023409356354,30.698305107843446
9556757,14.385377807462012,0.0,0.1,0.02,0.003782690787632605,55.773196740146126
9556758,15.338348803823573,0.0,0.1,0.02,0.0019515452956332202,62.39133760937478
9556759,16.45856212064752,0.0,0.1,0.02,0.0008557420645857114,70.6354155364902
9556760,16.687850495918887,0.0,0.1,0.02,0.0007184085546874364,72.38472133074694
9556761,17.33820596132574,0.0,0.1,0.02,0.0004324307693467555,77.46088315279603
9556762,17.328617025582535,0.0,0.1,0.02,0.0004357329235621491,77.38481062944432
9556763,17.42337827292716,0.0,0.1,0.02,0.0004041113754768814,78.1382003612292
9557039,1.949374231089408,0.0,0.1,0.02,0.7626633065057594,2.709386209656492
9557040,7.99265996948406,0.0,0.1,0.02,0.12531580788977442,20.769182647042648
9557041,14.485497577721958,0.0,0.1,0.02,0.0035346444689148154,56.4514255925597
9557042,15.270380171055555,0.0,0.1,0.02,0.0020483345544585925,61.90728228476889
9557043,15.732623279382455,0.0,0.1,0.02,0.0014684159665638923,65.23571032957581
9557044,15.830768856989387,0.0,0.1,0.02,0.0013667197711341899,65.9534173776744
9557045,15.737981802297776,0.0,0.1,0.02,0.0014626877596690844,65.27479604418897
9557046,16.133666415465953,0.0,0.1,0.02,0.001092517643293412,68.19270481657276
9557047,16.44530682712015,0.0,0.1,0.02,0.0008643843699369354,70.53493015474507
9557048,17.26854516342657,0.0,0.1,0.02,0.0004569632630187881,76.90907557568721
9557322,0.174010980987003,0.0,0.1,0.02,0.9821544572750102,0.1800669452878148
9557323,0.943946115662073,0.0,0.1,0.02,0.8938517932162828,1.122152969516776
9557324,6.563908543746366,0.0,0.1,0.02,0.2191302971814276,15.180887617879673
9557325,13.967695047588833,0.0,0.1,0.02,0.004998089179918393,52.98699603607636
9557326,15.927222269465165,0.0,0.1,0.02,0.0012731636521750712,66.66250411365458
9557327,16.155100507127237,0.0,0.1,0.02,0.0010751925699367235,68.35255498620378
9557328,15.859253636697145,0.0,0.1,0.02,0.0013384488877732155,66.16243881931547
9557329,16.744820055334404,0.0,0.1,0.02,0.0006876284020500371,72.82261979244025
9557330,15.819205728593168,0.0,0.1,0.02,0.0013783530004215355,65.86865970530414
9557331,16.49832800122964,0.0,0.1,0.02,0.0008302951343318482,70.93729336846124
9557332,17.048281668854692,0.0,0.1,0.02,0.0005433774694046569,75.17706324097608
9557333,17.777604840382065,0.0,0.1,0.02,0.0003039567424504658,80.98625161253722
9557605,0.013255293527372999,0.0,0.1,0.02,0.9986718393781934,0.013290434088672363
9557606,0.063738219940134,0.0,0.1,0.02,0.9935657160213714,0.06455073207636138
9557607,0.50200898890902,0.0,0.1,0.02,0.946256921693297,0.5524115938981113
9557608,4.398783258434823,0.0,0.1,0.02,0.43741879189597155,8.268642089372118
9557609,12.453207255206003,0.0,0.1,0.02,0.012946003553883445,43.469681443429096
9557610,16.17963690152897,0.0,0.1,0.02,0.0010556731111454785,68.53576695459256
9557611,16.77189469743287,0.0,0.1,0.02,0.0006734353858495139,73.03118504578823
9557612,16.128025865028775,0.0,0.1,0.02,0.001097119738736919,68.1506695256362
9557613,16.099259057799156,0.0,0.1,0.02,0.0011208715238464958,67.93648749982478
9557614,16.115334626545117,0.0,0.1,0.02,0.0011075403036329267,68.05613665164994
9557615,16.62524038606619,0.0,0.1,0.02,0.000753714886188174,71.90496396496343
9557616,16.733538954460045,0.0,0.1,0.02,0.0006936240809915765,72.7358041425464
9557617,16.67318506478222,0.0,0.1,0.02,0.0007265374624924145,72.2722051056776
9557618,16.573347322044135,0.0,0.1,0.02,0.000784196005890954,71.50851561346565
9557888,0.035535467754233996,0.0,0.1,0.02,0.9964275941150585,0.03578802164793644
9557889,0.0062046054808979996,0.0,0.1,0.02,0.9993789624330359,0.006212304906732718
9557890,0.032715192535644,0.0,0.1,0.02,0.9967124908011171,0.03292924930017285
9557891,0.220263494571879,0.0,0.1,0.02,0.9772657384556193,0.22996669598008224
9557892,2.9996447224923237,0.0,0.1,0.02,0.6188317568947765,4.799218414727534
9557893,11.924687679242238,0.0,0.1,0.02,0.0176603671716878,40.36432292873656
9557894,17.09594432004886,0.0,0.1,0.02,0.0005234753184806062,75.55020675889104
9557895,17.48514230021428,0.0,0.1,0.02,0.0003846724922443575,78.63118255196284
9557896,17.00597754057584,0.0,0.1,0.02,0.0005616322979739428,74.84663196268983
9557897,16.607190624667215,0.0,0.1,0.02,0.0007641895699669988,71.76694671347414
9557898,16.567424744085095,0.0,0.1,0.02,0.0007877468883148074,71.46333727426972
9557899,16.395952010794822,0.0,0.1,0.02,0.0008972822836818455,70.16140047885219
9557900,16.500020166360795,0.0,0.1,0.02,0.0008292280696913814,70.95015326442338
9557901,16.390593487879503,0.0,0.1,0.02,0.0009009232866025042,70.1209044648631
9557902,16.542324294639645,0.0,0.1,0.02,0.0008029627040641024,71.27202290844465
9558172,0.0062046054808979996,0.0,0.1,0.02,0.9993789624330359,0.006212304906732718
9558173,0.003948385306026,0.0,0.1,0.02,0.9996049277360745,0.0039515032553309685
9558174,0.000564055043718,0.0,0.1,0.02,0.9999435897235859,0.0005641186753364687
9558175,0.14975661410712898,0.0,0.1,0.02,0.98469414149386,0.1542420228008953
9558176,2.0836193314942917,0.0,0.1,0.02,0.7443891546869317,2.9519132352096356
9558177,9.993927264595523,0.0,0.1,0.02,0.049938433120647004,29.969643698600677
9558178,15.88040570083657,0.0,0.1,0.02,0.0013178070172215105,66.3178627454691
9558179,15.645194747606165,0.0,0.1,0.02,0.0015648554107252942,64.59961848571088
9558180,16.357032212778282,0.0,0.1,0.02,0.0009240417739192973,69.86753277475155
9558181,16.363518845781037,0.0,0.1,0.02,0.0009195309407918493,69.91646864902728
9558182,16.550503092773557,0.0,0.1,0.02,0.000797974942203082,71.33433361755496
9558183,16.100105140364732,0.0,0.1,0.02,0.0011201661856335013,67.9427822465245
9558184,16.53470955154945,0.0,0.1,0.02,0.0008076325608986798,71.21403354236958
9558185,16.229273745376155,0.0,0.1,0.02,0.0010171874110393832,68.90713900584731
9558186,16.445588854642008,0.0,0.1,0.02,0.0008641996486887128,70.53706740982709
9558187,16.810814495449414,0.0,0.1,0.02,0.0006535110412024142,73.33151129553184
9558456,0.005076495393461999,0.0,0.1,0.02,0.9994919641384873,0.005081649554557968
9558457,0.001410137609295,0.0,0.1,0.02,0.9998589564168905,0.0014105353069104297
9558458,0.0033843302623079996,0.0,0.1,0.02,0.9996613952394786,0.0033866210005728745
9558459,0.10604234821898399,0.0,0.1,0.02,0.9892292895779327,0.10829134414214324
9558460,2.213069964027573,0.0,0.1,0.02,0.7266861722246516,3.1926056971637733
9558461,9.883936531070514,0.0,0.1,0.02,0.052747564404859996,29.42237680111656
9558462,16.598729799011444,0.0,0.1,0.02,0.0007691461159942552,71.70229598712955
9558463,16.558399863385606,0.0,0.1,0.02,0.0007931865587566491,71.3945210705393
9558464,16.943367430723143,0.0,0.1,0.02,0.0005897034698260639,74.3589074092211
9558465,16.94703378850731,0.0,0.1,0.02,0.0005880241947213462,74.387424634269
9558466,17.20114058570227,0.0,0.1,0.02,0.00048193620494844247,76.37698807552104
9558467,17.035308402849175,0.0,0.1,0.02,0.0005489158055394947,75.07565487888593
9558468,17.453837245287932,0.0,0.1,0.02,0.00039441282570489765,78.38112416228797
9558469,16.8198393761489,0.0,0.1,0.02,0.0006489701277732508,73.40123870403869
9558470,16.775279027695177,0.0,0.1,0.02,0.0006716805974071641,73.0572763191011
9558471,17.165323090426174,0.0,0.1,0.02,0.0004957203280431277,76.09498645016977
9558740,0.001128110087436,0.0,0.1,0.02,0.9998871699044031,0.001128364613909875
9558741,0.000282027521859,0.0,0.1,0.02,0.9999717960547624,0.00028204342976361716
9558742,0.0016921651311539998,0.0,0.1,0.02,0.9998307405444262,0.0016927378157202185
9558743,0.124938192183537,0.0,0.1,0.02,0.9872756377934534,0.12806010255675507
9558744,2.3715694313123308,0.0,0.1,0.02,0.7049391623151255,3.496437744819349
9558745,10.971716682880677,0.0,0.1,0.02,0.030054496126585624,35.04743007676111
9558746,15.540844564518336,0.0,0.1,0.02,0.0016876108440324476,63.84441452022216
9558747,15.935119040077216,0.0,0.1,0.02,0.001265772994681426,66.7207228043635
9558748,16.26170691038994,0.0,0.1,0.02,0.0009927487730862887,69.15032923827474
9558749,16.166381608001597,0.0,0.1,0.02,0.0010661768710301283,68.43676046710806
9558750,16.412873662106364,0.0,0.1,0.02,0.0008858740234632502,70.28935803175932
9558751,16.49522569848919,0.0,0.1,0.02,0.0008322547394926999,70.91371986730883
9558752,17.164759035382456,0.0,0.1,0.02,0.0004959403213222836,76.09054958393119
9558753,17.270237328557723,0.0,0.1,0.02,0.00045635219890561397,76.92245680549944
9558754,16.98933791678616,0.0,0.1,0.02,0.0005689682934405765,74.71685848693572
9559025,0.0016921651311539998,0.0,0.1,0.02,0.9998307405444262,0.0016927378157202185
9559026,0.006486633002757,0.0,0.1,0.02,0.9993507060541722,0.006495048284299491
9559027,0.13255293527373,0.0,0.1,0.02,0.9864854535522309,0.13606699140366632
9559028,3.33074503315479,0.0,0.1,0.02,0.5740999592247561,5.549517528331851
9559029,11.92102132145807,0.0,0.1,0.02,0.01769776145129242,40.343171190789654
9559030,16.149177929168196,0.0,0.1,0.02,0.001079954089280026,68.30836748675483
9559031,16.592243166008686,0.0,0.1,0.02,0.0007729663962380537,71.65274982200108
9559032,17.157990374857842,0.0,0.1,0.02,0.0004985873732718168,76.03731711560071
9559033,16.601268046708174,0.0,0.1,0.02,0.0007676560168761578,71.72168819843894
9559034,17.162502815207585,0.0,0.1,0.02,0.0004968212079425128,76.07280339160924
9559035,17.072818063256424,0.0,0.1,0.02,0.0005330453042878438,75.36904138746739
9559036,17.260930420336376,0.0,0.1,0.02,0.0004597225413006617,76.8488742154751
9559037,17.22003642966682,0.0,0.1,0.02,0.0004748095718180746,76.5259673574773
9559038,17.096790402614438,0.0,0.1,0.02,0.0005231282617157339,75.55683881680028
9559313,14.118579771783399,0.0,0.1,0.02,0.004523162450369511,53.98543872622567
9559314,17.493321098348193,0.0,0.1,0.02,0.0003821651278761877,78.69657770833099
9559315,16.76710022956127,0.0,0.1,0.02,0.0006759286565632016,72.99423025119198
9559316,16.535555634115028,0.0,0.1,0.02,0.0008071124420623181,71.22047565989769
9559317,16.869194192474225,0.0,0.1,0.02,0.0006246533679787661,73.78313673315546
9559318,16.648930697902347,0.0,0.1,0.02,0.0007401698008638192,72.08630937461338
9559319,16.68700441335331,0.0,0.1,0.02,0.0007188752162157552,72.37822767160787
9559320,16.809686385361974,0.0,0.1,0.02,0.0006540807350609932,73.32279766020672
9559321,16.609446844842086,0.0,0.1,0.02,0.0007628728584471174,71.78419174316903
9559599,16.556425670732594,0.0,0.1,0.02,0.0007943811398572747,71.37947186883125
9559600,16.479714184786946,0.0,0.1,0.02,0.0008421174949812474,70.79591010724056
9559601,16.885833816263904,0.0,0.1,0.02,0.0006166487056013665,73.91211055036024
9559602,16.612549147582534,0.0,0.1,0.02,0.0007610658306617672,71.80790698375156
9559603,16.798123256965756,0.0,0.1,0.02,0.0006599468708996728,73.23351224820851
9559604,16.72479610128242,0.0,0.1,0.02,0.0006983042215118163,72.66855702717675
9559605,17.2662889432517,0.0,0.1,0.02,0.00045777920659355147,76.89123571762286
9559883,16.742845862681392,0.0,0.1,0.02,0.0006886741449761447,72.80742337898288
9559884,16.108565966020503,0.0,0.1,0.02,0.0011131354163225373,68.00574546234732
9559885,16.374517919133538,0.0,0.1,0.02,0.0009119288980498198,69.9994853359386
9559886,16.269603681001993,0.0,0.1,0.02,0.0009868816378587376,69.20960446837671
9559887,16.480842294874382,0.0,0.1,0.02,0.0008413965522443619,70.80447484457844
9559888,15.834435214773555,0.0,0.1,0.02,0.0013630502048122303,65.98030292894572
9559889,16.361826680649884,0.0,0.1,0.02,0.0009207057019615147,69.90370114617517
9560167,15.589353298278084,0.0,0.1,0.02,0.0016294804537566108,64.19494054998484
9560168,15.685524683232002,0.0,0.1,0.02,0.0015196637889224195,64.89266160088808
9560169,15.766748609527394,0.0,0.1,0.02,0.0014322880258860347,65.4848209527342
9560170,16.284833167182377,0.0,0.1,0.02,0.0009756573174470906,69.32399142377503
9560171,16.181047039138264,0.0,0.1,0.02,0.0010545613615326806,68.5463036956993
9560172,16.497199891142206,0.0,0.1,0.02,0.0008310072206141009,70.92872074080269
9560452,16.3623907356936,0.0,0.1,0.02,0.0009203139599523951,69.90795685319597
9560453,16.41936029510912,0.0,0.1,0.02,0.0008815367386913944,70.33843879523027
9560454,16.18584150700987,0.0,0.1,0.02,0.001050789537920587,68.58213456501858
9560455,16.316984304674303,0.0,0.1,0.02,0.0009523499783173939,69.56577966447182
9637697,13.464557948592377,0.0,0.1,0.02,0.006926904754836969,49.72342209879282
9637698,16.775561055217036,0.0,0.1,0.02,0.0006715345577115002,73.05945079867995
9637699,16.851708486118966,0.0,0.1,0.02,0.0006331694825994469,73.64772426634576
9637700,16.91290845836237,0.0,0.1,0.02,0.000603828526864555,74.12220296255146
9637701,16.661339908864143,0.0,0.1,0.02,0.0007331656136810038,72.18138942060594
9637702,17.081842943955913,0.0,0.1,0.02,0.000529291381724501,75.43971461635118
9637703,17.03671854045847,0.0,0.1,0.02,0.0005483112671173285,75.08667426581874
9637704,16.7242320462387,0.0,0.1,0.02,0.0006986071748257545,72.66421955352621
9637705,17.10468717322649,0.0,0.1,0.02,0.0005198994225854363,75.61875183201425
9637978,0.081505953817251,0.0,0.1,0.02,0.99175075352779,0.08283459791878296
9637979,0.20446995334777499,0.0,0.1,0.02,0.9789417334948933,0.21283154571218324
9637980,2.9779286033091807,0.0,0.1,0.02,0.6217892713678392,4.751540356590574
9637981,11.074656728359212,0.0,0.1,0.02,0.028426709345840864,35.604261058557604
9637982,15.94527203086414,0.0,0.1,0.02,0.0012563291215000668,66.79561205851579
9637983,15.958809351913374,0.0,0.1,0.02,0.001243838826430951,66.89552853805692
9637984,15.857843499087851,0.0,0.1,0.02,0.001339835600499829,66.15208358740041
9637985,16.22194102980782,0.0,0.1,0.02,0.001022789563478975,68.8522151847203
9637986,16.640187844724718,0.0,0.1,0.02,0.0007451419546160488,72.01935814626957
9637987,16.868630137430507,0.0,0.1,0.02,0.0006249264044685355,73.77876668011626
9637988,16.644136230030742,0.0,0.1,0.02,0.0007428926244711807,72.04959039879513
9637989,17.202550723311564,0.0,0.1,0.02,0.00048140093031699086,76.388101000933
9637990,17.115686246578992,0.0,0.1,0.02,0.0005154331522443341,75.70502938484564
9638262,0.022280174226861,0.0,0.1,0.02,0.9977645567871325,0.022379455459576855
9638263,0.098427605128791,0.0,0.1,0.02,0.9900136774113584,0.10036520381906883
9638264,1.795387204154394,0.0,0.1,0.02,0.7834821305383383,2.44007024672266
9638265,9.24204189131943,0.0,0.1,0.02,0.0718977034575762,26.32510955550007
9638266,16.131128167769223,0.0,0.1,0.02,0.0010945863648471053,68.17378736076876
9638267,16.283141002051224,0.0,0.1,0.02,0.000976898580806254,69.31127718058758
9638268,16.637649597027988,0.0,0.1,0.02,0.0007465913017957922,71.99992641972509
9638269,17.010772008447443,0.0,0.1,0.02,0.0005595349938468293,74.88404487312326
9638270,17.1974742279181,0.0,0.1,0.02,0.00048333052615492635,76.34809819189954
9638271,16.90190938500987,0.0,0.1,0.02,0.0006090064155879553,74.0368175568268
9638272,16.934342550023654,0.0,0.1,0.02,0.0005938561693679694,74.28873407033198
9638273,16.934624577545513,0.0,0.1,0.02,0.0005937259852057049,74.29092649402722
9638274,16.74115369755024,0.0,0.1,0.02,0.0006895716761993803,72.79439912255023
9638545,0.012973266005514,0.0,0.1,0.02,0.9987001528209656,0.013006927131683964
9638546,0.0070506880464749995,0.0,0.1,0.02,0.9992941861551736,0.00706063048686074
9638547,0.086582449210713,0.0,0.1,0.02,0.9912305029998877,0.08808175331297813
9638548,1.207641848600238,0.0,0.1,0.02,0.8607663675007801,1.4993216154983582
9638549,8.538383224281224,0.0,0.1,0.02,0.0990710426058155,23.119180841218633
9638550,15.594711821193405,0.0,0.1,0.02,0.0016231737881481454,64.23371917840727
9638551,16.054134654301716,0.0,0.1,0.02,0.0011590920969010777,67.60118255399198
9638552,16.632855129156383,0.0,0.1,0.02,0.0007493361266681874,71.96322907865714
9638553,16.59731966140215,0.0,0.1,0.02,0.0007699751125553789,71.69152364995543
9638554,17.015284448797185,0.0,0.1,0.02,0.0005575677472124633,74.91926542349306
9638555,17.298722108265483,0.0,0.1,0.02,0.00044618007027931705,77.14787942406409
9638556,17.142478861155595,0.0,0.1,0.02,0.0005047034563988961,75.91539516218887
9638557,17.449888859981908,0.0,0.1,0.02,0.00039565762242753643,78.34961310512604
9638558,16.996952659876353,0.0,0.1,0.02,0.0005656001034780672,74.77623260429192
9638559,16.853400651250123,0.0,0.1,0.02,0.0006323406313501974,73.66082335356174
9638829,0.006768660524615999,0.0,0.1,0.02,0.9993224472948025,0.006777823477675498
9638830,0.001974192653013,0.0,0.1,0.02,0.999802522287257,0.001974972140339242
9638831,0.040893990669555,0.0,0.1,0.02,0.9958856418229407,0.04122845436413133
9638832,0.873157207675464,0.0,0.1,0.02,0.9025205752682061,1.0256379095385868
9638833,8.02029866662624,0.0,0.1,0.02,0.1238686336862156,20.885336807003572
9638834,15.792413114016563,0.0,0.1,0.02,0.0014056611033426822,65.67247550676903
9638835,16.36041654304059,0.0,0.1,0.02,0.0009216857353509059,69.89306243539983
9638836,16.629752826415935,0.0,0.1,0.02,0.0007511171968393705,71.9394886399537
9638837,16.85396470629384,0.0,0.1,0.02,0.0006320645726959522,73.66518997049353
9638838,16.469561194000022,0.0,0.1,0.02,0.0008486318972143347,70.71885037858232
9638839,16.826043981629798,0.0,0.1,0.02,0.0006458653453770929,73.44919519597786
9638840,17.089457687046103,0.0,0.1,0.02,0.0005261432470796418,75.49937049451394
9638841,17.04884572389841,0.0,0.1,0.02,0.0005431378609226526,75.18147382735623
9638842,17.20057653065855,0.0,0.1,0.02,0.0004821504706756332,76.37254312806691
9638843,17.03615448541475,0.0,0.1,0.02,0.0005485530077852175,75.08226641559818
9639113,0.0,0.0,0.1,0.02,1.0,0.0
9639114,0.000564055043718,0.0,0.1,0.02,0.9999435897235859,0.0005641186753364687
9639115,0.053867256675068996,0.0,0.1,0.02,0.9945700365421101,0.05444759294340855
9639116,0.887540611290273,0.0,0.1,0.02,0.9007670256790284,1.0450862786281752
9639117,7.652252750600247,0.0,0.1,0.02,0.14422730482013071,19.363647182414056
9639118,15.88943058153606,0.0,0.1,0.02,0.0013090898656619309,66.38423142262673
9639119,16.94646973346359,0.0,0.1,0.02,0.0005882822537296168,74.38303701890311
9639120,17.02036094419065,0.0,0.1,0.02,0.000555362320310659,74.95889827829673
9639121,16.5708090743474,0.0,0.1,0.02,0.0007857159834834636,71.48915175004224
9639122,16.770484559823576,0.0,0.1,0.02,0.0006741678089026626,73.02031503407977
9639123,17.1252751823222,0.0,0.1,0.02,0.0005115687772998864,75.78028519637431
9639124,16.343776919250907,0.0,0.1,0.02,0.0009333236069486234,69.76758571649864
9639125,16.58350031283106,0.0,0.1,0.02,0.0007781434375127137,71.58599683796463
9639126,16.33757231377001,0.0,0.1,0.02,0.000937698008335197,69.72082613530289
9639127,16.5550155331233,0.0,0.1,0.02,0.0007952354375023057,71.36872339351405
9639397,0.0,0.0,0.1,0.02,1.0,0.0
9639398,0.0,0.0,0.1,0.02,1.0,0.0
9639399,0.016639623789681,0.0,0.1,0.02,0.9983318929192039,0.016694999205653423
9639400,0.9022060424269409,0.0,0.1,0.02,0.8989749410910371,1.0650011910252775
9639401,7.287873192358418,0.0,0.1,0.02,0.16678508148534066,17.910492325937714
9639402,14.54133902705004,0.0,0.1,0.02,0.0034028406302372832,56.831447166971756
9639403,16.150024011733777,0.0,0.1,0.02,0.001079272676105006,68.3146791276493
9639404,16.675159257435233,0.0,0.1,0.02,0.0007254382151913019,72.28734650960081
9639405,16.24393917651282,0.0,0.1,0.02,0.0010060685011219388,69.01705117056244
9639406,16.51835195528163,0.0,0.1,0.02,0.0008177497298534604,71.08954221899293
9639407,16.943367430723143,0.0,0.1,0.02,0.0005897034698260639,74.3589074092211
9639408,16.731000706763314,0.0,0.1,0.02,0.000694979809659837,72.71627763670622
9639409,16.874270687867686,0.0,0.1,0.02,0.0006222010451508834,73.8224729373538
9639410,17.03982084319892,0.0,0.1,0.02,0.0005469834720189792,75.1109197168622
9639682,0.002256220174872,0.0,0.1,0.02,0.9997743016456299,0.0022572382807675
9639683,0.080659871251674,0.0,0.1,0.02,0.991837389090519,0.08196107421774132
9639684,1.427623315650258,0.0,0.1,0.02,0.832331484870944,1.8352449819279053
9639685,9.649289632883825,0.0,0.1,0.02,0.05918395692697,28.271047716739677
9639686,16.305703203799943,0.0,0.1,0.02,0.000960468415406038,69.4808945978823
9639687,16.009856333369854,0.0,0.1,0.02,0.0011977677897872904,67.2729562963984
9639688,16.120129094416722,0.0,0.1,0.02,0.0011035928992024894,68.09184149854882
9639689,15.788746756232396,0.0,0.1,0.02,0.0014094366995615823,65.64565158272019
9639690,17.066049402731807,0.0,0.1,0.02,0.000535877062288521,75.31605784602834
9639691,17.1362742556747,0.0,0.1,0.02,0.0005071694786163771,75.8666533288146
9639692,17.269673273514005,0.0,0.1,0.02,0.0004565558019071576,76.9179962682988
9639693,17.305772796311956,0.0,0.1,0.02,0.00044369519848063847,77.20372721182613
9639694,16.784585935916525,0.0,0.1,0.02,0.0006668768949368528,73.12905094394989
9639967,0.08799258682000799,0.0,0.1,0.02,0.9910858560937633,0.08954112588706332
9639968,1.9093263229854298,0.0,0.1,0.02,0.7680939885088884,2.638431724514442
9639969,9.567501651544715,0.0,0.1,0.02,0.06157545644330296,27.874919222006888
9639970,15.610223334895649,0.0,0.1,0.02,0.0016050445194721382,64.34603784795976
9639971,16.152280231908648,0.0,0.1,0.02,0.0010774575247025698,68.33151156993003
9639972,16.367185203565207,0.0,0.1,0.02,0.0009169904041910161,69.94413550112597
9639973,16.43007734093976,0.0,0.1,0.02,0.000874414041597574,70.41956562679219
9639974,16.4422045243797,0.0,0.1,0.02,0.000866418729525492,70.51142244868616
9639975,16.505096661754255,0.0,0.1,0.02,0.0008260345291661238,70.98873982452454
9639976,16.46984322152188,0.0,0.1,0.02,0.0008484503101620224,70.72099036982394
9639977,15.966988150047284,0.0,0.1,0.02,0.0012363484691911423,66.95593026679735
9640254,15.919043471331253,0.0,0.1,0.02,0.0012808603889738804,66.6022324797581
9640255,16.76033156903665,0.0,0.1,0.02,0.0006794632273985215,72.94207442984596
9640256,16.769638477258,0.0,0.1,0.02,0.0006746076192805389,73.0137934088444
9640257,16.551349175339134,0.0,0.1,0.02,0.0007974606166673452,71.34078108013901
9640258,16.35110963481924,0.0,0.1,0.02,0.0009281783192440939,69.82286689279498
9640259,16.296678323100455,0.0,0.1,0.02,0.000967009421399918,69.41302319642291
9640260,16.756383183730627,0.0,0.1,0.02,0.0006815330129692582,72.91165866373274
9640539,15.647732995302896,0.0,0.1,0.02,0.0015619749616351708,64.61804257376107
9640540,15.248382024350553,0.0,0.1,0.02,0.0020805951640289286,61.75101289645797
9640541,15.410547849419476,0.0,0.1,0.02,0.0018533610854672476,62.90754485326892
9640542,15.868842572440352,0.0,0.1,0.02,0.0013290544239687857,66.23287549021941
9640543,16.621574028282023,0.0,0.1,0.02,0.0007558316691879673,71.87691866381391
9640544,16.68756846839703,0.0,0.1,0.02,0.0007185640771471396,72.38255674588477
9640824,17.027129604715267,0.0,0.1,0.02,0.0005524344290947407,75.01175811986948
9640825,16.99131210943917,0.0,0.1,0.02,0.0005680932643337574,74.73224954951402
9640826,16.60267818431747,0.0,0.1,0.02,0.000766829346396907,71.7324627627197
9640827,17.072254008212706,0.0,0.1,0.02,0.0005332807488135718,75.36462539239966
9641108,16.553887423035864,0.0,0.1,0.02,0.000795919491477868,71.36012518594485
9641109,16.73579517463492,0.0,0.1,0.02,0.0006924210594253417,72.75316320010161
9641110,16.683056028047286,0.0,0.1,0.02,0.0007210567082853909,72.34792771504027
9641111,16.826890064195375,0.0,0.1,0.02,0.0006454430414034163,73.45573591069879
9718070,13.897752222167801,0.0,0.1,0.02,0.005233235452618595,52.527255587921815
9718071,15.244997694088244,0.0,0.1,0.02,0.0020855996497882454,61.72698863263942
9718072,15.68608873827572,0.0,0.1,0.02,0.0015190403807816646,64.89676471928779
9718073,16.206429516105576,0.0,0.1,0.02,0.0010347348125837646,68.73610104820517
9718074,16.79671311935646,0.0,0.1,0.02,0.0006606656013607438,73.22262744214875
9718075,17.58159571269006,0.0,0.1,0.02,0.0003560605606628151,79.40409727358636
9718076,17.126685319931493,0.0,0.1,0.02,0.0005110027771945789,75.79135532952287
9718352,1.873790855231196,0.0,0.1,0.02,0.7729036140604308,2.5760092890608073
9718353,9.36049345050021,0.0,0.1,0.02,0.0679878614528258,26.884260977871676
9718354,15.276302749014594,0.0,0.1,0.02,0.002039728050700598,61.94938788492476
9718355,15.90353195762901,0.0,0.1,0.02,0.001295576161642687,66.48799770309445
9718356,15.812155040546694,0.0,0.1,0.02,0.0013854913393785827,65.81700444580395
9718357,16.10038716788659,0.0,0.1,0.02,0.0011199311644172903,67.94488055905603
9718358,16.348289359600653,0.0,0.1,0.02,0.0009301541473951546,69.80160235664704
9718359,16.751306688337163,0.0,0.1,0.02,0.0006842028060826914,72.87256184168304
9718360,17.10243095305162,0.0,0.1,0.02,0.0005208200416480961,75.60105985383125
9718361,17.401944181265875,0.0,0.1,0.02,0.0004110697524471676,77.96747643884453
9718634,0.004794467871603,0.0,0.1,0.02,0.9995202086111139,0.004799065256037367
9718635,0.058661724546672,0.0,0.1,0.02,0.9940825808870797,0.05934996413202992
9718636,0.996685262249706,0.0,0.1,0.02,0.8873319244536523,1.195361564646859
9718637,8.490438545565194,0.0,0.1,0.02,0.10118600841287421,22.907947884769037
9718638,16.023393654419085,0.0,0.1,0.02,0.0011858182343759823,67.37322249531464
9718639,16.26650137826154,0.0,0.1,0.02,0.0009891827314006181,69.18631479605847
9718640,16.195994497796793,0.0,0.1,0.02,0.0010428434550821234,68.65804205232959
9718641,16.29301196531629,0.0,0.1,0.02,0.0009696785098275559,69.38545974570425
9718642,16.421616515283993,0.0,0.1,0.02,0.0008800327537366772,70.35551431029359
9718643,16.65372516577395,0.0,0.1,0.02,0.0007374562787783265,72.12303754520045
9718644,16.352519772428536,0.0,0.1,0.02,0.0009271918689947084,69.83350035396178
9718645,16.72112974349825,0.0,0.1,0.02,0.0007002756096584992,72.64036572327862
9718646,16.851144431075248,0.0,0.1,0.02,0.0006334459915851198,73.64335815846692
9718918,0.024536394401732997,0.0,0.1,0.02,0.9975373571592382,0.024656801331780477
9718919,0.042304128278849995,0.0,0.1,0.02,0.9957428817144978,0.04266205613273667
9718920,0.721708428437181,0.0,0.1,0.02,0.9207303142989417,0.825881039572634
9718921,7.555799338124468,0.0,0.1,0.02,0.1499607018957113,18.9738200657249
9718922,14.36084141306028,0.0,0.1,0.02,0.0038458545035269073,55.60759463127371
9718923,15.431135858515184,0.0,0.1,0.02,0.0018262096976069525,63.05512663530581
9718924,16.315856194586868,0.0,0.1,0.02,0.0009531589427781738,69.5572888670746
9718925,16.04059733325248,0.0,0.1,0.02,0.001170791820433833,67.50074989476181
9718926,16.115052599023258,0.0,0.1,0.02,0.0011077729113833426,68.05403665288051
9718927,16.161587140129996,0.0,0.1,0.02,0.0010699999344464712,68.40096691773304
9718928,16.23265807563846,0.0,0.1,0.02,0.0010146114257346993,68.93249571575657
9718929,16.37762022187399,0.0,0.1,0.02,0.0009097953218224797,70.02290904826114
9718930,16.045391801124087,0.0,0.1,0.02,0.001166635701423623,67.5363114114401
9719201,0.001128110087436,0.0,0.1,0.02,0.9998871699044031,0.001128364613909875
9719202,0.056969559415518,0.0,0.1,0.02,0.9942547011619516,0.057618665555517645
9719203,0.025382476967309997,0.0,0.1,0.02,0.9974521182750906,0.025511330994709203
9719204,0.514700227392675,0.0,0.1,0.02,0.9448129106650925,0.5676834922082892
9719205,6.095742857460426,0.0,0.1,0.02,0.25853197315429355,13.527359054316385
9719206,15.728956921598288,0.0,0.1,0.02,0.0014723472116806677,65.20897408989723
9719207,16.855092816381276,0.0,0.1,0.02,0.0006315127927781128,73.67392358614681
9719208,16.98933791678616,0.0,0.1,0.02,0.0005689682934405765,74.71685848693572
9719209,17.27700598908234,0.0,0.1,0.02,0.00045391558295309616,76.97599317843975
9719210,17.204242888442717,0.0,0.1,0.02,0.0004807593349866791,76.40143756134908
9719211,17.44283817193543,0.0,0.1,0.02,0.0003978896362291559,78.29335887040098
9719212,17.19014151234977,0.0,0.1,0.02,0.0004861304980859649,76.29033455527193
9719213,17.350615172287537,0.0,0.1,0.02,0.00042819217576285467,77.55938454365042
9719214,17.63207863910282,0.0,0.1,0.02,0.0003418933175267635,79.810118066204
9719485,0.001128110087436,0.0,0.1,0.02,0.9998871699044031,0.001128364613909875
9719486,0.001410137609295,0.0,0.1,0.02,0.9998589564168905,0.0014105353069104297
9719487,0.08122392629539199,0.0,0.1,0.02,0.9917796343632618,0.08254339153595984
9719488,0.36945605363529,0.0,0.1,0.02,0.9611012074095578,0.39675560874884247
9719489,6.103357600550619,0.0,0.1,0.02,0.25785567751368155,13.55355240059042
9719490,15.007530520682966,0.0,0.1,0.02,0.002465717352397189,60.052724986529114
9719491,16.197686662927946,0.0,0.1,0.02,0.001041524544655835,68.67069730900673
9719492,16.869476219996084,0.0,0.1,0.02,0.0006245168914913357,73.78532180739876
9719493,16.7070283674053,0.0,0.1,0.02,0.0007079063308189905,72.53198774126238
9719494,16.621292000760164,0.0,0.1,0.02,0.0007559947278392285,71.87476155566692
9719495,16.386081047529757,0.0,0.1,0.02,0.0009040000460089401,70.08681146677253
9719496,16.209249791324165,0.0,0.1,0.02,0.0010325533589610402,68.75720555083267
9719497,16.70731039492716,0.0,0.1,0.02,0.0007077529596968856,72.53415452141537
9719498,16.835914944894864,0.0,0.1,0.02,0.0006409544687715104,73.52552135124171
9719499,16.875398797955125,0.0,0.1,0.02,0.0006216573062763066,73.83121571596018
9719768,0.0016921651311539998,0.0,0.1,0.02,0.9998307405444262,0.0016927378157202185
9719769,0.000564055043718,0.0,0.1,0.02,0.9999435897235859,0.0005641186753364687
9719770,0.0,0.0,0.1,0.02,1.0,0.0
9719771,0.019177871486412,0.0,0.1,0.02,0.9980767089353983,0.01925142963736187
9719772,0.47070393398267096,0.0,0.1,0.02,0.9498020948807279,0.5150163726760235
9719773,5.801024097117771,0.0,0.1,0.02,0.2856065766720613,12.531400212185979
9719774,14.87920799823712,0.0,0.1,0.02,0.00269667050580604,59.15737412919782
9719775,16.643008119943307,0.0,0.1,0.02,0.0007435346437879277,72.04095197604308
9719776,16.683620083091004,0.0,0.1,0.02,0.0007207446892440498,72.3522558984745
9719777,16.6334191842001,0.0,0.1,0.02,0.0007490127187876508,71.96754593566328
9719778,16.76597211947383,0.0,0.1,0.02,0.0006765165583428582,72.98553634166859
9719779,16.822377623845632,0.0,0.1,0.02,0.0006476983101565284,73.42085540769807
9719780,16.580680037612467,0.0,0.1,0.02,0.0007798203276709692,71.56447013954858
9719781,16.314728084499432,0.0,0.1,0.02,0.0009539685458439246,69.54879857873033
9719782,16.58209017522176,0.0,0.1,0.02,0.0007789814623479336,71.57523309105898
9719783,16.632573101634524,0.0,0.1,0.02,0.0007494978793930653,71.96107069787777
9720052,0.0031023027404489998,0.0,0.1,0.02,0.999689625416469,0.0031042275969076793
9720053,0.000564055043718,0.0,0.1,0.02,0.9999435897235859,0.0005641186753364687
9720054,0.007896770612052,0.0,0.1,0.02,0.9992093884572046,0.007909242409271874
9720055,0.049636843847183997,0.0,0.1,0.02,0.9949995832080035,0.05012960710060594
9720056,0.49072788803466,0.0,0.1,0.02,0.9475372147599496,0.5388906600536516
9720057,5.6391402995707045,0.0,0.1,0.02,0.30122068915495265,11.99912096321918
9720058,13.672976287246179,0.0,0.1,0.02,0.006058438170512782,51.06303239756544
9720059,16.53019711119971,0.0,0.1,0.02,0.0008104118021093168,71.17968041822274
9720060,16.401310533710145,0.0,0.1,0.02,0.0008936549691484246,70.20190797834843
9720061,16.342366781641612,0.0,0.1,0.02,0.0009343161200720963,69.75695718678226
9720062,16.632009046590806,0.0,0.1,0.02,0.0007498214824420019,71.9567540317665
9720063,16.509327074582142,0.0,0.1,0.02,0.0008233819941347806,71.02090316568834
9720064,16.948725953638462,0.0,0.1,0.02,0.0005872506518658584,74.40058824394606
9720065,17.233009695672337,0.0,0.1,0.02,0.00046997388295266004,76.62833432989969
9720066,16.526812780937398,0.0,0.1,0.02,0.000812502073294261,71.15392092016853
9720067,16.63370121172196,0.0,0.1,0.02,0.0007488510636200146,71.96970441189008
9720336,0.0,0.0,0.1,0.02,1.0,0.0
9720337,0.0016921651311539998,0.0,0.1,0.02,0.9998307405444262,0.0016927378157202185
9720338,0.0016921651311539998,0.0,0.1,0.02,0.9998307405444262,0.0016927378157202185
9720339,0.0062046054808979996,0.0,0.1,0.02,0.9993789624330359,0.006212304906732718
9720340,1.1047018031217029,0.0,0.1,0.02,0.8738229468801839,1.3487750178857711
9720341,6.662900203918874,0.0,0.1,0.02,0.2113637274232363,15.541748029395311
9720342,14.071199148111086,0.0,0.1,0.02,0.004667681375205113,53.67092824127152
9720343,16.13225627785666,0.0,0.1,0.02,0.0010936664846769445,68.18219480074578
9720344,16.53245333137458,0.0,0.1,0.02,0.0008090210704259705,71.19685596219027
9720345,16.46110036834425,0.0,0.1,0.02,0.0008540963542338299,70.6546654356849
9720346,16.823787761454927,0.0,0.1,0.02,0.0006469927500615899,73.43175468995103
9720347,17.16673322803547,0.0,0.1,0.02,0.0004951707441212069,76.10607917254288
9720348,16.50735288192913,0.0,0.1,0.02,0.0008246188556246284,71.00589271563592
9720349,16.54852890012054,0.0,0.1,0.02,0.0007991762365052403,71.3192906517455
9720350,16.39961836857899,0.0,0.1,0.02,0.0008947989609496551,70.18911489558567
9720621,0.018613816442693998,0.0,0.1,0.02,0.9981334330793046,0.01868311127520646
9720622,0.005922577959038999,0.0,0.1,0.02,0.9994072164311463,0.005929593344975178
9720623,0.005922577959038999,0.0,0.1,0.02,0.9994072164311463,0.005929593344975178
9720624,0.9715848128042549,0.0,0.1,0.02,0.8904413660697036,1.1603802224986306
9720625,6.849320395867673,0.0,0.1,0.02,0.19726725657228786,16.231958372917454
9720626,14.482959330025226,0.0,0.1,0.02,0.0035407448934063885,56.43418152105817
9720627,16.44164046933598,0.0,0.1,0.02,0.0008667890913129251,70.50714873391732
9720628,16.43035936846162,0.0,0.1,0.02,0.0008742273271786696,70.42170116382053
9720629,16.33729028624815,0.0,0.1,0.02,0.0009378972968652372,69.71870106567579
9720630,16.694055101399787,0.0,0.1,0.02,0.0007149949882671374,72.43235024711423
9720631,16.709002560058313,0.0,0.1,0.02,0.0007068333832860961,72.54715587046536
9720632,17.209319383836178,0.0,0.1,0.02,0.00047883934595284043,76.44145411481209
9720633,17.515601272575054,0.0,0.1,0.02,0.00037541221862708523,78.87485886054162
9720634,17.24259863141554,0.0,0.1,0.02,0.0004664293414494382,76.70404014423414
9720906,0.010999073352500999,0.0,0.1,0.02,0.9988982804116027,0.011023269275423738
9720907,0.061764027287121,0.0,0.1,0.02,0.9937668088108066,0.06252698630046584
9720908,1.500668443811739,0.0,0.1,0.02,0.8227466524118674,1.9510695994622083
9720909,8.102086647965352,0.0,0.1,0.02,0.119661922377387,21.230848258193042
9720910,15.290122097585684,0.0,0.1,0.02,0.002019775555380445,62.0476888494013
9720911,16.267629488348977,0.0,0.1,0.02,0.0009883453940006718,69.19478332238921
9720912,16.361826680649884,0.0,0.1,0.02,0.0009207057019615147,69.90370114617517
9720913,17.010207953403725,0.0,0.1,0.02,0.000559781355153652,74.87964287701159
9720914,16.72056568845453,0.0,0.1,0.02,0.0007005793602896221,72.63602907683912
9720915,16.829428311892105,0.0,0.1,0.02,0.000644177674847131,73.47535977291521
9720916,16.62467633102247,0.0,0.1,0.02,0.0007540401852210053,71.90064895327423
9720917,16.74340991772511,0.0,0.1,0.02,0.0006883752100573919,72.81176505232023
9721195,15.946400140951576,0.0,0.1,0.02,0.001255283841804747,66.80393563201967
9721196,16.645264340118178,0.0,0.1,0.02,0.0007422511217338724,72.05822933060014
9721197,16.130000057681787,0.0,0.1,0.02,0.001095506962959093,68.16538042984467
9721198,15.891404774189072,0.0,0.1,0.02,0.001307190120869728,66.39875391361292
9721199,16.130564112725505,0.0,0.1,0.02,0.0010950465741284996,68.1695838316751
9721200,16.4986100287515,0.0,0.1,0.02,0.0008301172015201711,70.93943660491541
9721201,16.434307753767648,0.0,0.1,0.02,0.0008716172165415089,70.45160202287713
9721480,16.96903193521231,0.0,0.1,0.02,0.0005780419639796758,74.55864089886336
9721481,16.885833816263904,0.0,0.1,0.02,0.0006166487056013665,73.91211055036024
9721482,16.519198037847207,0.0,0.1,0.02,0.0008172235479276707,71.09597880057021
9721483,17.103841090660914,0.0,0.1,0.02,0.0005202444762920258,75.61211710157706
9721484,17.079868751302897,0.0,0.1,0.02,0.0005301104343820004,75.42425206364953
9721764,16.804327862446655,0.0,0.1,0.02,0.0006567931137569745,73.28141484416685
9721765,16.641597982334012,0.0,0.1,0.02,0.0007443378949542147,72.0301546634587
9721766,16.38749118513905,0.0,0.1,0.02,0.0009030375106524576,70.09746465374108
9721767,16.516659790150474,0.0,0.1,0.02,0.0008188030399567251,71.07666991486518
9722048,15.924966049290294,0.0,0.1,0.02,0.0012752825993916962,66.64587478349999
9722049,15.879277590749135,0.0,0.1,0.02,0.0013189004325678392,66.30956895156267
9722050,16.200788965668394,0.0,0.1,0.02,0.0010391105638938279,68.69390158769295
9722051,16.378466304439566,0.0,0.1,0.02,0.0009092142434830065,70.02929800157203
9722332,16.768510367170563,0.0,0.1,0.02,0.0006751944493976252,73.0050983539519
9722333,16.573065294522277,0.0,0.1,0.02,0.0007843647569623265,71.50636394582203
9722334,16.30147279097206,0.0,0.1,0.02,0.0009635293755554413,69.44907582193254
9722335,16.820403431192616,0.0,0.1,0.02,0.0006486873004364969,73.40559774880788
9798724,1.391805820374165,0.0,0.1,0.02,0.8370068279580475,1.7792305086996456
9798725,7.372763476437978,0.0,0.1,0.02,0.16130969774707188,18.244291732337544
9798726,13.849807543451771,0.0,0.1,0.02,0.005400173835567738,52.21324134158249
9798727,14.840570227742438,0.0,0.1,0.02,0.0027700012252198612,58.889075164653484
9798728,15.713445407896042,0.0,0.1,0.02,0.00148908733650908,65.09591872528189
9798729,17.131197760281236,0.0,0.1,0.02,0.000509195509494785,75.8267851006542
9798730,17.210729521445476,0.0,0.1,0.02,0.00047830729026894557,76.45257165351644
9798731,16.65344313825209,0.0,0.1,0.02,0.0007376156407649172,72.12087681005121
9798732,16.67318506478222,0.0,0.1,0.02,0.0007265374624924145,72.2722051056776
9798733,16.370851561349372,0.0,0.1,0.02,0.0009144563950492471,69.97180773009642
9798734,16.964519494862568,0.0,0.1,0.02,0.0005800766063001711,74.523503833177
9799007,0.06937877037731399,0.0,0.1,0.02,0.9929905363813821,0.0703414531331276
9799008,1.0316566749602218,0.0,0.1,0.02,0.8829806633791469,1.2445197739582181
9799009,6.876677065487996,0.0,0.1,0.02,0.19525645008355738,16.334414558089716
9799010,14.534006311481706,0.0,0.1,0.02,0.003419888193531156,56.781474203919714
9799011,15.76815874713669,0.0,0.1,0.02,0.001430812977940927,65.49512480211736
9799012,16.24675945173141,0.0,0.1,0.02,0.0010039432343313557,69.0381979882162
9799013,16.24450323155654,0.0,0.1,0.02,0.0010056431137430576,69.02128027956671
9799014,16.615369422801127,0.0,0.1,0.02,0.0007594265390358247,71.82946963403205
9799015,16.867219999821213,0.0,0.1,0.02,0.000625609483106654,73.76784210429496
9799016,16.872014467692814,0.0,0.1,0.02,0.0006232898548899229,73.80498890729994
9799017,16.451793460122904,0.0,0.1,0.02,0.0008601450612204599,70.58409507103146
9799018,17.07874064121546,0.0,0.1,0.02,0.0005305789962650583,75.4154170191964
9799019,17.19211570500278,0.0,0.1,0.02,0.00048537517042883106,76.30588418784343
9799290,0.018613816442693998,0.0,0.1,0.02,0.9981334330793046,0.01868311127520646
9799291,0.023972339358015,0.0,0.1,0.02,0.9975941712591244,0.024087273968874164
9799292,0.600436594037811,0.0,0.1,0.02,0.9349575596493723,0.6725414147297565
9799293,5.906220362771178,0.0,0.1,0.02,0.2757416738817942,12.882908157493759
9799294,15.132468712866503,0.0,0.1,0.02,0.0022584443166130124,60.93079058204322
9799295,17.12132679701617,0.0,0.1,0.02,0.0005131566978655572,75.74929305506096
9799296,16.446152909685726,0.0,0.1,0.02,0.0008638303163650642,70.54134201543857
9799297,16.851708486118966,0.0,0.1,0.02,0.0006331694825994469,73.64772426634576
9799298,17.11032772366367,0.0,0.1,0.02,0.0005176045270465739,75.6629906858984
9799299,16.639059734637282,0.0,0.1,0.02,0.0007457857849631884,72.01072150520282
9799300,16.417386102456106,0.0,0.1,0.02,0.0008828546863810665,70.32349938987988
9799301,16.809686385361974,0.0,0.1,0.02,0.0006540807350609932,73.32279766020672
9799302,17.167861338122908,0.0,0.1,0.02,0.0004947314873797265,76.11495392312597
9799303,17.320720254970485,0.0,0.1,0.02,0.0004384700592056519,77.32219028515945
9799574,0.00564055043718,0.0,0.1,0.02,0.9994354680482564,0.005646913599026874
9799575,0.030458972360772,0.0,0.1,0.02,0.996940238425031,0.030644522160226853
9799576,0.487343557772352,0.0,0.1,0.02,0.9479206994044252,0.5348443064327948
9799577,5.332294355788113,0.0,0.1,0.02,0.3322403263081587,11.018966975142066
9799578,13.601059269172133,0.0,0.1,0.02,0.006346307115966274,50.59882191787877
9799579,16.409771359365916,0.0,0.1,0.02,0.0008879553859603143,70.26589057269909
9799580,16.01577891132889,0.0,0.1,0.02,0.001192526189182595,67.31681373864234
9799581,15.81582139833086,0.0,0.1,0.02,0.001381775144403061,65.84386269911091
9799582,16.09813094771172,0.0,0.1,0.02,0.0011218126157500387,67.92809494964648
9799583,16.161587140129996,0.0,0.1,0.02,0.0010699999344464712,68.40096691773304
9799584,16.49889205627336,0.0,0.1,0.02,0.0008299393041990994,70.94157987318539
9799585,16.406105001581746,0.0,0.1,0.02,0.0008904210416349394,70.23816126616687
9799586,16.765126036908253,0.0,0.1,0.02,0.0006769577976044689,72.97901624359206
9799587,16.94111121054827,0.0,0.1,0.02,0.00059073909478426,74.34136102018113
9799857,0.017767733877116998,0.0,0.1,0.02,0.9982185015205527,0.017830872350542606
9799858,0.023690311836155997,0.0,0.1,0.02,0.9976225747614594,0.02380255801113486
9799859,0.01974192653013,0.0,0.1,0.02,0.9980199753140125,0.019819875262754208
9799860,0.381019182031509,0.0,0.1,0.02,0.9598239175669862,0.410054305446701
9799861,4.760342541458061,0.0,0.1,0.02,0.3948491537001202,9.292514763861139
9799862,14.35209855988265,0.0,0.1,0.02,0.0038685925609071524,55.54864517439977
9799863,16.417386102456106,0.0,0.1,0.02,0.0008828546863810665,70.32349938987988
9799864,16.166381608001597,0.0,0.1,0.02,0.0010661768710301283,68.43676046710806
9799865,16.38551699248604,0.0,0.1,0.02,0.0009043853272156183,70.08255041469579
9799866,16.35449396508155,0.0,0.1,0.02,0.0009258124759622717,69.84838853585931
9799867,17.295619805525032,0.0,0.1,0.02,0.00044727753618636895,77.12331269697897
9799868,17.147837384070918,0.0,0.1,0.02,0.0005025827387189966,75.95750277417895
9799869,17.18111663165028,0.0,0.1,0.02,0.0004895974488938178,76.21927037372426
9799870,16.657391523558115,0.0,0.1,0.02,0.0007353874904811356,72.15112999737926
9799871,17.080714833868473,0.0,0.1,0.02,0.0005297592668443472,75.43087868105538
9800141,0.001974192653013,0.0,0.1,0.02,0.999802522287257,0.001974972140339242
9800142,0.007332715568334,0.0,0.1,0.02,0.9992659226355329,0.007343469311855217
9800143,0.016075568745962998,0.0,0.1,0.02,0.9983885743899221,0.016127253528064236
9800144,0.314460686872785,0.0,0.1,0.02,0.9671286237791636,0.3342377915904857
9800145,4.020302324100045,0.0,0.1,0.02,0.48418566136766117,7.252868479532889
9800146,13.451866710108723,0.0,0.1,0.02,0.006983248769453885,49.64241030741498
9800147,16.77753524787005,0.0,0.1,0.02,0.0006705131087954505,73.07467304657442
9800148,16.858477146643583,0.0,0.1,0.02,0.0006298601491215751,73.70012748742437
9800149,16.35449396508155,0.0,0.1,0.02,0.0009258124759622717,69.84838853585931
9800150,16.5378118542899,0.0,0.1,0.02,0.000805726982695663,71.2376560398682
9800151,16.101797305495886,0.0,0.1,0.02,0.0011187567443824735,67.95537259895079
9800152,16.623266193413176,0.0,0.1,0.02,0.0007548540051448916,71.88986198082786
9800153,16.948443926116603,0.0,0.1,0.02,0.0005873795096448262,74.39839422946037
9800154,17.069997788037835,0.0,0.1,0.02,0.0005342234993403799,75.34696268476115
9800155,16.96649368751558,0.0,0.1,0.02,0.000579185628587793,74.53887529721679
9800425,0.001410137609295,0.0,0.1,0.02,0.9998589564168905,0.0014105353069104297
9800426,0.0008460825655769999,0.0,0.1,0.02,0.9999153810067172,0.0008462257367185546
9800427,0.005358522915321,0.0,0.1,0.02,0.9994637172841191,0.005364265668887804
9800428,0.252414632063805,0.0,0.1,0.02,0.9738327290891964,0.2651572613597862
9800429,4.0070470305726715,0.0,0.1,0.02,0.4858607488383788,7.218332211616924
9800430,13.5765228747704,0.0,0.1,0.02,0.006447313446533108,50.440917548603196
9800431,16.486482845311563,0.0,0.1,0.02,0.0008378004463339921,70.84730616706204
9800432,16.444178717032713,0.0,0.1,0.02,0.0008651236223282419,70.52638145257504
9800433,16.42810314828675,0.0,0.1,0.02,0.000875722081572699,70.40461775843654
9800434,16.41654001989053,0.0,0.1,0.02,0.0008834200819592537,70.317097264824
9800435,16.242247011381668,0.0,0.1,0.02,0.0010073456662782637,69.00436460712902
9800436,17.18111663165028,0.0,0.1,0.02,0.0004895974488938178,76.21927037372426
9800437,16.821813568801915,0.0,0.1,0.02,0.0006479807351564596,73.41649591750756
9800438,16.66444221160459,0.0,0.1,0.02,0.0007314242438326122,72.20516905638638
9800439,16.928701999586472,0.0,0.1,0.02,0.0005964654568809056,74.24489227774708
9800709,0.001128110087436,0.0,0.1,0.02,0.9998871699044031,0.001128364613909875
9800710,0.001974192653013,0.0,0.1,0.02,0.999802522287257,0.001974972140339242
9800711,0.022844229270578997,0.0,0.1,0.02,0.997707771075056,0.022948601032772353
9800712,0.453500255149272,0.0,0.1,0.02,0.9517401100137782,0.49463275143336294
9800713,4.194877360130766,0.0,0.1,0.02,0.4623525159373832,7.7142765734382985
9800714,12.608886447272171,0.0,0.1,0.02,0.011789228616165178,44.40568993531294
9800715,16.89880708226942,0.0,0.1,0.02,0.0006104743229779933,74.01274324302125
9800716,16.242247011381668,0.0,0.1,0.02,0.0010073456662782637,69.00436460712902
9800717,15.907480342935035,0.0,0.1,0.02,0.0012918155441357475,66.51706651510794
9800718,15.968962342700298,0.0,0.1,0.02,0.001234546725298712,66.97051400321634
9800719,16.133102360422235,0.0,0.1,0.02,0.0010929770453919957,68.18850071479454
9800720,15.945554058386,0.0,0.1,0.02,0.0012560677259981679,66.79769290416804
9800721,15.80200204975977,0.0,0.1,0.02,0.0013958306671697685,65.74265580588215
9800722,15.919325498853112,0.0,0.1,0.02,0.0012805942683360824,66.60431036654009
9800723,16.43148747854906,0.0,0.1,0.02,0.0008734808403204054,70.43024363009195
9800993,0.000282027521859,0.0,0.1,0.02,0.9999717960547624,0.00028204342976361716
9800994,0.001410137609295,0.0,0.1,0.02,0.9998589564168905,0.0014105353069104297
9800995,0.005922577959038999,0.0,0.1,0.02,0.9994072164311463,0.005929593344975178
9800996,0.38637770494683,0.0,0.1,0.02,0.9592308389258982,0.4162352511228259
9800997,4.274409121295004,0.0,0.1,0.02,0.45255210248668104,7.928523788536989
9800998,12.786563786043342,0.0,0.1,0.02,0.010582213618924132,45.48580647695435
9800999,17.179142438997268,0.0,0.1,0.02,0.000490358921234006,76.20372942686866
9801000,16.15425442456166,0.0,0.1,0.02,0.001075871591922883,68.34624162725565
9801001,16.20501937849628,0.0,0.1,0.02,0.0010358271434698424,68.72554998998429
9801002,16.166663635523456,0.0,0.1,0.02,0.0010659523802884587,68.43886625635474
9801003,16.6444182575526,0.0,0.1,0.02,0.00074273220037241,72.05175008402267
9801004,17.03107799002129,0.0,0.1,0.02,0.0005507331601046495,75.04260149045882
9801005,17.03361623771802,0.0,0.1,0.02,0.000549642073824146,75.06243266448823
9801006,16.90726790792519,0.0,0.1,0.02,0.0006064786980201809,74.07840952999659
9801278,0.017767733877116998,0.0,0.1,0.02,0.9982185015205527,0.017830872350542606
9801279,0.0,0.0,0.1,0.02,1.0,0.0
9801280,0.260029375153998,0.0,0.1,0.02,0.9730155231341279,0.2735524303425937
9801281,3.5896462982213517,0.0,0.1,0.02,0.5397356260219252,6.166758407488203
9801282,12.531046851239088,0.0,0.1,0.02,0.012355581324563658,43.9364738888289
9801283,16.887243953873202,0.0,0.1,0.02,0.000615974764161726,73.9230456253986
9801284,16.408643249278477,0.0,0.1,0.02,0.0008887133720585939,70.2573579056969
9801285,16.82294167888935,0.0,0.1,0.02,0.0006474160000134381,73.42521502515183
9801286,16.082901461531332,0.0,0.1,0.02,0.001134589310407539,67.81484534579667
9801287,15.617274022942125,0.0,0.1,0.02,0.0015968659363624078,64.3971236044747
9801288,15.508129371982692,0.0,0.1,0.02,0.0017278896517828304,63.60854469561315
9801289,15.805104352500218,0.0,0.1,0.02,0.001392663877711605,65.76536907118448
9801290,16.175970543744803,0.0,0.1,0.02,0.0010585687543195493,68.50837515016471
9801567,15.892250856754648,0.0,0.1,0.02,0.0013063767263675574,66.40497831555842
9801568,16.199942883102818,0.0,0.1,0.02,0.0010397684065609463,68.68757276626155
9801569,16.14861387412448,0.0,0.1,0.02,0.0010804085865369474,68.3041598852376
9801570,16.36662114852149,0.0,0.1,0.02,0.0009173808307276891,69.93987871236766
9801571,16.04708396625524,0.0,0.1,0.02,0.0011651721052740956,67.54886473026444
9801572,16.049058158908252,0.0,0.1,0.02,0.0011634667285302476,67.56351171651215
9801573,16.01888121406934,0.0,0.1,0.02,0.0011897890833902954,67.33979228416206
9801852,16.839863330200888,0.0,0.1,0.02,0.0006389998919896856,73.5560627261698
9801853,16.63652148694055,0.0,0.1,0.02,0.0007472362988466274,71.99129092402745
9801854,17.015284448797185,0.0,0.1,0.02,0.0005575677472124633,74.91926542349306
9801855,17.06548534768809,0.0,0.1,0.02,0.0005361136757202565,75.31164337811946
9801856,17.102995008095338,0.0,0.1,0.02,0.0005205897441017248,75.60548265748214
9801857,16.328547433070522,0.0,0.1,0.02,0.0009440948041014817,69.65283968787732
9802136,15.363167225747166,0.0,0.1,0.02,0.001917266382241058,62.56854866700154
9802137,15.118085309251693,0.0,0.1,0.02,0.0022814624886049835,60.82938599281407
9802138,15.479644592274932,0.0,0.1,0.02,0.0017636806180973644,63.40352393290424
9802139,15.75067304078143,0.0,0.1,0.02,0.0014492032898518277,65.36741328830122
9802140,15.789028783754254,0.0,0.1,0.02,0.0014091459362862262,65.64771477059833
9802420,16.000831452670365,0.0,0.1,0.02,0.0012057960728443676,67.20615288802341
9802421,16.708720532536454,0.0,0.1,0.02,0.0007069865686306315,72.5449888994175
9802422,16.72733434897915,0.0,0.1,0.02,0.000696942446803285,72.68807723348668
9802423,17.170399585819638,0.0,0.1,0.02,0.0004937444919693563,76.13492397316267
9802424,16.902473440053587,0.0,0.1,0.02,0.0006087398776234428,74.04119511839698
9802704,16.265655295695964,0.0,0.1,0.02,0.0009898111668963704,69.17996373537639
9802705,16.192046112490765,0.0,0.1,0.02,0.0010459269456328715,68.62851757429621
9802706,15.732623279382455,0.0,0.1,0.02,0.0014684159665638923,65.23571032957581
9802707,16.159048892433262,0.0,0.1,0.02,0.0010720290568779227,68.38202111404298
9802988,16.468433083912586,0.0,0.1,0.02,0.0008493586071200209,70.71029073177391
9802989,16.596191551314714,0.0,0.1,0.02,0.0007706389089478004,71.6829063529007
9802990,16.280038699310776,0.0,0.1,0.02,0.000979178041934924,69.28797070952207
9802991,16.714643110495494,0.0,0.1,0.02,0.000703776166781383,72.5905019727424
9879099,11.795801101752675,0.0,0.1,0.02,0.019017444626357245,39.6239858281746
9879100,13.456379150458467,0.0,0.1,0.02,0.006963168166543952,49.671207118637135
9879101,14.614666182733378,0.0,0.1,0.02,0.0032365867686558695,57.3323597092795
9879102,15.247817969306833,0.0,0.1,0.02,0.0020814284765098647,61.74700853433011
9879103,16.088824039490373,0.0,0.1,0.02,0.0011296046401833393,67.85887583422704
9879104,16.591679110964968,0.0,0.1,0.02,0.0007732994283986284,71.64844225521122
9879380,0.6348439517046089,0.0,0.1,0.02,0.9309544469812356,0.7154493203077937
9879381,6.081359453845617,0.0,0.1,0.02,0.25981261962995783,13.47794601522111
9879382,13.39320498556205,0.0,0.1,0.02,0.0072490902970169194,49.26879294261888
9879383,14.634690136785368,0.0,0.1,0.02,0.0031924963234699023,57.46952121672995
9879384,15.733187334426173,0.0,0.1,0.02,0.0014678120219297,65.23982407445581
9879385,16.01380471867588,0.0,0.1,0.02,0.0011942710219335004,67.30219303225303
9879386,16.51017315714772,0.0,0.1,0.02,0.0008228524394478388,71.02733669294793
9879387,16.322060800067764,0.0,0.1,0.02,0.000948717528662362,69.6039945522895
9879388,16.232376048116603,0.0,0.1,0.02,0.0010148258595423277,68.93038248161052
9879389,16.63652148694055,0.0,0.1,0.02,0.0007472362988466274,71.99129092402745
9879663,0.044560348453722,0.0,0.1,0.02,0.9955143434061308,0.044957473384585424
9879664,0.7851646208554559,0.0,0.1,0.02,0.9131582061704588,0.9084613172240743
9879665,6.147353893960623,0.0,0.1,0.02,0.25397115349054084,13.705345873479189
9879666,14.819418163603013,0.0,0.1,0.02,0.0028109158864205903,58.74244910514839
9879667,16.664160184082732,0.0,0.1,0.02,0.0007315823907637499,72.20300711223638
9879668,17.174347971125663,0.0,0.1,0.02,0.0004922128260272225,76.1659936177873
9879669,17.458349685637675,0.0,0.1,0.02,0.0003929946955619774,78.4171444348387
9879670,17.529138593624285,0.0,0.1,0.02,0.0003713639956270619,78.98327856052195
9879671,17.39855985100357,0.0,0.1,0.02,0.0004121786513251292,77.94053682879422
9879672,17.916644408658552,0.0,0.1,0.02,0.0002714351302190251,82.1178737819217
9879673,17.867571619855084,0.0,0.1,0.02,0.0002825204914792901,81.71759473798525
9879674,17.249931346983875,0.0,0.1,0.02,0.00046373570736692594,76.76195764211526
9879946,0.0016921651311539998,0.0,0.1,0.02,0.9998307405444262,0.0016927378157202185
9879947,0.0,0.0,0.1,0.02,1.0,0.0
9879948,0.59507807112249,0.0,0.1,0.02,0.9355785553069413,0.6659016532686627
9879949,6.189375994717613,0.0,0.1,0.02,0.25029749125389905,13.851051035514942
9879950,13.718664745787336,0.0,0.1,0.02,0.005881745409759667,51.359017227249
9879951,15.41534231729108,0.0,0.1,0.02,0.0018470051177681926,62.9418980691441
9879952,15.277712886623888,0.0,0.1,0.02,0.002037683797441053,61.959415095846616
9879953,16.267911515870836,0.0,0.1,0.02,0.0009881361625647326,69.19690053351144
9879954,16.22222305732968,0.0,0.1,0.02,0.001022573567307859,68.8543272416814
9879955,16.220530892198525,0.0,0.1,0.02,0.001023870180031034,68.84165537715187
9879956,16.089952149577808,0.0,0.1,0.02,0.0011286574855282725,67.86726418471852
9879957,16.643290147465166,0.0,0.1,0.02,0.0007433740905085839,72.04311153400738
9879958,17.18365487934701,0.0,0.1,0.02,0.0004886200383639006,76.23925388184827
9880230,0.001128110087436,0.0,0.1,0.02,0.9998871699044031,0.001128364613909875
9880231,0.000282027521859,0.0,0.1,0.02,0.9999717960547624,0.00028204342976361716
9880232,0.41288829200157595,0.0,0.1,0.02,0.9562858885521444,0.4469836403359717
9880233,5.054215219235139,0.0,0.1,0.02,0.3619231611982209,10.163233515704757
9880234,14.78078039310833,0.0,0.1,0.02,0.002887086491209625,58.475074198967455
9880235,17.517857492749926,0.0,0.1,0.02,0.0003747346539197304,78.89292372000887
9880236,17.13824844832771,0.0,0.1,0.02,0.0005063836155762822,75.88216042364915
9880237,16.80799422023082,0.0,0.1,0.02,0.000654936144647397,73.30972816169336
9880238,16.14551157138403,0.0,0.1,0.02,0.0010829114962981146,68.28102035172316
9880239,16.359006405431295,0.0,0.1,0.02,0.0009226667385358078,69.88242452001973
9880240,16.101797305495886,0.0,0.1,0.02,0.0011187567443824735,67.95537259895079
9880241,16.70731039492716,0.0,0.1,0.02,0.0007077529596968856,72.53415452141537
9880242,17.22849725532259,0.0,0.1,0.02,0.00047165061022257565,76.5927207906542
9880513,0.0016921651311539998,0.0,0.1,0.02,0.9998307405444262,0.0016927378157202185
9880514,0.0016921651311539998,0.0,0.1,0.02,0.9998307405444262,0.0016927378157202185
9880515,0.001410137609295,0.0,0.1,0.02,0.9998589564168905,0.0014105353069104297
9880516,0.293872677777078,0.0,0.1,0.02,0.9693645834030415,0.31114490792585203
9880517,3.6048757844017376,0.0,0.1,0.02,0.5377345904432397,6.203901668594947
9880518,13.753072103454134,0.0,0.1,0.02,0.00575177339039949,51.58247056001579
9880519,16.760049541514793,0.0,0.1,0.02,0.0006796108745938708,72.93990166832083
9880520,16.782329715741653,0.0,0.1,0.02,0.0006680384773043505,73.11164785331472
9880521,16.509609102104,0.0,0.1,0.02,0.0008232054406690476,71.02304764295906
9880522,16.542606322161504,0.0,0.1,0.02,0.0008027902301645484,71.27417110816505
9880523,17.238368218587656,0.0,0.1,0.02,0.00046799001457567004,76.67063598651025
9880524,17.46596442872787,0.0,0.1,0.02,0.0003906124322682233,78.47794711384532
9880525,16.773022807520306,0.0,0.1,0.02,0.0006728499818281824,73.03988162783958
9880526,16.274962203917312,0.0,0.1,0.02,0.0009829187315212198,69.24984115170471
9880797,0.0042304128278849995,0.0,0.1,0.02,0.9995766904101545,0.004233992106423866
9880798,0.0008460825655769999,0.0,0.1,0.02,0.9999153810067172,0.0008462257367185546
9880799,0.001974192653013,0.0,0.1,0.02,0.999802522287257,0.001974972140339242
9880800,0.137629430667192,0.0,0.1,0.02,0.9859577449969844,0.14141780270434706
9880801,3.518575362712884,0.0,0.1,0.02,0.5491053355011549,5.994649879330905
9880802,13.5765228747704,0.0,0.1,0.02,0.006447313446533108,50.440917548603196
9880803,16.886397871307626,0.0,0.1,0.02,0.0006163790464702648,73.91648448492816
9880804,16.51750587271605,0.0,0.1,0.02,0.0008182762271388536,71.0831059237579
9880805,16.663314101517155,0.0,0.1,0.02,0.0007320570227772216,72.19652147068125
9880806,16.7744329451296,0.0,0.1,0.02,0.0006721188942482991,73.05075307125946
9880807,16.751024660815304,0.0,0.1,0.02,0.0006843514135131215,72.8703900982638
9880808,16.656545440992538,0.0,0.1,0.02,0.0007358644225790475,72.14464664656239
9880809,16.345187056860205,0.0,0.1,0.02,0.0009323320740030174,69.77821504161028
9880810,16.45658792799451,0.0,0.1,0.02,0.000857024100833533,70.62044517435743
9881081,0.02256220174872,0.0,0.1,0.02,0.9977361651142918,0.02266401233826999
9881082,0.00564055043718,0.0,0.1,0.02,0.9994354680482564,0.005646913599026874
9881083,0.001410137609295,0.0,0.1,0.02,0.9998589564168905,0.0014105353069104297
9881084,0.18867641212367098,0.0,0.1,0.02,0.9806108188064941,0.19579616982204323
9881085,3.686381738218989,0.0,0.1,0.02,0.5270676449076974,6.40426380219388
9881086,13.383334022296985,0.0,0.1,0.02,0.007294708962517862,49.20605993277139
9881087,17.294773722959455,0.0,0.1,0.02,0.00044757728338291707,77.11661334863322
9881088,16.953802449031926,0.0,0.1,0.02,0.0005849357215163717,74.44008594519211
9881089,16.651468945599078,0.0,0.1,0.02,0.0007387320735320023,72.10575255484918
9881090,16.5378118542899,0.0,0.1,0.02,0.000805726982695663,71.2376560398682
9881091,16.2619889379118,0.0,0.1,0.02,0.0009925386757754016,69.15244578126493
9881092,16.480842294874382,0.0,0.1,0.02,0.0008413965522443619,70.80447484457844
9881093,16.4814063499181,0.0,0.1,0.02,0.0008410362963055683,70.80875740414223
9881094,16.493815560879895,0.0,0.1,0.02,0.0008331468913275065,70.90300591214464
9881365,0.001410137609295,0.0,0.1,0.02,0.9998589564168905,0.0014105353069104297
9881366,0.0025382476967309997,0.0,0.1,0.02,0.9997460786197915,0.002539536237004992
9881367,0.0016921651311539998,0.0,0.1,0.02,0.9998307405444262,0.0016927378157202185
9881368,0.13029671509885798,0.0,0.1,0.02,0.9867197548492072,0.1336921618919686
9881369,3.15306769438362,0.0,0.1,0.02,0.5980125807880629,5.141434871456747
9881370,12.01409040367154,0.0,0.1,0.02,0.016769786992636582,40.88176404919005
9881371,16.874270687867686,0.0,0.1,0.02,0.0006222010451508834,73.8224729373538
9881372,17.256135952464774,0.0,0.1,0.02,0.00046146785698721407,76.81098155445424
9881373,17.43155707106107,0.0,0.1,0.02,0.0004014854173986522,78.20339345539293
9881374,16.858759174165442,0.0,0.1,0.02,0.0006297226111716059,73.70231135266692
9881375,16.51835195528163,0.0,0.1,0.02,0.0008177497298534604,71.08954221899293
9881376,16.5708090743474,0.0,0.1,0.02,0.0007857159834834636,71.48915175004224
9881377,16.498045973707782,0.0,0.1,0.02,0.0008304731026406026,70.9351501638229
9881378,16.577859762393878,0.0,0.1,0.02,0.0007815005828674523,71.54294662271349
9881649,0.0,0.0,0.1,0.02,1.0,0.0
9881650,0.0,0.0,0.1,0.02,1.0,0.0
9881651,0.001410137609295,0.0,0.1,0.02,0.9998589564168905,0.0014105353069104297
9881652,0.180779641511619,0.0,0.1,0.02,0.9814427562106638,0.18731589726863287
9881653,3.157298107211505,0.0,0.1,0.02,0.5974405861795005,5.151004374771775
9881654,10.93674527017016,0.0,0.1,0.02,0.030625494322372965,34.85922469108803
9881655,16.322060800067764,0.0,0.1,0.02,0.000948717528662362,69.6039945522895
9881656,16.696875376618376,0.0,0.1,0.02,0.0007134483705386741,72.45400484508339
9881657,16.254938249865322,0.0,0.1,0.02,0.000997803519658012,69.09954175125226
9881658,16.316138222108727,0.0,0.1,0.02,0.0009529566418117239,69.55941151870019
9881659,16.24140092881609,0.0,0.1,0.02,0.0010079848134255125,68.99802175492573
9881660,16.17061202082948,0.0,0.1,0.02,0.0010628141134737944,68.46835064646845
9881661,16.289909662575838,0.0,0.1,0.02,0.000971942314433866,69.36214102555216
9881662,16.08684984683736,0.0,0.1,0.02,0.0011312639352448084,67.84419744577559
9881933,0.0008460825655769999,0.0,0.1,0.02,0.9999153810067172,0.0008462257367185546
9881934,0.0,0.0,0.1,0.02,1.0,0.0
9881935,0.0016921651311539998,0.0,0.1,0.02,0.9998307405444262,0.0016927378157202185
9881936,0.091094889560457,0.0,0.1,0.02,0.9907674298012902,0.09275454534126337
9881937,2.457869853001185,0.0,0.1,0.02,0.6930802611203867,3.666094695859598
9881938,10.433044116129986,0.0,0.1,0.02,0.03994416790849352,32.20272602195289
9881939,16.42753909324303,0.0,0.1,0.02,0.0008760961414600467,70.40034722524864
9881940,16.29244791027257,0.0,0.1,0.02,0.0009700897458943244,69.38121969206159
9881941,15.98531993896812,0.0,0.1,0.02,0.0012197113276441397,67.09141064920247
9881942,16.10913002106422,0.0,0.1,0.02,0.0011126681571882882,68.00994402817473
9881943,16.30062670840648,0.0,0.1,0.02,0.0009641426543829028,69.44271292576941
9881944,16.384670909920462,0.0,0.1,0.02,0.000904963535338349,70.07615907519923
9881945,16.50368652414496,0.0,0.1,0.02,0.0008269204735340395,70.97802030159374
9881946,16.78571404600396,0.0,0.1,0.02,0.0006662968105035553,73.13775325284689
9882218,0.0,0.0,0.1,0.02,1.0,0.0
9882219,0.014665431136668,0.0,0.1,0.02,0.998530236550721,0.01470844611075287
9882220,0.260029375153998,0.0,0.1,0.02,0.9730155231341279,0.2735524303425937
9882221,3.4542730877290317,0.0,0.1,0.02,0.5576256833523601,5.8406736006508435
9882222,12.531892933804665,0.0,0.1,0.02,0.012349297458627232,43.94156103467332
9882223,17.21495993427336,0.0,0.1,0.02,0.00047671444020222075,76.48592904200078
9882224,16.343494891729048,0.0,0.1,0.02,0.0009335220311307979,69.76545994692374
9882225,16.49014920309573,0.0,0.1,0.02,0.0008354706534208964,70.87515335116747
9882226,16.384388882398603,0.0,0.1,0.02,0.0009051563477569492,70.074028692332
9882227,16.959725026990963,0.0,0.1,0.02,0.000582245741833752,74.48617962521969
9882228,16.87906515573929,0.0,0.1,0.02,0.0006198932165015594,73.85963326207774
9882229,16.66246801895158,0.0,0.1,0.02,0.0007325319417443629,72.1900361154684
9882507,16.65372516577395,0.0,0.1,0.02,0.0007374562787783265,72.12303754520045
9882508,16.817865183495886,0.0,0.1,0.02,0.0006499609297523568,73.3859830495445
9882509,16.978620870955517,0.0,0.1,0.02,0.0005737404620025033,74.63333420688477
9882510,16.62608646863177,0.0,0.1,0.02,0.0007532271827777892,71.91143672111585
9882511,16.51863398280349,0.0,0.1,0.02,0.0008175743008467768,71.09168771436954
9882512,16.778663357957488,0.0,0.1,0.02,0.0006699300745366277,73.08337217389052
9882513,16.383260772311168,0.0,0.1,0.02,0.0009059279795040847,70.06550747902116
9882792,16.280884781876352,0.0,0.1,0.02,0.0009785558811139375,69.29432663802295
9882793,15.834153187251696,0.0,0.1,0.02,0.0013633321550366164,65.97823461872231
9882794,16.163561332783008,0.0,0.1,0.02,0.0010684241934199015,68.41570432451061
9882795,16.808840302796398,0.0,0.1,0.02,0.0006545083094776912,73.3162627677789
9882796,16.581808147699903,0.0,0.1,0.02,0.0007791491681488341,71.57308043712527
9883076,16.473791606827906,0.0,0.1,0.02,0.0008459118848665305,70.7509535878666
9883077,16.593089248574262,0.0,0.1,0.02,0.000772467098467141,71.65921141080442
9883078,16.47266349674047,0.0,0.1,0.02,0.0008466364271595102,70.74239203210966
9883079,16.325163102808215,0.0,0.1,0.02,0.0009465040419121885,69.62735316946636
9959755,11.982221293701473,0.0,0.1,0.02,0.01708260350855411,40.69694671994807
9959756,13.668745874418294,0.0,0.1,0.02,0.0060750390424807645,51.03566863030372
9959757,14.164832285368274,0.0,0.1,0.02,0.004386021609863769,54.293327019890555
9959758,14.627639448738893,0.0,0.1,0.02,0.00320795806291757,57.421206617199346
9959759,15.872790957746378,0.0,0.1,0.02,0.0013252038907897196,66.26188951540942
9959760,16.81166057801499,0.0,0.1,0.02,0.0006530840746422743,73.33804685609165
9960036,1.049706436359198,0.0,0.1,0.02,0.8807263487224106,1.2700831568659834
9960037,6.479018259666806,0.0,0.1,0.02,0.2259468739980079,14.874553781485986
9960038,13.452994820196158,0.0,0.1,0.02,0.006978223729106472,49.64960874664109
9960039,14.551492017836964,0.0,0.1,0.02,0.00337936451429163,56.900676006871535
9960040,15.071832795666818,0.0,0.1,0.02,0.0023569516797578155,60.50386155977439
9960041,16.203891268408846,0.0,0.1,0.02,0.0010367017790056743,68.71710971609212
9960042,17.035872457892893,0.0,0.1,0.02,0.0005486739154649318,75.08006253821162
9960043,17.76999009729187,0.0,0.1,0.02,0.000305839540533826,80.9244997088621
9960044,18.00463699547856,0.0,0.1,0.02,0.00025257488819101215,82.83802766326961
9960045,17.339898126456895,0.0,0.1,0.02,0.00043185047454909415,77.47431153363755
9960319,0.063738219940134,0.0,0.1,0.02,0.9935657160213714,0.06455073207636138
9960320,0.8551074462764879,0.0,0.1,0.02,0.9047153460398882,1.0013491952119873
9960321,6.73481722199292,0.0,0.1,0.02,0.20584393745557236,15.806369824723406
9960322,15.965860039959848,0.0,0.1,0.02,0.001237379130880115,66.94759740307718
9960323,16.9326503848925,0.0,0.1,0.02,0.0005946378342762932,74.27558019629252
9960324,17.19239773252464,0.0,0.1,0.02,0.0004852673561483008,76.30810569118832
9960325,16.797559201922038,0.0,0.1,0.02,0.000660234275510376,73.22915823033718
9960326,16.96621165999372,0.0,0.1,0.02,0.0005793128328120639,74.5366792783351
9960327,16.751024660815304,0.0,0.1,0.02,0.0006843514135131215,72.8703900982638
9960328,17.317053897186316,0.0,0.1,0.02,0.00043974633736690446,77.29312503279746
9960329,17.094534182439567,0.0,0.1,0.02,0.0005240542248097314,75.53915396535854
9960330,17.32213039257978,0.0,0.1,0.02,0.00043798010718341143,77.333370660087
9960602,0.0008460825655769999,0.0,0.1,0.02,0.9999153810067172,0.0008462257367185546
9960603,0.030176944838913,0.0,0.1,0.02,0.9969686962631286,0.030359074438875158
9960604,0.708453134909808,0.0,0.1,0.02,0.9223011974802459,0.8088343037825149
9960605,5.738696014786932,0.0,0.1,0.02,0.2915562744662749,12.325222404813214
9960606,14.72465691625839,0.0,0.1,0.02,0.0030011008198916164,58.08776117656159
9960607,16.179918929050828,0.0,0.1,0.02,0.0010554506742153063,68.53787423918229
9960608,16.03072636998742,0.0,0.1,0.02,0.0011793918013243449,67.42756395986943
9960609,16.631727019068947,0.0,0.1,0.02,0.0007499833327780467,71.95459574643456
9960610,15.842049957863747,0.0,0.1,0.02,0.0013554579203622831,66.0361593313539
9960611,16.043135580949215,0.0,0.1,0.02,0.0011685898149645913,67.51957543469295
9960612,15.688062930928734,0.0,0.1,0.02,0.0015168603135279708,64.91112663588478
9960613,15.778311737923612,0.0,0.1,0.02,0.0014202340460701512,65.56933599774322
9960614,15.93991350794882,0.0,0.1,0.02,0.0012613052221188059,66.75608203612667
9960615,16.18189312170384,0.0,0.1,0.02,0.00105389483359365,68.55262612215306
9960886,0.001410137609295,0.0,0.1,0.02,0.9998589564168905,0.0014105353069104297
9960887,0.013255293527372999,0.0,0.1,0.02,0.9986718393781934,0.013290434088672363
9960888,0.42332331031035897,0.0,0.1,0.02,0.955121822765093,0.4591638353207831
9960889,5.163641897716431,0.0,0.1,0.02,0.35006790020498235,10.49628142728694
9960890,13.777890525377726,0.0,0.1,0.02,0.005659643361298119,51.74394399123639
9960891,15.524204940728653,0.0,0.1,0.02,0.0017079878881162331,63.72439274907744
9960892,16.19430233266564,0.0,0.1,0.02,0.0010441639160846904,68.6453879410216
9960893,16.14833184660262,0.0,0.1,0.02,0.001080635901731147,68.3020561322027
9960894,16.421052460240276,0.0,0.1,0.02,0.0008804085260538181,70.35124524063292
9960895,16.680517780350556,0.0,0.1,0.02,0.0007224623526118929,72.32845246446877
9960896,16.4422045243797,0.0,0.1,0.02,0.000866418729525492,70.51142244868616
9960897,16.184431369400574,0.0,0.1,0.02,0.0010518975956351987,68.57159511956804
9960898,16.480278239830664,0.0,0.1,0.02,0.000841756951785477,70.80019241227788
9960899,16.49014920309573,0.0,0.1,0.02,0.0008354706534208964,70.87515335116747
9961169,0.000282027521859,0.0,0.1,0.02,0.9999717960547624,0.00028204342976361716
9961170,0.000282027521859,0.0,0.1,0.02,0.9999717960547624,0.00028204342976361716
9961171,0.000564055043718,0.0,0.1,0.02,0.9999435897235859,0.0005641186753364687
9961172,0.398222860864908,0.0,0.1,0.02,0.9579172189518179,0.42993915024799434
9961173,5.359086970364718,0.0,0.1,0.02,0.329458474046344,11.103049601551296
9961174,14.664020999058705,0.0,0.1,0.02,0.0031289044955313183,57.67072337122564
9961175,16.872578522736532,0.0,0.1,0.02,0.0006230174858524184,73.80935972391856
9961176,16.290191690097696,0.0,0.1,0.02,0.0009717363112675715,69.36426075012331
9961177,16.59337127609612,0.0,0.1,0.02,0.0007723007326442924,71.66136533737048
9961178,16.332777845898406,0.0,0.1,0.02,0.0009410912725052109,69.68470427859236
9961179,16.48958514805201,0.0,0.1,0.02,0.000835828690203417,70.8708688190235
9961180,16.627496606241063,0.0,0.1,0.02,0.0007524149970631041,71.92222528435268
9961181,16.096438782580567,0.0,0.1,0.02,0.0011232256281304418,67.91550707885331
9961182,16.18330325931314,0.0,0.1,0.02,0.0010527848227382527,68.5631641358922
9961183,16.22194102980782,0.0,0.1,0.02,0.001022789563478975,68.8522151847203
9961452,0.0,0.0,0.1,0.02,1.0,0.0
9961453,0.001128110087436,0.0,0.1,0.02,0.9998871699044031,0.001128364613909875
9961454,0.0,0.0,0.1,0.02,1.0,0.0
9961455,0.000282027521859,0.0,0.1,0.02,0.9999717960547624,0.00028204342976361716
9961456,0.280617384249705,0.0,0.1,0.02,0.9707981985636953,0.2963666075183343
9961457,3.980254415996067,0.0,0.1,0.02,0.4892537803442743,7.148739459207306
9961458,13.478659324685328,0.0,0.1,0.02,0.006864781445735826,49.81351076287068
9961459,15.648861105390333,0.0,0.1,0.02,0.001560696335419469,64.62623188455001
9961460,16.463638616040985,0.0,0.1,0.02,0.0008524535891263956,70.67391791196016
9961461,15.915941168590805,0.0,0.1,0.02,0.0012837910989147898,66.57937782499954
9961462,16.12887194759435,0.0,0.1,0.02,0.0010964282795229605,68.15697400797356
9961463,16.674595202391515,0.0,0.1,0.02,0.0007257521275740942,72.28302023511515
9961464,16.65908368868927,0.0,0.1,0.02,0.000734434490329858,72.16409755803986
9961465,16.96169921964398,0.0,0.1,0.02,0.0005813516525082311,74.50154730317821
9961466,16.948725953638462,0.0,0.1,0.02,0.0005872506518658584,74.40058824394606
9961467,17.22624103514772,0.0,0.1,0.02,0.00047249107148601227,76.57491707534915
9961736,0.0008460825655769999,0.0,0.1,0.02,0.9999153810067172,0.0008462257367185546
9961737,0.001974192653013,0.0,0.1,0.02,0.999802522287257,0.001974972140339242
9961738,0.004512440349744,0.0,0.1,0.02,0.999548450701752,0.004516512773325999
9961739,0.011845155918077999,0.0,0.1,0.02,0.9988133828413972,0.011873217461822714
9961740,0.331946393228043,0.0,0.1,0.02,0.9652207884591193,0.3539840748234643
9961741,4.451522405022455,0.0,0.1,0.02,0.4310749634212868,8.414732749505836
9961742,13.523783728182767,0.0,0.1,0.02,0.006669349838109233,50.10232899351496
9961743,16.48168837743996,0.0,0.1,0.02,0.0008408562221706914,70.81089873164785
9961744,16.22476130502641,0.0,0.1,0.02,0.00102063150715348,68.87333718604286
9961745,15.81864167354945,0.0,0.1,0.02,0.0013789228124876458,65.86452655278052
9961746,15.70583066480585,0.0,0.1,0.02,0.001497369459724365,65.04045403911701
9961747,16.125205589810182,0.0,0.1,0.02,0.0010994275263343848,68.12965665253928
9961748,16.34011056146674,0.0,0.1,0.02,0.0009359061820472689,69.73995319365812
9961749,16.66218599142972,0.0,0.1,0.02,0.0007326903118616956,72.18787439402908
9961750,16.818429238539604,0.0,0.1,0.02,0.0006496776995527329,73.39034164889237
9961751,17.732762464406484,0.0,0.1,0.02,0.0003152030452119106,80.62293538821919
9962020,0.001128110087436,0.0,0.1,0.02,0.9998871699044031,0.001128364613909875
9962021,0.045970486063017,0.0,0.1,0.02,0.9953714306776988,0.046393143180791005
9962022,0.004512440349744,0.0,0.1,0.02,0.999548450701752,0.004516512773325999
9962023,0.001410137609295,0.0,0.1,0.02,0.9998589564168905,0.0014105353069104297
9962024,0.241133531189445,0.0,0.1,0.02,0.9750405094278881,0.2527626071622232
9962025,4.097013810045693,0.0,0.1,0.02,0.4745388331190037,7.454118241986719
9962026,11.831336569506908,0.0,0.1,0.02,0.018634433293691258,39.82744157369721
9962027,15.107932318464771,0.0,0.1,0.02,0.002297840269096308,60.75785610632723
9962028,15.54225470212763,0.0,0.1,0.02,0.0016858943327109923,63.85459094728932
9962029,15.411675959506914,0.0,0.1,0.02,0.001851863751872978,62.915627135675585
9962030,16.15679267225839,0.0,0.1,0.02,0.0010738357191155258,68.36518256312688
9962031,16.647802587814912,0.0,0.1,0.02,0.0007408096273465129,72.07766878838628
9962032,16.609446844842086,0.0,0.1,0.02,0.0007628728584471174,71.78419174316903
9962033,17.027975687280843,0.0,0.1,0.02,0.0005520694585698972,75.01836688860635
9962034,16.89288450431038,0.0,0.1,0.02,0.0006132858681251392,73.96679387950434
9962035,16.826890064195375,0.0,0.1,0.02,0.0006454430414034163,73.45573591069879
9962303,0.001974192653013,0.0,0.1,0.02,0.999802522287257,0.001974972140339242
9962304,0.007332715568334,0.0,0.1,0.02,0.9992659226355329,0.007343469311855217
9962305,0.000282027521859,0.0,0.1,0.02,0.9999717960547624,0.00028204342976361716
9962306,0.0033843302623079996,0.0,0.1,0.02,0.9996613952394786,0.0033866210005728745
9962307,0.027356669620322998,0.0,0.1,0.02,0.9972531448200034,0.027506347094866098
9962308,0.29443673282079597,0.0,0.1,0.02,0.9693034743736878,0.3117753307476329
9962309,2.9497258511232807,0.0,0.1,0.02,0.6256336911581739,4.689902370480273
9962310,11.150522131739283,0.0,0.1,0.02,0.027276354452331498,36.0173508938208
9962311,16.632291074112665,0.0,0.1,0.02,0.0007496596646490067,71.95891234891423
9962312,17.340744209022475,0.0,0.1,0.02,0.00043156060069912087,77.48102615357178
9962313,17.21524196179522,0.0,0.1,0.02,0.0004766084268662702,76.4881531224262
9962314,16.553323367992146,0.0,0.1,0.02,0.0007962617238900745,71.35582627305511
9962315,16.780073495566782,0.0,0.1,0.02,0.0006692019466805163,73.09424679889133
9962316,16.711540807755043,0.0,0.1,0.02,0.0007054561069267431,72.56666004160746
9962317,16.908678045534487,0.0,0.1,0.02,0.0006058151390505221,74.08935669504248
9962318,16.47604782700278,0.0,0.1,0.02,0.0008444645309531362,70.76807822653939
9962319,16.345751111903922,0.0,0.1,0.02,0.0009319357350766162,69.78246699436558
9962588,0.000564055043718,0.0,0.1,0.02,0.9999435897235859,0.0005641186753364687
9962589,0.000282027521859,0.0,0.1,0.02,0.9999717960547624,0.00028204342976361716
9962590,0.0,0.0,0.1,0.02,1.0,0.0
9962591,0.001410137609295,0.0,0.1,0.02,0.9998589564168905,0.0014105353069104297
9962592,0.078403651076802,0.0,0.1,0.02,0.9920683153802304,0.07963307757723659
9962593,2.407386926588424,0.0,0.1,0.02,0.700018210732474,3.5664892894501956
9962594,10.39553445572274,0.0,0.1,0.02,0.04072569015284962,32.00896177974647
9962595,16.66726248682318,0.0,0.1,0.02,0.0007298445258624234,72.22679024775583
9962596,16.64216203737773,0.0,0.1,0.02,0.0007440164975099549,72.03447349304503
9962597,16.35167368986296,0.0,0.1,0.02,0.0009277836221227718,69.82712018181427
9962598,16.33531609359514,0.0,0.1,0.02,0.0009392934193350839,69.70382646912881
9962599,16.485354735224128,0.0,0.1,0.02,0.0008385185212064223,70.83873888445945
9962600,16.813352743146144,0.0,0.1,0.02,0.0006522309221775943,73.35111883623813
9962601,16.410053386887775,0.0,0.1,0.02,0.0008877659834098624,70.26802381898916
9962602,16.43148747854906,0.0,0.1,0.02,0.0008734808403204054,70.43024363009195
9962872,0.0,0.0,0.1,0.02,1.0,0.0
9962873,0.0,0.0,0.1,0.02,1.0,0.0
9962874,0.0,0.0,0.1,0.02,1.0,0.0
9962875,0.0016921651311539998,0.0,0.1,0.02,0.9998307405444262,0.0016927378157202185
9962876,0.247902191714061,0.0,0.1,0.02,0.974316256765958,0.260193291045388
9962877,3.173655703479327,0.0,0.1,0.02,0.5952300075446465,5.188073808324699
9962878,12.373957521563625,0.0,0.1,0.02,0.013572735418670451,42.99692247065583
9962879,16.838453192591594,0.0,0.1,0.02,0.000639697315739391,73.5451543764112
9962880,16.658801661167413,0.0,0.1,0.02,0.0007345932437236413,72.16193621839024
9962881,16.108283938498644,0.0,0.1,0.02,0.0011133691141547324,68.00364622715733
9962882,16.005343893020108,0.0,0.1,0.02,0.0012017757167775453,67.23955051978731
9962883,16.34857138712251,0.0,0.1,0.02,0.000929956388772931,69.80372866709068
9962884,16.752716825946457,0.0,0.1,0.02,0.0006834602202264043,72.88342103601636
9962885,16.045955856167804,0.0,0.1,0.02,0.0011661476467226628,67.54049572378499
9962886,16.104617580714475,0.0,0.1,0.02,0.0011164113313048352,67.97635906492603
9963156,0.0,0.0,0.1,0.02,1.0,0.0
9963157,0.0,0.0,0.1,0.02,1.0,0.0
9963158,0.0,0.0,0.1,0.02,1.0,0.0
9963159,0.005076495393461999,0.0,0.1,0.02,0.9994919641384873,0.005081649554557968
9963162,14.23674930344232,0.0,0.1,0.02,0.00418028628763677,54.77375544925539
9963163,17.117942466753863,0.0,0.1,0.02,0.0005145214397197699,75.72273332577294
9963164,16.815890990842874,0.0,0.1,0.02,0.0006509531429363354,73.37072895402497
9963165,16.993286302092184,0.0,0.1,0.02,0.0005672194925257502,74.74764217106696
9963166,16.42218057032771,0.0,0.1,0.02,0.0008796571306103173,70.35978350721751
9963167,16.004215782932672,0.0,0.1,0.02,0.0012027796392018483,67.23120034826692
9963168,16.762023734167805,0.0,0.1,0.02,0.000678577972255924,72.95511166712876
9963169,16.620727945716446,0.0,0.1,0.02,0.0007563209434623754,71.87044743482036
9963448,15.654219628305654,0.0,0.1,0.02,0.0015546360592299266,64.66513806255165
9963449,15.895353159495098,0.0,0.1,0.02,0.0013033982883958839,66.42780357250926
9963450,15.759979949002778,0.0,0.1,0.02,0.0014393878574612338,65.4353735475967
9963451,15.89478910445138,0.0,0.1,0.02,0.0013039393543690634,66.42365323944864
9963452,15.877585425617982,0.0,0.1,0.02,0.0013205421308407897,66.29712921517729
9963734,16.65908368868927,0.0,0.1,0.02,0.000734434490329858,72.16409755803986
10040411,11.312123901764489,0.0,0.1,0.02,0.02495963563475826,36.90495333553878
10040412,12.825201556538024,0.0,0.1,0.02,0.010334824625613102,45.7223605497031
10040413,13.825271149050039,0.0,0.1,0.02,0.005487461251696091,52.052895618001116
10040414,14.795445824244998,0.0,0.1,0.02,0.0028579550562644485,58.57648925187875
10040415,16.119565039373004,0.0,0.1,0.02,0.0011040566212162449,68.08764045108828
10040416,16.782047688219794,0.0,0.1,0.02,0.0006681838077229487,73.10947261015646
10040692,0.89966779473021,0.0,0.1,0.02,0.8992854078707848,1.0615482229051538
10040693,6.536833901647902,0.0,0.1,0.02,0.2212886459649116,15.082873393194568
10040694,13.385308214949998,0.0,0.1,0.02,0.007285564592299593,49.21860341679158
10040695,14.991736979458862,0.0,0.1,0.02,0.0024931277028811256,59.94217251171373
10040696,15.310710106681391,0.0,0.1,0.02,0.001990383609789393,62.19427890084853
10040697,15.766184554483676,0.0,0.1,0.02,0.0014328784388467255,65.4806996356916
10040698,16.657391523558115,0.0,0.1,0.02,0.0007353874904811356,72.15112999737926
10040699,17.35005111724382,0.0,0.1,0.02,0.0004283839919536356,77.55490587143852
10040700,17.487398520389153,0.0,0.1,0.02,0.0003839792695974613,78.64921992257091
10040701,17.132043842846812,0.0,0.1,0.02,0.0005088573129278079,75.83342908949189
10040702,17.061536962382064,0.0,0.1,0.02,0.0005377727060071145,75.28074566612794
10040976,1.036169115309966,0.0,0.1,0.02,0.8824176224111242,1.2508984024144134
10040977,7.777754997827501,0.0,0.1,0.02,0.13701772856978017,19.876449559073638
10040978,15.43198194108076,0.0,0.1,0.02,0.0018251017744057318,63.0611952670493
10040979,15.973192755528181,0.0,0.1,0.02,0.001230694036199786,67.00177011657978
10040980,16.191482057447047,0.0,0.1,0.02,0.0010463681346585788,68.62430030077297
10040981,16.587166670615225,0.0,0.1,0.02,0.000775968500893586,71.61398630236894
10040982,17.134300063021684,0.0,0.1,0.02,0.0005079564820579795,75.85114779295466
10040983,16.844939825594352,0.0,0.1,0.02,0.000636495037133045,73.59533937117328
10040984,17.404200401440747,0.0,0.1,0.02,0.0004103320399785128,77.9854387241428
10040985,17.08776552191495,0.0,0.1,0.02,0.0005268413160495587,75.486111628304
10040986,17.645615960152053,0.0,0.1,0.02,0.0003381852119267063,79.91916848278663
10040987,17.165887145469892,0.0,0.1,0.02,0.0004955004260444976,76.09942344367158
10041259,0.017485706355258,0.0,0.1,0.02,0.9982468529267481,0.017546856340606463
10041260,0.671507529546279,0.0,0.1,0.02,0.9266594023384753,0.7616920019937483
10041261,6.046388041135101,0.0,0.1,0.02,0.26294379654458666,13.358149709931414
10041262,14.746373035441533,0.0,0.1,0.02,0.0029565043908530613,58.23747657552096
10041263,16.135922635640824,0.0,0.1,0.02,0.001090681826251165,68.20952249631802
10041264,16.11674476415441,0.0,0.1,0.02,0.0011063779445123559,68.06663712273414
10041265,16.214608314239488,0.0,0.1,0.02,0.001028420357857192,68.79731287108035
10041266,16.421616515283993,0.0,0.1,0.02,0.0008800327537366772,70.35551431029359
10041267,16.36915939621822,0.0,0.1,0.02,0.000915625127602457,69.95903526397805
10041268,16.285961277269813,0.0,0.1,0.02,0.0009748306228400073,69.33246822221616
10041269,16.90190938500987,0.0,0.1,0.02,0.0006090064155879553,74.0368175568268
10041270,17.17801432890983,0.0,0.1,0.02,0.0004907945455499849,76.1948495857561
10041271,16.80545597253409,0.0,0.1,0.02,0.0006562212161343061,73.29012606149044
10041542,0.001128110087436,0.0,0.1,0.02,0.9998871699044031,0.001128364613909875
10041543,0.054431311718787,0.0,0.1,0.02,0.9945127238758257,0.05502386525787255
10041544,0.5767462822016549,0.0,0.1,0.02,0.9376979903757653,0.6432735370083411
10041545,6.341952884043333,0.0,0.1,0.02,0.2372590691540534,14.386026160728441
10041546,15.517154252682179,0.0,0.1,0.02,0.0017166905382426472,63.6735694729887
10041547,16.54119618455221,0.0,0.1,0.02,0.0008036529447212498,71.26343042772113
10041548,16.122103287069734,0.0,0.1,0.02,0.0011019712949990937,68.10654616685868
10041549,16.781201605654218,0.0,0.1,0.02,0.0006686199759406738,73.10294707157655
10041550,16.547964845076823,0.0,0.1,0.02,0.0007995197726027353,71.31499294785651
10041551,16.074722663397424,0.0,0.1,0.02,0.0011415064512646388,67.75406440442597
10041552,16.199942883102818,0.0,0.1,0.02,0.0010397684065609463,68.68757276626155
10041553,16.1429733236873,0.0,0.1,0.02,0.0010849633330829774,68.26209086954327
10041554,16.940829183026413,0.0,0.1,0.02,0.0005908686672594174,74.33916786472228
10041555,16.36549303843405,0.0,0.1,0.02,0.0009181621475124507,69.93136551664071
10041826,0.000564055043718,0.0,0.1,0.02,0.9999435897235859,0.0005641186753364687
10041827,0.011845155918077999,0.0,0.1,0.02,0.9988133828413972,0.011873217461822714
10041828,0.321229347397401,0.0,0.1,0.02,0.9663910619906332,0.34186700612327303
10041829,4.738344394753058,0.0,0.1,0.02,0.39737590133101464,9.228725915410603
10041830,13.934415800009472,0.0,0.1,0.02,0.0051087503542089005,52.768004537520184
10041831,15.478234454665637,0.0,0.1,0.02,0.0017654700934906658,63.39338282138533
10041832,15.463851051050828,0.0,0.1,0.02,0.0017838186712132444,63.28998891686798
10041833,15.580610445100454,0.0,0.1,0.02,0.0016398188815082157,64.13169481349513
10041834,15.686652793319437,0.0,0.1,0.02,0.0015184172090563141,64.90086796495073
10041835,16.180200956572687,0.0,0.1,0.02,0.0010552282807966937,68.53998155558783
10041836,16.581244092656185,0.0,0.1,0.02,0.0007794846806338493,71.56877522470532
10041837,16.719437578367096,0.0,0.1,0.02,0.0007011872301018382,72.62735616574984
10041838,16.50368652414496,0.0,0.1,0.02,0.0008269204735340395,70.97802030159374
10041839,16.473227551784188,0.0,0.1,0.02,0.000846274083857884,70.74667274635652
10042109,0.0,0.0,0.1,0.02,1.0,0.0
10042110,0.0,0.0,0.1,0.02,1.0,0.0
10042111,0.0042304128278849995,0.0,0.1,0.02,0.9995766904101545,0.004233992106423866
10042112,0.442219154274912,0.0,0.1,0.02,0.9530069610159763,0.48133071035643565
10042113,4.913201458305639,0.0,0.1,0.02,0.37752778240415524,9.74111117228497
10042114,15.277712886623888,0.0,0.1,0.02,0.002037683797441053,61.959415095846616
10042115,16.42725706572117,0.0,0.1,0.02,0.0008762832271341171,70.3982120063784
10042116,16.710694725189466,0.0,0.1,0.02,0.0007059149208185094,72.56015836488447
10042117,17.20593505357387,0.0,0.1,0.02,0.0004801185397622286,76.41477526713429
10042118,16.799251367053195,0.0,0.1,0.02,0.0006593724117773712,73.24222066574092
10042119,16.611985092538816,0.0,0.1,0.02,0.0007613940843008272,71.8035948354852
10042120,16.40525891901617,0.0,0.1,0.02,0.0008909909426680929,70.23176295900808
10042121,16.494379615923613,0.0,0.1,0.02,0.0008327899238365589,70.90729139876288
10042122,16.818429238539604,0.0,0.1,0.02,0.0006496776995527329,73.39034164889237
10042123,17.04292314593937,0.0,0.1,0.02,0.0005456586822572522,75.13516901761855
10042393,0.000282027521859,0.0,0.1,0.02,0.9999717960547624,0.00028204342976361716
10042394,0.001128110087436,0.0,0.1,0.02,0.9998871699044031,0.001128364613909875
10042395,0.006486633002757,0.0,0.1,0.02,0.9993507060541722,0.006495048284299491
10042396,0.45970486063016996,0.0,0.1,0.02,0.9510419963226413,0.5019705724075708
10042397,4.314739056920841,0.0,0.1,0.02,0.4476187701709796,8.03813368278447
10042398,12.980880748604193,0.0,0.1,0.02,0.009389592583423442,46.68153375050078
10042399,15.296326703066581,0.0,0.1,0.02,0.00201087589646474,62.091848824456136
10042400,15.793541224103999,0.0,0.1,0.02,0.0014045012655395195,65.68073010359849
10042401,16.21291614910833,0.0,0.1,0.02,0.0010297238535140084,68.78464616071187
10042402,16.025085819550238,0.0,0.1,0.02,0.001184332336335104,67.38576092434026
10042403,16.460818340822392,0.0,0.1,0.02,0.0008542790654072188,70.65252643073336
10042404,16.39623403831668,0.0,0.1,0.02,0.000897091031540811,70.16353216616758
10042405,16.63313715667824,0.0,0.1,0.02,0.0007491744064683794,71.9653874912523
10042406,16.993004274570325,0.0,0.1,0.02,0.0005673442401552704,74.7454431296834
10042407,16.76569009195197,0.0,0.1,0.02,0.0006766636082849324,72.98336294382726
10042677,0.013537321049231998,0.0,0.1,0.02,0.9986435235608504,0.013573972861469994
10042678,0.006768660524615999,0.0,0.1,0.02,0.9993224472948025,0.006777823477675498
10042679,0.000564055043718,0.0,0.1,0.02,0.9999435897235859,0.0005641186753364687
10042680,0.32235745748483696,0.0,0.1,0.02,0.9662680175651452,0.34314032356405466
10042681,4.291894827650262,0.0,0.1,0.02,0.450410131933757,7.9759670699724765
10042682,13.711614057740862,0.0,0.1,0.02,0.005908704908810929,51.31328607142822
10042683,17.328899053104394,0.0,0.1,0.02,0.00043563546526940647,77.38704753164086
10042684,17.091431879699115,0.0,0.1,0.02,0.0005253299261777643,75.51484061937816
10042685,17.139658585937006,0.0,0.1,0.02,0.0005058229821950748,75.89323787443382
10042686,17.106661365879503,0.0,0.1,0.02,0.0005190951292066659,75.63423398325438
10042687,17.454965355375368,0.0,0.1,0.02,0.00039405784422651586,78.39012846684624
10042688,17.668178161900773,0.0,0.1,0.02,0.0003320887825748142,80.10108207403425
10042689,17.412661227096518,0.0,0.1,0.02,0.0004075766507784014,78.0528154290226
10042690,17.394047410653823,0.0,0.1,0.02,0.0004136615429738113,77.90462447546842
10042961,0.0042304128278849995,0.0,0.1,0.02,0.9995766904101545,0.004233992106423866
10042962,0.0008460825655769999,0.0,0.1,0.02,0.9999153810067172,0.0008462257367185546
10042963,0.000564055043718,0.0,0.1,0.02,0.9999435897235859,0.0005641186753364687
10042964,0.190086549732966,0.0,0.1,0.02,0.9804620754294386,0.19731312901084266
10042965,3.747581710462392,0.0,0.1,0.02,0.519106847789605,6.556455445780838
10042966,11.741369790033888,0.0,0.1,0.02,0.0196175193042739,39.31332269929798
10042967,17.044051256026805,0.0,0.1,0.02,0.0005451776844272684,75.14398789964059
10042968,16.990748054395453,0.0,0.1,0.02,0.00056834314428148,74.72785194398404
10042969,17.23695808097836,0.0,0.1,0.02,0.00046851132400666575,76.6595028580594
10042970,16.505660716797973,0.0,0.1,0.02,0.0008256803988579016,70.99302785640754
10042971,16.53245333137458,0.0,0.1,0.02,0.0008090210704259705,71.19685596219027
10042972,16.1993788280591,0.0,0.1,0.02,0.0010402071831467092,68.68335371105297
10042973,16.530761166243426,0.0,0.1,0.02,0.0008100639106835184,71.18397411331978
10042974,16.522864395631373,0.0,0.1,0.02,0.0008149470661910151,71.12387396291595
10043246,0.0,0.0,0.1,0.02,1.0,0.0
10043247,0.001128110087436,0.0,0.1,0.02,0.9998871699044031,0.001128364613909875
10043248,0.37143024628830296,0.0,0.1,0.02,0.9608833770666578,0.39902233185986086
10043249,2.45081916495471,0.0,0.1,0.02,0.6940493523679232,3.6521220808165706
10043250,10.71422555542341,0.0,0.1,0.02,0.03448209274416623,33.673151405921026
10043251,16.981159118652247,0.0,0.1,0.02,0.0005726068444290872,74.65311212124952
10043252,16.352237744906677,0.0,0.1,0.02,0.0009273890810395935,69.8313735980968
10043253,16.216018451848782,0.0,0.1,0.02,0.001027335282138683,68.80786933798882
10043254,16.242529038903527,0.0,0.1,0.02,0.0010071327008940026,69.0064789548284
10043255,16.39623403831668,0.0,0.1,0.02,0.000897091031540811,70.16353216616758
10043256,16.115334626545117,0.0,0.1,0.02,0.0011075403036329267,68.05613665164994
10043257,16.1429733236873,0.0,0.1,0.02,0.0010849633330829774,68.26209086954327
10043258,16.529069001112273,0.0,0.1,0.02,0.0008111080022759408,71.1710934098184
10043530,0.000564055043718,0.0,0.1,0.02,0.9999435897235859,0.0005641186753364687
10043531,0.0008460825655769999,0.0,0.1,0.02,0.9999153810067172,0.0008462257367185546
10043532,0.26990033841906297,0.0,0.1,0.02,0.9719538474508266,0.2844695769548079
10043533,3.263340455430489,0.0,0.1,0.02,0.5831435689062517,5.393218641040343
10043534,13.042926803413172,0.0,0.1,0.02,0.009034980869426477,47.06651472325192
10043535,17.055332356901165,0.0,0.1,0.02,0.0005403894515494882,75.23220471777313
10043536,15.768440774658549,0.0,0.1,0.02,0.0014305181370381954,65.49718566744141
10043537,15.259663125224913,0.0,0.1,0.02,0.0020639932815533684,61.8311268642947
10043538,16.03326461768415,0.0,0.1,0.02,0.0011771748009180164,67.44637947782066
10043539,16.410335414409634,0.0,0.1,0.02,0.0008875766184354337,70.27015709709504
10043540,16.76907442221428,0.0,0.1,0.02,0.000674900974852086,73.00944581776653
10043541,17.311977401792856,0.0,0.1,0.02,0.0004415192350451922,77.25288971383016
10043815,0.040893990669555,0.0,0.1,0.02,0.9958856418229407,0.04122845436413133
10043816,0.316152852003939,0.0,0.1,0.02,0.966944346701609,0.33614337716998394
10043817,4.396527038259951,0.0,0.1,0.02,0.43769117211609515,8.262417037890113
10043818,13.276727619034283,0.0,0.1,0.02,0.007804126183250644,48.53102687303983
10043819,15.723316371161108,0.0,0.1,0.02,0.0014784142900000304,65.16785191268569
10043820,15.931170654771192,0.0,0.1,0.02,0.0012694633408141837,66.69161034105974
10043821,16.09164431470896,0.0,0.1,0.02,0.0011272381348206683,67.87984766493001
10043822,16.055262764389152,0.0,0.1,0.02,0.0011581220303560336,67.6095552511053
10043823,16.42274462537143,0.0,0.1,0.02,0.0008792816566206188,70.36405283140465
10043824,17.165323090426174,0.0,0.1,0.02,0.0004957203280431277,76.09498645016977
10043825,17.47160497916505,0.0,0.1,0.02,0.0003888565264926062,78.52300108876204
10044104,16.028752177334404,0.0,0.1,0.02,0.0011811188107794756,67.41293144981489
10044105,15.961629627131963,0.0,0.1,0.02,0.001241251207509637,66.91635369787933
10044106,16.390875515401362,0.0,0.1,0.02,0.0009007313128454553,70.12303554767814
10044107,16.23576037837891,0.0,0.1,0.02,0.0010122554296540635,68.95574339120661
10044108,16.595345468749137,0.0,0.1,0.02,0.0007711371059994383,71.67644371417563
10044390,16.355058020125266,0.0,0.1,0.02,0.0009254187142254368,69.85264258845802
10044391,16.045109773602228,0.0,0.1,0.02,0.0011668797997974989,67.53421930299137
10120785,11.682426037965357,0.0,0.1,0.02,0.02028600242582394,38.97824166447154
10121066,10.648231115308404,0.0,0.1,0.02,0.03570303323531133,33.32519629231282
10121067,11.705552294757794,0.0,0.1,0.02,0.020021385133878907,39.10954319981968
10121068,13.302110096001593,0.0,0.1,0.02,0.007680015836940079,48.691336697231094
10121069,14.863414457013016,0.0,0.1,0.02,0.0027264272347157295,59.047632321201725
10121070,15.596968041368276,0.0,0.1,0.02,0.0016205251010532442,64.25005045806094
10121071,16.9952604947452,0.0,0.1,0.02,0.0005663469763549582,74.76303635159456
10121072,16.956340696728656,0.0,0.1,0.02,0.0005837814549538666,74.45983866143594
10121348,0.830006996831037,0.0,0.1,0.02,0.907756659921861,0.9677893197887324
10121349,6.469429323923601,0.0,0.1,0.02,0.22672595263499445,14.840132479372116
10121350,13.243166343933062,0.0,0.1,0.02,0.007970996754858434,48.31945730654934
10121351,14.619178623083123,0.0,0.1,0.02,0.003226602559184312,57.363255345805236
10121352,14.93053700721546,0.0,0.1,0.02,0.002602006483395005,59.51472407198153
10121353,15.49684827110833,0.0,0.1,0.02,0.001741983358206378,63.52730953865898
10121354,16.178226763919675,0.0,0.1,0.02,0.0010567859487411722,68.52523100888105
10121355,16.53470955154945,0.0,0.1,0.02,0.0008076325608986798,71.21403354236958
10121356,16.23519632333519,0.0,0.1,0.02,0.0010126834142848804,68.9515162547825
10121357,16.76907442221428,0.0,0.1,0.02,0.000674900974852086,73.00944581776653
10121358,16.857349036556148,0.0,0.1,0.02,0.0006304105813271968,73.69139234461224
10121631,0.038355742972824,0.0,0.1,0.02,0.9961424619320004,0.03864997557662347
10121632,1.1912842523324159,0.0,0.1,0.02,0.8628524389854779,1.4751158863034566
10121633,7.491497063140617,0.0,0.1,0.02,0.15387721938937798,18.716002712549518
10121634,14.733681796957876,0.0,0.1,0.02,0.0029824929565848046,58.14995765575945
10121635,15.163209712749135,0.0,0.1,0.02,0.002209962908381492,61.14779547131108
10121636,15.834153187251696,0.0,0.1,0.02,0.0013633321550366164,65.97823461872231
10121637,15.61276158259238,0.0,0.1,0.02,0.0016020957822448633,64.36442642956689
10121638,15.780849985620344,0.0,0.1,0.02,0.0014176006438433762,65.58789523935107
10121639,16.325163102808215,0.0,0.1,0.02,0.0009465040419121885,69.62735316946636
10121640,16.166663635523456,0.0,0.1,0.02,0.0010659523802884587,68.43886625635474
10121641,16.34857138712251,0.0,0.1,0.02,0.000929956388772931,69.80372866709068
10121642,16.59731966140215,0.0,0.1,0.02,0.0007699751125553789,71.69152364995543
10121643,16.910934265709358,0.0,0.1,0.02,0.0006047548544205111,74.10687381353794
10121914,0.000564055043718,0.0,0.1,0.02,0.9999435897235859,0.0005641186753364687
10121915,0.012127183439937,0.0,0.1,0.02,0.9987850788993828,0.012156597155574177
10121916,0.777831905287122,0.0,0.1,0.02,0.914037536503804,0.8988363998636408
10121917,7.283360752008675,0.0,0.1,0.02,0.1670799310418022,17.892829520788748
10121918,15.53097360125327,0.0,0.1,0.02,0.0016996716728643882,63.77320180181847
10121919,16.324881075286356,0.0,0.1,0.02,0.0009467050694556918,69.62522949973487
10121920,16.008164168238697,0.0,0.1,0.02,0.001199269308095546,67.26042817569497
10121921,16.34067461651046,0.0,0.1,0.02,0.0009355084309002916,69.7442040010443
10121922,16.79220067900672,0.0,0.1,0.02,0.0006629704487576532,73.18780140781345
10121923,16.202481130799548,0.0,0.1,0.02,0.0010377960377622724,68.70656008958262
10121924,16.37113358887123,0.0,0.1,0.02,0.0009142617411978145,69.9739365858048
10121925,16.32685526793937,0.0,0.1,0.02,0.0009452987096041874,69.64009585598727
10121926,16.338418396335587,0.0,0.1,0.02,0.0009371003788945287,69.72720153507902
10121927,16.806866110143385,0.0,0.1,0.02,0.0006555069974083774,73.30101579900064
10122197,0.0,0.0,0.1,0.02,1.0,0.0
10122198,0.00282027521859,0.0,0.1,0.02,0.999717853209989,0.0028218660090517187
10122199,0.022844229270578997,0.0,0.1,0.02,0.997707771075056,0.022948601032772353
10122200,0.642176667272943,0.0,0.1,0.02,0.9300978492082055,0.7246548416708998
10122201,7.294641852883035,0.0,0.1,0.02,0.16634352844426972,17.9370018052496
10122202,16.37113358887123,0.0,0.1,0.02,0.0009142617411978145,69.9739365858048
10122203,16.074440635875565,0.0,0.1,0.02,0.0011417456695626638,67.75196898713308
10122204,15.527025215947244,0.0,0.1,0.02,0.0017045182444833159,63.74472762727956
10122205,15.703856472152838,0.0,0.1,0.02,0.0014995236182112923,65.02607809174815
10122206,15.873072985268237,0.0,0.1,0.02,0.0013249292483519543,66.26396218439871
10122207,16.11702679167627,0.0,0.1,0.02,0.0011061456085583047,68.0687373123984
10122208,16.15651064473653,0.0,0.1,0.02,0.0010740617504944984,68.3630778874335
10122209,16.11759084671999,0.0,0.1,0.02,0.0011056810724560109,68.0729377871744
10122210,16.25945069021507,0.0,0.1,0.02,0.000994431039482733,69.13339803972212
10122211,16.457716038081944,0.0,0.1,0.02,0.0008562912900356897,70.62899947610988
10122481,0.001974192653013,0.0,0.1,0.02,0.999802522287257,0.001974972140339242
10122482,0.0008460825655769999,0.0,0.1,0.02,0.9999153810067172,0.0008462257367185546
10122483,0.0,0.0,0.1,0.02,1.0,0.0
10122484,0.5499536676250499,0.0,0.1,0.02,0.9407815175489358,0.6104434749318988
10122485,5.602758749250894,0.0,0.1,0.02,0.30480166671143155,11.880939869712382
10122486,14.742424650135506,0.0,0.1,0.02,0.002964567409063991,58.2102415631201
10122487,15.811873013024835,0.0,0.1,0.02,0.0013857775832976497,65.81493864902944
10122488,15.423521115424991,0.0,0.1,0.02,0.001836208954715627,63.0005218350171
10122489,15.400394858632554,0.0,0.1,0.02,0.0018668874093362069,62.83482721899175
10122490,15.576380032272569,0.0,0.1,0.02,0.0016448430635340235,64.10110301422849
10122491,15.947246223517155,0.0,0.1,0.02,0.0012545004108945297,66.81017864621359
10122492,16.11166826876095,0.0,0.1,0.02,0.0011105677422348745,68.02883914928066
10122493,16.327137295461227,0.0,0.1,0.02,0.000945097959645018,69.64221974842943
10122494,16.55473350560144,0.0,0.1,0.02,0.0007954063996557653,71.36657379389803
10122495,15.998293204973633,0.0,0.1,0.02,0.0012080629982701065,67.18737029943473
10122764,0.000564055043718,0.0,0.1,0.02,0.9999435897235859,0.0005641186753364687
10122765,0.009024880699488,0.0,0.1,0.02,0.9990962915512817,0.009041170393815998
10122766,0.005922577959038999,0.0,0.1,0.02,0.9994072164311463,0.005929593344975178
10122767,0.0,0.0,0.1,0.02,1.0,0.0
10122768,0.404145438823947,0.0,0.1,0.02,0.9572590690561621,0.43681214596838713
10122769,5.75307941840174,0.0,0.1,0.02,0.29017636150386533,12.372663977289282
10122770,15.35611653770069,0.0,0.1,0.02,0.0019269478433502096,62.518179561589605
10122771,16.540068074464774,0.0,0.1,0.02,0.000804343737775874,71.25483845605054
10122772,16.450947377557327,0.0,0.1,0.02,0.0008606969154029657,70.57768130138939
10122773,15.726700701423416,0.0,0.1,0.02,0.0014747712747431548,65.19252369185376
10122774,15.648861105390333,0.0,0.1,0.02,0.001560696335419469,64.62623188455001
10122775,15.885764223751892,0.0,0.1,0.02,0.0013126247481206972,66.357265218279
10122776,15.519410472857052,0.0,0.1,0.02,0.001713901247341806,63.68983075786208
10122777,15.788182701188678,0.0,0.1,0.02,0.0014100183926547625,65.64152530241135
10122778,15.732059224338737,0.0,0.1,0.02,0.0014690201410013798,65.23159671195906
10122779,15.782260123229639,0.0,0.1,0.02,0.0014161395953703143,65.59820704268652
10123048,0.000282027521859,0.0,0.1,0.02,0.9999717960547624,0.00028204342976361716
10123049,0.0,0.0,0.1,0.02,1.0,0.0
10123050,0.0008460825655769999,0.0,0.1,0.02,0.9999153810067172,0.0008462257367185546
10123051,0.0008460825655769999,0.0,0.1,0.02,0.9999153810067172,0.0008462257367185546
10123052,0.5059573742150459,0.0,0.1,0.02,0.9458080904649345,0.5571559471195627
10123053,5.795383546680591,0.0,0.1,0.02,0.28614180661158906,12.51267763730781
10123054,13.711050002697144,0.0,0.1,0.02,0.005910866491766193,51.30962843798941
10123055,14.971148970363155,0.0,0.1,0.02,0.002529279177560491,59.7982092689243
10123056,15.479644592274932,0.0,0.1,0.02,0.0017636806180973644,63.40352393290424
10123057,15.50248882154551,0.0,0.1,0.02,0.0017349232976680354,63.567920753974214
10123058,15.512641812332435,0.0,0.1,0.02,0.001722281693658364,63.64105301187734
10123059,15.699626059324952,0.0,0.1,0.02,0.0015041493237340812,64.99527773985199
10123060,16.133666415465953,0.0,0.1,0.02,0.001092517643293412,68.19270481657276
10123061,16.160177002520697,0.0,0.1,0.02,0.0010711267841389924,68.39044115308046
10123062,15.951758663866897,0.0,0.1,0.02,0.0012503297583338062,66.84347955791742
10123063,16.328547433070522,0.0,0.1,0.02,0.0009440948041014817,69.65283968787732
10123332,0.0008460825655769999,0.0,0.1,0.02,0.9999153810067172,0.0008462257367185546
10123333,0.0033843302623079996,0.0,0.1,0.02,0.9996613952394786,0.0033866210005728745
10123334,0.0,0.0,0.1,0.02,1.0,0.0
10123335,0.0,0.0,0.1,0.02,1.0,0.0
10123336,0.5649011262835769,0.0,0.1,0.02,0.9390633109189666,0.6287237827788676
10123337,5.416056529780236,0.0,0.1,0.02,0.3235896689580016,11.282790196535263
10123338,13.99392360712172,0.0,0.1,0.02,0.004912411490493826,53.159903191513436
10123339,16.43374369872393,0.0,0.1,0.02,0.0008719896451276949,70.44733008979362
10123340,16.28144883692007,0.0,0.1,0.02,0.0009781413113082336,69.29856408276925
10123341,16.500020166360795,0.0,0.1,0.02,0.0008292280696913814,70.95015326442338
10123342,17.09594432004886,0.0,0.1,0.02,0.0005234753184806062,75.55020675889104
10123343,16.76710022956127,0.0,0.1,0.02,0.0006759286565632016,72.99423025119198
10123344,16.818147211017745,0.0,0.1,0.02,0.000649819300255184,73.38816233331053
10123345,16.923625504193012,0.0,0.1,0.02,0.0005988229649449419,74.20544554542745
10123346,17.073100090778283,0.0,0.1,0.02,0.0005329276184654824,75.37124943272497
10123616,0.001410137609295,0.0,0.1,0.02,0.9998589564168905,0.0014105353069104297
10123617,0.0,0.0,0.1,0.02,1.0,0.0
10123618,0.0,0.0,0.1,0.02,1.0,0.0
10123619,0.015229486180386,0.0,0.1,0.02,0.9984735788046676,0.015275873630249714
10123620,0.481138952291454,0.0,0.1,0.02,0.9486230289496606,0.5274378905738776
10123621,5.02855071474597,0.0,0.1,0.02,0.36473598449126565,10.08581517290041
10123622,12.677701162605768,0.0,0.1,0.02,0.011307916180026436,44.8225225162729
10123623,16.193174222578204,0.0,0.1,0.02,0.0010450450856710277,68.63695250313245
10123624,16.32375296519892,0.0,0.1,0.02,0.0009475095765360581,69.61673513896703
10123625,16.558117835863747,0.0,0.1,0.02,0.0007933571107254293,71.39237108913358
10123626,16.23604240590077,0.0,0.1,0.02,0.0010120415003423626,68.95785700714237
10123627,15.92581213185587,0.0,0.1,0.02,0.0012744876116387526,66.65211054368939
10123628,16.05187843412684,0.0,0.1,0.02,0.0011610344910056994,67.5844386869241
10123629,16.24196498385981,0.0,0.1,0.02,0.0010075586734899426,69.00225029124545
10123630,15.923273884159139,0.0,0.1,0.02,0.001276873953189682,66.63340412214804
10123901,0.0,0.0,0.1,0.02,1.0,0.0
10123902,0.000282027521859,0.0,0.1,0.02,0.9999717960547624,0.00028204342976361716
10123903,0.0,0.0,0.1,0.02,1.0,0.0
10123904,0.40724774156439597,0.0,0.1,0.02,0.9569139685265367,0.44041788616625616
10123905,3.731506141716429,0.0,0.1,0.02,0.521193775786738,6.516333758849915
10123906,12.723671648668784,0.0,0.1,0.02,0.010996221454517103,45.102035693296344
10123907,17.532240896364733,0.0,0.1,0.02,0.0003704420607865863,79.00813506599755
10123908,16.84522185311621,0.0,0.1,0.02,0.0006363561475528337,73.59752170925701
10123909,16.853400651250123,0.0,0.1,0.02,0.0006323406313501974,73.66082335356174
10123910,16.74933249568415,0.0,0.1,0.02,0.000685243690379537,72.85736030588036
10123911,15.857843499087851,0.0,0.1,0.02,0.001339835600499829,66.15208358740041
10123912,15.975448975703054,0.0,0.1,0.02,0.0012286438275954028,67.01844297076141
10123913,15.915095086025229,0.0,0.1,0.02,0.0012845914607700843,66.5731454054701
10123914,16.04087936077434,0.0,0.1,0.02,0.0011705469632954577,67.5028414941576
10124186,0.007896770612052,0.0,0.1,0.02,0.9992093884572046,0.007909242409271874
10124187,0.001974192653013,0.0,0.1,0.02,0.999802522287257,0.001974972140339242
10124188,0.218571329440725,0.0,0.1,0.02,0.9774456384918346,0.22812601465142218
10124189,4.208696708701857,0.0,0.1,0.02,0.4606428658951064,7.751322305869426
10124190,12.912348060792455,0.0,0.1,0.02,0.009795722629716263,46.25809454940259
10124191,16.450665350035468,0.0,0.1,0.02,0.0008608809399880148,70.57554344180699
10124192,16.280038699310776,0.0,0.1,0.02,0.000979178041934924,69.28797070952207
10124193,16.50396855166682,0.0,0.1,0.02,0.0008267432139378067,70.98016414254829
10124194,15.890558691623495,0.0,0.1,0.02,0.001308003984365247,66.39252979800969
10124195,16.51750587271605,0.0,0.1,0.02,0.0008182762271388536,71.0831059237579
10124196,16.745948165421844,0.0,0.1,0.02,0.0006870314996857519,72.83130415722088
10124197,16.56629663399766,0.0,0.1,0.02,0.0007884249421963557,71.45473346711809
10124473,5.441156979225687,0.0,0.1,0.02,0.32102397076041284,11.362394833740968
10124474,14.757090081272175,0.0,0.1,0.02,0.002934720202879682,58.311431614628496
10124475,16.703926064664852,0.0,0.1,0.02,0.0007095954593030192,72.50815525942282
10124476,17.120762741972452,0.0,0.1,0.02,0.0005133839195328003,75.74486611535488
10124477,16.965929632471862,0.0,0.1,0.02,0.0005794400631301541,74.53448329126923
10124478,16.706182284839723,0.0,0.1,0.02,0.0007083666301062665,72.52548759169824
10124479,16.965929632471862,0.0,0.1,0.02,0.0005794400631301541,74.53448329126923
10124480,17.263186640511247,0.0,0.1,0.02,0.00045890335586070633,76.86670923753644
10124481,17.21439587922964,0.0,0.1,0.02,0.0004769265330697494,76.48148097659734
10124760,17.210165466401754,0.0,0.1,0.02,0.0004785200461306912,76.44812454258727
10124761,17.291953447740866,0.0,0.1,0.02,0.00044857779948219526,77.09428425550831
10124762,16.482534460005535,0.0,0.1,0.02,0.0008403162150256881,70.81732290505953
10124763,16.648930697902347,0.0,0.1,0.02,0.0007401698008638192,72.08630937461338
10124764,16.892038421744804,0.0,0.1,0.02,0.0006136885027822915,73.96023083008535
10125045,16.720001633410813,0.0,0.1,0.02,0.0007008832337555538,72.63169255766287
10125046,17.298722108265483,0.0,0.1,0.02,0.00044618007027931705,77.14787942406409
10125047,17.1348641180654,0.0,0.1,0.02,0.0005077315074754757,75.85557778697844
10125048,16.503122469101243,0.0,0.1,0.02,0.0008272750988556624,70.9737327151321
10201721,6.0994092152445925,0.0,0.1,0.02,0.25820620295380714,13.539967770246724
10201722,10.424019235430498,0.0,0.1,0.02,0.04013102857508918,32.1560546395555
10201723,12.099544742794818,0.0,0.1,0.02,0.015955779984258765,41.37934133937356
10201724,14.02212635930762,0.0,0.1,0.02,0.004821774868798186,53.34613188658554
10201725,14.998223612461619,0.0,0.1,0.02,0.0024818361943128734,59.98756591834187
10201726,15.670577224573476,0.0,0.1,0.02,0.0015362705299680807,64.78397533483766
10201727,16.51017315714772,0.0,0.1,0.02,0.0008228524394478388,71.02733669294793
10201728,16.463356588519122,0.0,0.1,0.02,0.0008526359732885044,70.67177862066632
10201729,16.614523340235547,0.0,0.1,0.02,0.0007599179808148096,71.8230005048819
10202004,1.22681972008665,0.0,0.1,0.02,0.8583153514657202,1.5278370452053474
10202005,7.372763476437978,0.0,0.1,0.02,0.16130969774707188,18.244291732337544
10202006,13.892957754296198,0.0,0.1,0.02,0.005249716107079,52.49581278682797
10202007,15.131340602779067,0.0,0.1,0.02,0.002260241915829552,60.92283429024115
10202008,15.058577502139444,0.0,0.1,0.02,0.0023790051616947028,60.41072877972749
10202009,16.094182562405692,0.0,0.1,0.02,0.0011251122131458343,67.89872503281438
10202010,16.584628422918495,0.0,0.1,0.02,0.0007774736222776679,71.5946084081737
10202011,16.81419882571172,0.0,0.1,0.02,0.0006518047359818837,73.3576552558248
10202012,16.378466304439566,0.0,0.1,0.02,0.0009092142434830065,70.02929800157203
10202013,16.860733366818454,0.0,0.1,0.02,0.0006287606300703299,73.71759930020748
10202014,16.939137017895256,0.0,0.1,0.02,0.0005916466596266536,74.32600960010113
10202015,17.37317737403626,0.0,0.1,0.02,0.0004205851597683188,77.73863578798135
10202287,0.008178798133911,0.0,0.1,0.02,0.9991811177990114,0.008192176681694053
10202288,0.901077932339505,0.0,0.1,0.02,0.899112941697609,1.0634662203693523
10202289,8.139314280850739,0.0,0.1,0.02,0.11778431484703383,21.389001673342896
10202290,15.27404652883972,0.0,0.1,0.02,0.0020430027845280843,61.93334600187186
10202291,16.254938249865322,0.0,0.1,0.02,0.000997803519658012,69.09954175125226
10202292,16.292165882750712,0.0,0.1,0.02,0.0009702954246937023,69.37909971296398
10202293,16.76625414699569,0.0,0.1,0.02,0.0006763695382051892,72.98770977132571
10202294,17.159964567510855,0.0,0.1,0.02,0.0004978139545825027,76.05284135915645
10202295,17.024873384540392,0.0,0.1,0.02,0.0005534087863820553,74.99413613646675
10202296,17.237804163543938,0.0,0.1,0.02,0.00046819847317382956,76.66618263968249
10202297,17.591466675955125,0.0,0.1,0.02,0.0003532478354952801,79.48340663820306
10202298,17.86869972994252,0.0,0.1,0.02,0.0002822609461955912,81.7267857377121
10202299,17.27954423677907,0.0,0.1,0.02,0.0004530049957963652,76.99607404294004
10202570,0.0008460825655769999,0.0,0.1,0.02,0.9999153810067172,0.0008462257367185546
10202571,0.0008460825655769999,0.0,0.1,0.02,0.9999153810067172,0.0008462257367185546
10202572,0.943664088140214,0.0,0.1,0.02,0.8938865199550183,1.1217644703893144
10202573,7.155884312128407,0.0,0.1,0.02,0.17556919557817877,17.397220369841495
10202574,15.834717242295413,0.0,0.1,0.02,0.00136276830856211,65.98237127098494
10202575,15.876457315530546,0.0,0.1,0.02,0.0013216376473790508,66.28883669390322
10202576,16.35731424030014,0.0,0.1,0.02,0.0009238452237213179,69.8696600714853
10202577,16.30401103866879,0.0,0.1,0.02,0.0009616917134498298,69.46816622847554
10202578,16.683620083091004,0.0,0.1,0.02,0.0007207446892440498,72.3522558984745
10202579,17.233291723194196,0.0,0.1,0.02,0.0004698692729288077,76.6305604465369
10202580,16.708438505014595,0.0,0.1,0.02,0.0007071397849237604,72.54282196018546
10202581,16.576731652306442,0.0,0.1,0.02,0.0007821736285407807,71.5343381068221
10202582,16.522018313065796,0.0,0.1,0.02,0.0008154718835541907,71.1174361405221
10202583,16.66444221160459,0.0,0.1,0.02,0.0007314242438326122,72.20516905638638
10202853,0.001128110087436,0.0,0.1,0.02,0.9998871699044031,0.001128364613909875
10202854,0.029612889795195,0.0,0.1,0.02,0.9970256048599961,0.029788274443599473
10202855,0.017767733877116998,0.0,0.1,0.02,0.9982185015205527,0.017830872350542606
10202856,0.75019320814494,0.0,0.1,0.02,0.9173418194320632,0.8627511780542994
10202857,8.062038739861373,0.0,0.1,0.02,0.12170767125344746,21.06133246846649
10202858,16.247323506775132,0.0,0.1,0.02,0.0010035186817054142,69.04242773353668
10202859,16.629188771372217,0.0,0.1,0.02,0.0007514414512290355,71.93517261015859
10202860,16.347725304556935,0.0,0.1,0.02,0.0009305497819289694,69.79734983120716
10202861,15.649143132912192,0.0,0.1,0.02,0.0015603768300313159,64.62827929178675
10202862,16.51891601032535,0.0,0.1,0.02,0.0008173989068736464,71.09383324156198
10202863,16.33503406607328,0.0,0.1,0.02,0.0009394930230245099,69.7017016540282
10202864,16.332777845898406,0.0,0.1,0.02,0.0009410912725052109,69.68470427859236
10202865,17.14388899876489,0.0,0.1,0.02,0.0005041445628769989,75.92647499915925
10202866,16.41625799236867,0.0,0.1,0.02,0.0008836086219822597,70.31496328677034
10202867,16.206147488583717,0.0,0.1,0.02,0.0010349531931543102,68.73399077292939
10203137,0.0,0.0,0.1,0.02,1.0,0.0
10203138,0.000564055043718,0.0,0.1,0.02,0.9999435897235859,0.0005641186753364687
10203139,0.000564055043718,0.0,0.1,0.02,0.9999435897235859,0.0005641186753364687
10203140,0.5242891631358809,0.0,0.1,0.02,0.9437193093466998,0.5792649884522254
10203141,6.594931571150855,0.0,0.1,0.02,0.21667524663769544,15.293556056783313
10203142,15.488105417930703,0.0,0.1,0.02,0.0017529788633497047,63.46438730531758
10203143,16.267629488348977,0.0,0.1,0.02,0.0009883453940006718,69.19478332238921
10203144,16.345469084382064,0.0,0.1,0.02,0.000932133884957466,69.78034100208004
10203145,15.453698060263903,0.0,0.1,0.02,0.0017968763533997183,63.21705480782477
10203146,15.391369977933065,0.0,0.1,0.02,0.0018789871567127065,62.77022393745692
10203147,15.292660345282416,0.0,0.1,0.02,0.002016130410228737,62.06575243251707
10203148,15.71147121524303,0.0,0.1,0.02,0.0014912304768015601,65.08153676472509
10203149,15.914249003459652,0.0,0.1,0.02,0.0012853922847937212,66.56691327228296
10203150,15.157851189833814,0.0,0.1,0.02,0.002218344298486408,61.109941728463085
10203151,15.634759729297382,0.0,0.1,0.02,0.0015767489020046487,64.52390208786922
10203420,0.0008460825655769999,0.0,0.1,0.02,0.9999153810067172,0.0008462257367185546
10203421,0.001128110087436,0.0,0.1,0.02,0.9998871699044031,0.001128364613909875
10203422,0.0,0.0,0.1,0.02,1.0,0.0
10203423,0.036945605363529,0.0,0.1,0.02,0.9962850574451082,0.03721860091466452
10203424,0.786574758464751,0.0,0.1,0.02,0.9129889760732675,0.9103147285955273
10203425,6.518220085205208,0.0,0.1,0.02,0.22278104071053928,15.015658701039724
10203426,14.965508419925975,0.0,0.1,0.02,0.002539267342665849,59.75879687330102
10203427,15.529845491165835,0.0,0.1,0.02,0.001701055107955179,63.765065687062595
10203428,15.633913646731806,0.0,0.1,0.02,0.0015777168905653548,64.5177648294252
10203429,15.791285003929127,0.0,0.1,0.02,0.0014068218273257664,65.66422141899253
10203430,15.744750462822392,0.0,0.1,0.02,0.0014554816692070275,65.32418389013158
10203431,16.057801012085882,0.0,0.1,0.02,0.0011559421328379998,67.62839568083515
10203432,16.167227690567174,0.0,0.1,0.02,0.0010655035304293348,68.44307793029557
10203433,16.15989497499884,0.0,0.1,0.02,0.0010713522862181297,68.38833609559738
10203434,16.218556699545513,0.0,0.1,0.02,0.0010253848245334158,68.82687298282005
10203435,16.513275459888167,0.0,0.1,0.02,0.0008209134500135292,71.0509287427171
10203704,0.001974192653013,0.0,0.1,0.02,0.999802522287257,0.001974972140339242
10203705,0.001410137609295,0.0,0.1,0.02,0.9998589564168905,0.0014105353069104297
10203706,0.0,0.0,0.1,0.02,1.0,0.0
10203707,0.019177871486412,0.0,0.1,0.02,0.9980767089353983,0.01925142963736187
10203708,0.606077144474991,0.0,0.1,0.02,0.9343031660066979,0.6795430454859828
10203709,6.30613538876724,0.0,0.1,0.02,0.24027758743132266,14.25960409705975
10203710,15.332144198342675,0.0,0.1,0.02,0.0019602028146913615,62.34707334209727
10203711,16.401874588753863,0.0,0.1,0.02,0.000893273940922536,70.2061725937958
10203712,16.717745413235942,0.0,0.1,0.02,0.0007020999568784581,72.61434775359022
10203713,16.080081186312743,0.0,0.1,0.02,0.0011369701273254726,67.79388337799455
10203714,16.316420249630585,0.0,0.1,0.02,0.0009527543807508989,69.56153420214159
10203715,16.730436651719597,0.0,0.1,0.02,0.0006952814180382582,72.71193876316009
10203716,17.12978762267194,0.0,0.1,0.02,0.0005097596375701991,75.8157124222409
10203717,17.039256788155203,0.0,0.1,0.02,0.0005472246655885363,75.10651116669383
10203718,16.7806375506105,0.0,0.1,0.02,0.0006689109022756832,73.09859687160233
10203719,17.15234982442066,0.0,0.1,0.02,0.0005008033382188506,75.99297072428135
10203988,0.0016921651311539998,0.0,0.1,0.02,0.9998307405444262,0.0016927378157202185
10203989,0.0008460825655769999,0.0,0.1,0.02,0.9999153810067172,0.0008462257367185546
10203990,0.0,0.0,0.1,0.02,1.0,0.0
10203991,0.039765880582118995,0.0,0.1,0.02,0.9959998076068395,0.040082145633813265
10203992,0.8277507766561649,0.0,0.1,0.02,0.9080294158175888,0.9647850463071418
10203993,6.376078214188271,0.0,0.1,0.02,0.23440725057095055,14.506952892877528
10203994,15.05462911683342,0.0,0.1,0.02,0.002385610843440915,60.383000685915135
10203995,16.766536174517547,0.0,0.1,0.02,0.0006762225478663844,72.98988323279866
10203996,17.073100090778283,0.0,0.1,0.02,0.0005329276184654824,75.37124943272497
10203997,16.76286981673338,0.0,0.1,0.02,0.0006781357481677982,72.96163071528359
10203998,16.53273535889644,0.0,0.1,0.02,0.0008088473852775671,71.19900304835735
10203999,16.06682589278537,0.0,0.1,0.02,0.0011482221668701717,67.69540474660106
10204000,15.986448049055555,0.0,0.1,0.02,0.0012186943120067154,67.09975229408599
10204001,16.4140017721938,0.0,0.1,0.02,0.0008851182900887148,70.29789260771004
10204002,16.49522569848919,0.0,0.1,0.02,0.0008322547394926999,70.91371986730883
10204003,16.611703065016957,0.0,0.1,0.02,0.0007615582605739874,71.80143880907572
10204272,0.0,0.0,0.1,0.02,1.0,0.0
10204273,0.0031023027404489998,0.0,0.1,0.02,0.999689625416469,0.0031042275969076793
10204274,0.0,0.0,0.1,0.02,1.0,0.0
10204275,0.012691238483654999,0.0,0.1,0.02,0.9987284638889196,0.0127234519905048
10204276,0.689275263423396,0.0,0.1,0.02,0.92456720808024,0.7842953411768744
10204277,5.923988096648294,0.0,0.1,0.02,0.2740974691433099,12.94271509049443
10204278,13.412382857048462,0.0,0.1,0.02,0.007161193916572929,49.39078563785795
10204279,16.61734361545414,0.0,0.1,0.02,0.000758280992713533,71.84456538226902
10204280,16.84268360541948,0.0,0.1,0.02,0.0006376071725946596,73.57788181187271
10204281,16.614241312713688,0.0,0.1,0.02,0.0007600818605662075,71.82084419213014
10204282,16.559245945951183,0.0,0.1,0.02,0.0007926751076735078,71.40097120565133
10204283,16.837889137547876,0.0,0.1,0.02,0.0006399764840728181,73.54079125921842
10204284,16.974672485649492,0.0,0.1,0.02,0.000575508034804996,74.60257368466267
10204285,17.1128659713604,0.0,0.1,0.02,0.0005165749171432732,75.68290232210934
10204286,17.603311831873203,0.0,0.1,0.02,0.0003499000792173581,79.57862932190662
10204287,17.4230962454053,0.0,0.1,0.02,0.00040420221216076106,78.13595280073656
10204557,0.0,0.0,0.1,0.02,1.0,0.0
10204558,0.0,0.0,0.1,0.02,1.0,0.0
10204559,0.003666357784167,0.0,0.1,0.02,0.9996331626792648,0.003669046220047304
10204560,0.238031228448996,0.0,0.1,0.02,0.9753720410932069,0.24936300159238362
10204561,4.625533386009459,0.0,0.1,0.02,0.4104650389521892,8.904645207027084
10204562,13.579625177510849,0.0,0.1,0.02,0.006434462834729638,50.46086916984816
10204563,16.94449554081058,0.0,0.1,0.02,0.0005891862933899287,74.3676813673205
10204564,16.883013541045315,0.0,0.1,0.02,0.000617998653910737,73.89024278646922
10204565,16.874552715389544,0.0,0.1,0.02,0.0006220650688309504,73.82465858428166
10204566,16.812788688102426,0.0,0.1,0.02,0.0006525151907301423,73.3467613822594
10204567,16.734103009503762,0.0,0.1,0.02,0.0006933231430257575,72.74014371604034
10204568,16.66472423912645,0.0,0.1,0.02,0.0007312661287616797,72.20733103235219
10204569,17.083253081565207,0.0,0.1,0.02,0.0005287070685495935,75.45076025132663
10204570,17.09368809987399,0.0,0.1,0.02,0.0005244018558401254,75.53252267102873
10204571,16.799815422096913,0.0,0.1,0.02,0.000659085357178795,73.24657506540197
10204841,0.0,0.0,0.1,0.02,1.0,0.0
10204842,0.000282027521859,0.0,0.1,0.02,0.9999717960547624,0.00028204342976361716
10204843,0.007614743090193,0.0,0.1,0.02,0.9992376567361275,0.0076263399526589285
10204844,0.380173099465932,0.0,0.1,0.02,0.9599174942936263,0.4090794165774386
10204847,17.269109218470287,0.0,0.1,0.02,0.0004567594899339664,76.91353585836139
10204848,17.297311970656185,0.0,0.1,0.02,0.0004466786055194557,77.13671225269734
10204849,17.435223428845237,0.0,0.1,0.02,0.00040031346183745116,78.232626631596
10204850,17.0172586414502,0.0,0.1,0.02,0.0005567091105978451,74.9346769754525
10204851,16.919959146408846,0.0,0.1,0.02,0.0006005310175150613,74.17696264963772
10204852,16.52850494606855,0.0,0.1,0.02,0.0008114563111185261,71.16680009651107
10204853,16.450665350035468,0.0,0.1,0.02,0.0008608809399880148,70.57554344180699
10204854,16.886115843785767,0.0,0.1,0.02,0.0006165138622731672,73.91429750173631
10205132,16.636803514462407,0.0,0.1,0.02,0.0007470750009279573,71.99344975022815
10205133,17.321284310014203,0.0,0.1,0.02,0.0004382740168433526,77.32666233968304
10205134,17.51306302487832,0.0,0.1,0.02,0.0003761758518734385,78.85453832755036
10205135,17.1238650447129,0.0,0.1,0.02,0.0005121353635867817,75.76921585862097
10205136,17.05674249451046,0.0,0.1,0.02,0.0005397936937955616,75.24323539931824
10205137,16.931522274805065,0.0,0.1,0.02,0.0005951594778543795,74.26681158324908
10205418,16.45912617569124,0.0,0.1,0.02,0.0008553760963998472,70.63969306915614
10205419,16.197404635406087,0.0,0.1,0.02,0.0010417442554517369,68.66858802002102
10205420,16.536965771724322,0.0,0.1,0.02,0.0008062462702785693,71.23121315876068
10205421,16.487892982920858,0.0,0.1,0.02,0.0008369036575190439,70.85801598617103
10205703,18.166520793025626,0.0,0.1,0.02,0.00022105442191092302,84.1710163377121
10205704,18.059350334719205,0.0,0.1,0.02,0.00024147666284713725,83.28737723714374
10282093,5.320167172348175,0.0,0.1,0.02,0.33350404256376637,10.981002920694412
10282094,7.294923880404894,0.0,0.1,0.02,0.1663251491762383,17.93810676458521
10282095,9.190994909862951,0.0,0.1,0.02,0.07363850386899379,26.085872396488288
10282096,11.831618597028767,0.0,0.1,0.02,0.01863142081811727,39.82905832214016
10282097,11.911432385714864,0.0,0.1,0.02,0.017795891406963187,40.28787668160624
10282098,13.806657332607344,0.0,0.1,0.02,0.005554530003717929,51.931414672615375
10282099,14.208546551256418,0.0,0.1,0.02,0.004259895893648921,54.58510557110055
10282100,14.924332401734562,0.0,0.1,0.02,0.0026132850925996228,59.471471929227384
10282101,15.622914573379305,0.0,0.1,0.02,0.0015903508087057113,64.43800652680079
10282376,2.418668027462784,0.0,0.1,0.02,0.698468007335389,3.588659032876927
10282377,7.020511101636087,0.0,0.1,0.02,0.18492542695176123,16.878026327275194
10282378,11.096936902586073,0.0,0.1,0.02,0.0280846009245231,35.72533862658139
10282379,12.468718768908248,0.0,0.1,0.02,0.012826385896564233,43.56250831653321
10282380,13.876600158028376,0.0,0.1,0.02,0.005306299099944929,52.388606547187
10282381,14.36902021119419,0.0,0.1,0.02,0.0038246938362657976,55.662768577135616
10282382,14.945484465873987,0.0,0.1,0.02,0.0025750184882713427,59.618985649810114
10282383,16.495789753532907,0.0,0.1,0.02,0.0008318981277828024,70.91800567208516
10282384,17.161938760163867,0.0,0.1,0.02,0.0004970416581481624,76.06836716168684
10282385,16.657673551079974,0.0,0.1,0.02,0.0007352285771381492,72.15329117794984
10282386,16.520608175456502,0.0,0.1,0.02,0.0008163472783811872,71.10670707284854
10282659,0.13255293527373,0.0,0.1,0.02,0.9864854535522309,0.13606699140366632
10282660,1.9533226163954338,0.0,0.1,0.02,0.7621273231435844,2.7164164651398144
10282661,9.118231809223328,0.0,0.1,0.02,0.0761792466196882,25.746662074569755
10282662,13.533090636404115,0.0,0.1,0.02,0.006629672271827792,50.16199907102987
10282663,14.764704824362367,0.0,0.1,0.02,0.0029193314235756193,58.36400653447224
10282664,15.407727574200887,0.0,0.1,0.02,0.001857109304705984,62.887341374358954
10282665,16.075004690919283,0.0,0.1,0.02,0.0011412672794565437,67.75615985353467
10282666,16.223915222460832,0.0,0.1,0.02,0.0010212784796200809,68.8670002515801
10282667,16.912062375796793,0.0,0.1,0.02,0.0006042253620539786,74.11563313636509
10282668,17.103277035617197,0.0,0.1,0.02,0.0005204746310350416,75.6076941070313
10282669,17.151503741855084,0.0,0.1,0.02,0.0005011365263476778,75.98631986322887
10282670,17.001747127747954,0.0,0.1,0.02,0.0005634889576449482,74.8136282069251
10282671,17.441992089369855,0.0,0.1,0.02,0.0003981582694268745,78.28660969849797
10282943,0.055277394284364,0.0,0.1,0.02,0.9944267373399865,0.055888512348137805
10282944,1.469081361363531,0.0,0.1,0.02,0.8268994816922538,1.9007213706246762
10282945,9.469638101459642,0.0,0.1,0.02,0.06454163719145757,27.40444725598288
10282946,15.50248882154551,0.0,0.1,0.02,0.0017349232976680354,63.567920753974214
10282947,15.557766215829876,0.0,0.1,0.02,0.0016671187964900072,63.96658414111336
10282948,15.62658093116347,0.0,0.1,0.02,0.0015861291543314007,64.46458725080383
10282949,16.08713187435922,0.0,0.1,0.02,0.0011310267547454706,67.8462942629641
10282950,16.373107781524244,0.0,0.1,0.02,0.0009129002425873406,69.9888394666062
10282951,16.82294167888935,0.0,0.1,0.02,0.0006474160000134381,73.42521502515183
10282952,16.381004552136297,0.0,0.1,0.02,0.0009074730783858457,70.04846657955832
10282953,16.393413763098092,0.0,0.1,0.02,0.0008990052600825172,70.14221672472489
10282954,16.294140075403725,0.0,0.1,0.02,0.0009688565236181857,69.39394023477925
10282955,16.298934543275326,0.0,0.1,0.02,0.0009653703003997399,69.42998799247006
10283226,0.0,0.0,0.1,0.02,1.0,0.0
10283227,0.040611963147695995,0.0,0.1,0.02,0.9959141867949004,0.04094182945783796
10283228,1.320170829821979,0.0,0.1,0.02,0.8463061517141118,1.6687410338045496
10283229,9.340187468926361,0.0,0.1,0.02,0.06864542537009305,26.788007859864166
10283230,16.4359999188988,0.0,0.1,0.02,0.0008705008184317067,70.46441858570708
10283231,16.838453192591594,0.0,0.1,0.02,0.000639697315739391,73.5451543764112
10283232,16.627778633762922,0.0,0.1,0.02,0.000752252657861445,71.92438309244747
10283233,16.324599047764497,0.0,0.1,0.02,0.0009469061366826816,69.6231058618192
10283234,17.077612531128025,0.0,0.1,0.02,0.0005310479452743977,75.40658248379623
10283235,17.029949879933856,0.0,0.1,0.02,0.0005512187367145012,75.03378846254569
10283236,16.934060522501795,0.0,0.1,0.02,0.000593986380185433,74.28654167845255
10283237,16.722821908629403,0.0,0.1,0.02,0.0006993650943187788,72.65337642617651
10283238,17.302670493571508,0.0,0.1,0.02,0.0004447869415257959,77.17915173539353
10283239,17.593440868608138,0.0,0.1,0.02,0.0003526877974673012,79.49927318805035
10283509,0.0008460825655769999,0.0,0.1,0.02,0.9999153810067172,0.0008462257367185546
10283510,0.000564055043718,0.0,0.1,0.02,0.9999435897235859,0.0005641186753364687
10283511,0.001974192653013,0.0,0.1,0.02,0.999802522287257,0.001974972140339242
10283512,1.154620674490746,0.0,0.1,0.02,0.8675127711451764,1.421250454883039
10283513,8.32545244527768,0.0,0.1,0.02,0.10873860317462086,22.1880841289937
10283514,15.186335969541572,0.0,0.1,0.02,0.0021741236817978795,61.311296005500004
10283515,15.339758941432867,0.0,0.1,0.02,0.0019495825977230794,62.40139981768679
10283516,15.397010528370245,0.0,0.1,0.02,0.0018714163712108412,62.81059717051908
10283517,15.63842608708155,0.0,0.1,0.02,0.001572560622709227,64.55050018330411
10283518,15.743340325213097,0.0,0.1,0.02,0.0014569802247658757,65.31389324430927
10283519,15.961065572088245,0.0,0.1,0.02,0.0012417683318893722,66.91218841138837
10283520,15.682986435535271,0.0,0.1,0.02,0.0015224720533729046,64.87419914297193
10283521,16.069082112960242,0.0,0.1,0.02,0.001146299661252478,67.712162103572
10283522,16.027906094768827,0.0,0.1,0.02,0.0011818596752227537,67.40666085131437
10283523,16.081773351443896,0.0,0.1,0.02,0.0011355410816911084,67.8064601768861
10283792,0.000564055043718,0.0,0.1,0.02,0.9999435897235859,0.0005641186753364687
10283793,0.0008460825655769999,0.0,0.1,0.02,0.9999153810067172,0.0008462257367185546
10283794,0.000282027521859,0.0,0.1,0.02,0.9999717960547624,0.00028204342976361716
10283795,0.02256220174872,0.0,0.1,0.02,0.9977361651142918,0.02266401233826999
10283796,0.9885064641157949,0.0,0.1,0.02,0.8883463777573002,1.1839354700355371
10283797,7.856722703948021,0.0,0.1,0.02,0.1326244136288428,20.20234103329448
10283798,15.771825104920856,0.0,0.1,0.02,0.0014269844275066944,65.5219185329632
10283799,16.45376765277592,0.0,0.1,0.02,0.000858858681448209,70.59906164708296
10283800,16.04990424147383,0.0,0.1,0.02,0.001162736561598128,67.56978947356974
10283801,16.37677413930841,0.0,0.1,0.02,0.0009103767454608746,70.01652038129255
10283802,16.612831175104393,0.0,0.1,0.02,0.00076090175328374,71.81006310560848
10283803,16.824069788976786,0.0,0.1,0.02,0.0006468517241262855,73.43393464184908
10283804,17.438043704063826,0.0,0.1,0.02,0.0003994141398407908,78.25511734903183
10283805,16.81730112845217,0.0,0.1,0.02,0.0006502442751523647,73.38162457745989
10283806,16.44276857942342,0.0,0.1,0.02,0.0008660485149646942,70.51569629071822
10283807,16.64244406489959,0.0,0.1,0.02,0.0007438558472826555,72.0366329555619
10284076,0.001410137609295,0.0,0.1,0.02,0.9998589564168905,0.0014105353069104297
10284077,0.001128110087436,0.0,0.1,0.02,0.9998871699044031,0.001128364613909875
10284078,0.0008460825655769999,0.0,0.1,0.02,0.9999153810067172,0.0008462257367185546
10284079,0.015793541224104,0.0,0.1,0.02,0.9984169115672625,0.015843428412983494
10284080,0.784318538289879,0.0,0.1,0.02,0.913259724417823,0.9073496521909135
10284081,7.640407594682169,0.0,0.1,0.02,0.14492233166989713,19.315573237257563
10284082,14.641740824831842,0.0,0.1,0.02,0.0031771027889884304,57.51785570114133
10284083,15.400676886154413,0.0,0.1,0.02,0.0018665104523538192,62.83684659650057
10284084,15.32227323507761,0.0,0.1,0.02,0.0019740490992327117,62.27668465315275
10284085,15.428033555774736,0.0,0.1,0.02,0.0018302773915394607,63.03287743539698
10284086,16.036648947946457,0.0,0.1,0.02,0.0011742248110448356,67.4714708438809
10284087,15.860099719262724,0.0,0.1,0.02,0.0013376174980738649,66.16865234025423
10284088,16.375081974177256,0.0,0.1,0.02,0.0009115406293839686,70.00374390638223
10284089,16.421616515283993,0.0,0.1,0.02,0.0008800327537366772,70.35551431029359
10284090,16.380722524614438,0.0,0.1,0.02,0.0009076663879485664,70.04633661029659
10284091,16.67600534000081,0.0,0.1,0.02,0.0007249675838829501,72.29383615994792
10284360,0.0008460825655769999,0.0,0.1,0.02,0.9999153810067172,0.0008462257367185546
10284361,0.000282027521859,0.0,0.1,0.02,0.9999717960547624,0.00028204342976361716
10284362,0.0033843302623079996,0.0,0.1,0.02,0.9996613952394786,0.0033866210005728745
10284363,0.041458045713272995,0.0,0.1,0.02,0.9958285448285453,0.04180179962414576
10284364,1.326375435302877,0.0,0.1,0.02,0.8455034929416483,1.6782297943778561
10284365,8.679114957688865,0.0,0.1,0.02,0.09306545420366655,23.744522247444586
10284366,15.902121820019714,0.0,0.1,0.02,0.001296921694783878,66.47761749576914
10284367,16.50368652414496,0.0,0.1,0.02,0.0008269204735340395,70.97802030159374
10284368,17.764067519332833,0.0,0.1,0.02,0.00030731150560919964,80.876486485616
10284369,16.86496377964634,0.0,0.1,0.02,0.0006267038585996113,73.75036443740294
10284370,16.434307753767648,0.0,0.1,0.02,0.0008716172165415089,70.45160202287713
10284371,15.944425948298564,0.0,0.1,0.02,0.0012571136104415717,66.78936971245388
10284372,16.17089404835134,0.0,0.1,0.02,0.0010625902800726853,68.4704569129523
10284373,16.947879871072885,0.0,0.1,0.02,0.0005876373044241745,74.39400629593638
10284374,16.733256926938186,0.0,0.1,0.02,0.0006937745956434611,72.73363440352314
10284375,16.804891917490373,0.0,0.1,0.02,0.0006565071068490466,73.28577038919701
10284644,0.0,0.0,0.1,0.02,1.0,0.0
10284645,0.021434091661284,0.0,0.1,0.02,0.9978497176048053,0.021525975718352863
10284646,0.02256220174872,0.0,0.1,0.02,0.9977361651142918,0.02266401233826999
10284647,0.040611963147695995,0.0,0.1,0.02,0.9959141867949004,0.04094182945783796
10284648,1.2739183162371028,0.0,0.1,0.02,0.8522723111841626,1.5984918915259778
10284649,7.838108887505328,0.0,0.1,0.02,0.13365012416075744,20.125299073983328
10284650,15.646886912737319,0.0,0.1,0.02,0.0015629345664829437,64.6119009247354
10284651,16.742563835159533,0.0,0.1,0.02,0.0006888236578256587,72.80525259003791
10284652,16.72056568845453,0.0,0.1,0.02,0.0007005793602896221,72.63602907683912
10284653,16.484508652658548,0.0,0.1,0.02,0.0008390574531965832,70.83231375657346
10284654,16.45912617569124,0.0,0.1,0.02,0.0008553760963998472,70.63969306915614
10284655,16.390593487879503,0.0,0.1,0.02,0.0009009232866025042,70.1209044648631
10284656,16.46730497382515,0.0,0.1,0.02,0.0008500858960561408,70.70173159401847
10284657,17.055050329379306,0.0,0.1,0.02,0.0005405086768209245,75.22999867691155
10284658,17.557623373332046,0.0,0.1,0.02,0.0003629791701950203,79.2116510772872
10284659,17.13599222815284,0.0,0.1,0.02,0.0005072818378234361,75.86443815681575
10284928,0.000564055043718,0.0,0.1,0.02,0.9999435897235859,0.0005641186753364687
10284929,0.011563128396219,0.0,0.1,0.02,0.9988416844076036,0.011589869583880488
10284930,0.018049761398976,0.0,0.1,0.02,0.9981901477437485,0.01811492017628799
10284931,0.08714650425443099,0.0,0.1,0.02,0.9911726511647888,0.0886654068951845
10284932,1.4011127285955118,0.0,0.1,0.02,0.8357935798638365,1.793736104241984
10284933,7.661277631299734,0.0,0.1,0.02,0.14369945737403342,19.40031262007047
10284934,15.438468574083519,0.0,0.1,0.02,0.0018166282687476784,63.107730956676406
10284935,17.137684393283994,0.0,0.1,0.02,0.0005066080315947451,75.87772966604595
10284936,15.721624206029954,0.0,0.1,0.02,0.0014802389165761458,65.15551774115535
10284937,15.901839792497855,0.0,0.1,0.02,0.0012971909566743148,66.4755415497515
10284938,15.60740305967706,0.0,0.1,0.02,0.0016083267738352103,64.32560911312042
10284939,15.805668407543935,0.0,0.1,0.02,0.0013920888126152653,65.76949916939043
10284940,15.805386380022076,0.0,0.1,0.02,0.0013923763176899736,65.76743410437955
10284941,15.672833444748347,0.0,0.1,0.02,0.0015337531499083562,64.80037508211282
10284942,16.24647742420955,0.0,0.1,0.02,0.001004155573202223,69.03608316327967
10284943,16.88216745847974,0.0,0.1,0.02,0.0006184041760198545,73.88368307771019
10285212,0.0008460825655769999,0.0,0.1,0.02,0.9999153810067172,0.0008462257367185546
10285213,0.0,0.0,0.1,0.02,1.0,0.0
10285214,0.000282027521859,0.0,0.1,0.02,0.9999717960547624,0.00028204342976361716
10285215,0.044278320931863,0.0,0.1,0.02,0.9955429189118044,0.04467043487277201
10285216,1.019529491520285,0.0,0.1,0.02,0.8844920470970583,1.2274175683362072
10285217,6.649926937913361,0.0,0.1,0.02,0.21237042116089536,15.494232593830514
10285218,14.176677441286353,0.0,0.1,0.02,0.004351514169031522,54.37231409614183
10285219,16.056672901998446,0.0,0.1,0.02,0.0011569105059655391,67.62002183835268
10285220,16.24816958934071,0.0,0.1,0.02,0.0010028821654439776,69.04877259013595
10285221,16.22419724998269,0.0,0.1,0.02,0.001021062779824625,68.86911253125187
10285222,16.29526818549116,0.0,0.1,0.02,0.0009680351849197063,69.40242123290724
10285223,16.23660646094449,0.0,0.1,0.02,0.0010116137676887944,68.96208433446135
10285224,16.6960292940528,0.0,0.1,0.02,0.0007139120280978376,72.44750813162665
10285225,16.508480992016565,0.0,0.1,0.02,0.0008239118660297092,71.01446992477102
10285226,16.381286579658155,0.0,0.1,0.02,0.0009072798071065002,70.05059658063584
10285227,16.4704072765656,0.0,0.1,0.02,0.0008480872445202476,70.7252704477546
10285496,0.001410137609295,0.0,0.1,0.02,0.9998589564168905,0.0014105353069104297
10285497,0.001128110087436,0.0,0.1,0.02,0.9998871699044031,0.001128364613909875
10285498,0.00282027521859,0.0,0.1,0.02,0.999717853209989,0.0028218660090517187
10285499,0.057533614459236,0.0,0.1,0.02,0.9941973370784218,0.0581956378177848
10285500,1.2710980410185129,0.0,0.1,0.02,0.8526350988127278,1.5942360869947332
10285501,7.131911972770392,0.0,0.1,0.02,0.17720029694974135,17.304745650239525
10285502,14.87949002575898,0.0,0.1,0.02,0.002696141853294457,59.15933471109118
10285503,15.620376325682573,0.0,0.1,0.02,0.0015932795711262153,64.41960763687149
10285504,15.99660103984248,0.0,0.1,0.02,0.0012095764759242804,67.17485000542038
10285505,16.268757598436416,0.0,0.1,0.02,0.0009875087151325144,69.20325235777293
10285506,16.279192616745195,0.0,0.1,0.02,0.0009798005702667462,69.28161506736345
10285507,15.468363491400572,0.0,0.1,0.02,0.001778043402769431,63.32241731181939
10285508,15.227229960211128,0.0,0.1,0.02,0.0021120554869689602,61.600936412441406
10285509,15.675935747488797,0.0,0.1,0.02,0.0015302979776034699,64.82292805936822
10285510,15.745596545387968,0.0,0.1,0.02,0.0014545832202710047,65.33035865941467
10285781,0.0008460825655769999,0.0,0.1,0.02,0.9999153810067172,0.0008462257367185546
10285782,0.000282027521859,0.0,0.1,0.02,0.9999717960547624,0.00028204342976361716
10285783,0.043150210844426995,0.0,0.1,0.02,0.9956571974594826,0.043522598983610696
10285784,1.2440233989200489,0.0,0.1,0.02,0.8561118681969755,1.553542242332167
10285785,8.558689205855073,0.0,0.1,0.02,0.09818595099957983,23.2089213903391
10285786,15.87222690270266,0.0,0.1,0.02,0.0013257533338136337,66.25774427287828
10285787,16.51863398280349,0.0,0.1,0.02,0.0008175743008467768,71.09168771436954
10285788,16.781765660697936,0.0,0.1,0.02,0.0006683291676315413,73.10729739881401
10285789,16.781483633176077,0.0,0.1,0.02,0.0006684745570356196,73.10512221928738
10285790,17.392919300566387,0.0,0.1,0.02,0.00041403304603789855,77.89564765976934
10285791,17.325514722842087,0.0,0.1,0.02,0.0004368063131251993,77.36020680512567
10285792,17.064357237600653,0.0,0.1,0.02,0.000536587195569406,75.3028148240914
10285793,16.82858222932653,0.0,0.1,0.02,0.0006445992062827152,73.46881819916746
10286066,0.001128110087436,0.0,0.1,0.02,0.9998871699044031,0.001128364613909875
10286067,0.095325302388342,0.0,0.1,0.02,0.9903327625878556,0.09714268504342777
10286068,1.992242414411976,0.0,0.1,0.02,0.7568389179630778,2.7860483819683877
10286072,15.47202984918474,0.0,0.1,0.02,0.001773363704226658,63.348771379997444
10286073,16.342366781641612,0.0,0.1,0.02,0.0009343161200720963,69.75695718678226
10286074,16.177662708875957,0.0,0.1,0.02,0.001057231388631865,68.52101685330712
10286075,16.61113900997324,0.0,0.1,0.02,0.0007618867120578917,71.79712685170419
10286076,16.952110283900772,0.0,0.1,0.02,0.0005857064163363418,74.42691889940764
10286077,16.55727175329817,0.0,0.1,0.02,0.0007938689715425535,71.38592133581126
10286358,16.14607562642775,0.0,0.1,0.02,0.0010824560219042957,68.28522725329259
10286359,15.881533810924006,0.0,0.1,0.02,0.0013167144413276377,66.32615704842848
10286360,15.800873939672334,0.0,0.1,0.02,0.001396983878142704,65.7343973911556
10286643,17.132043842846812,0.0,0.1,0.02,0.0005088573129278079,75.83342908949189
10362750,7.949509758639633,0.0,0.1,0.02,0.12760125356812496,20.588450839180982
10362751,9.8819623384175,0.0,0.1,0.02,0.05279916900160252,29.412598269997872
10362752,10.807294637636879,0.0,0.1,0.02,0.03282116125327429,34.16681811457585
10362753,12.06231710990943,0.0,0.1,0.02,0.016306008944662012,41.162215921912185
10362754,13.704281342172527,0.0,0.1,0.02,0.005936861357042571,51.26574676325614
10362755,14.797984071941729,0.0,0.1,0.02,0.0028529405089734983,58.59405059062995
10362756,14.942382163133537,0.0,0.1,0.02,0.0025805985508658928,59.597339104959794
10362757,14.630459723957483,0.0,0.1,0.02,0.0032017651653665335,57.4405300708259
10363033,9.46766390880663,0.0,0.1,0.02,0.06460266671141983,27.394995886830557
10363034,12.022551229327311,0.0,0.1,0.02,0.016687591091519634,40.93089884168724
10363035,13.057310207027982,0.0,0.1,0.02,0.008954509511506647,47.155980175539405
10363036,14.635818246872804,0.0,0.1,0.02,0.003190028781548213,57.477253397971786
10363037,15.092138777240667,0.0,0.1,0.02,0.0023235317724192347,60.64666935153895
10363038,16.448409129860597,0.0,0.1,0.02,0.0008623544550626713,70.55844171051689
10363039,17.16391295281688,0.0,0.1,0.02,0.0004962704824683688,76.0838945231919
10363040,17.126121264887775,0.0,0.1,0.02,0.0005112291069306701,75.78692718081602
10363041,16.17202215843878,0.0,0.1,0.02,0.0010616953839934244,68.47888229704576
10363316,3.460195665688071,0.0,0.1,0.02,0.5568392683105118,5.854786474657374
10363317,11.115268691506907,0.0,0.1,0.02,0.027805794886911848,35.825108308385644
10363318,14.363097633235151,0.0,0.1,0.02,0.0038400064382341915,55.62281235760419
10363319,15.284763574670363,0.0,0.1,0.02,0.0020274908029488986,62.00956308138435
10363320,15.93737526025209,0.0,0.1,0.02,0.0012636686902648285,66.73736129747115
10363321,16.547118762511246,0.0,0.1,0.02,0.0008000353345660591,71.30854663064159
10363322,17.11343002640412,0.0,0.1,0.02,0.0005163463751499296,75.68732748013015
10363323,17.3494870622001,0.0,0.1,0.02,0.0004285758886176455,77.55042732648984
10363324,17.379381979517156,0.0,0.1,0.02,0.00041851553094191175,77.78796557751028
10363325,18.087835114426966,0.0,0.1,0.02,0.0002358819490503679,83.5217909397664
10363599,0.221109577137456,0.0,0.1,0.02,0.977175758883437,0.23088746615783692
10363600,2.6911066135785777,0.0,0.1,0.02,0.661032840392815,4.13951757470785
10363601,10.467733501318644,0.0,0.1,0.02,0.03923279623893713,32.38242243224438
10363602,14.976789520800335,0.0,0.1,0.02,0.0025193270945542395,59.83763439087127
10363603,16.268475570914553,0.0,0.1,0.02,0.0009877178231380349,69.20113505120328
10363604,16.032700562640432,0.0,0.1,0.02,0.0011776671334742517,67.4421980288986
10363605,16.05808303960774,0.0,0.1,0.02,0.001155700157040396,67.6304892209953
10363606,16.434871808811366,0.0,0.1,0.02,0.0008712449359325983,70.45587408322388
10363607,16.488175010442717,0.0,0.1,0.02,0.0008367244069942882,70.86015804544026
10363608,16.63567540437497,0.0,0.1,0.02,0.0007477203873101764,71.98481463632024
10363609,16.651468945599078,0.0,0.1,0.02,0.0007387320735320023,72.10575255484918
10363610,16.827172091717234,0.0,0.1,0.02,0.0006453023306764275,73.4579162125707
10363882,0.0008460825655769999,0.0,0.1,0.02,0.9999153810067172,0.0008462257367185546
10363883,0.134245100404884,0.0,0.1,0.02,0.986309632294305,0.13784944980142746
10363884,2.685184035619539,0.0,0.1,0.02,0.66184580729776,4.127226696648746
10363885,10.486065290239479,0.0,0.1,0.02,0.03886124356265337,32.47757834447251
10363886,15.797207581888166,0.0,0.1,0.02,0.001400737905451103,65.70756105894117
10363887,16.182457176747562,0.0,0.1,0.02,0.0010534506989337627,68.5568412322013
10363888,16.6850302207003,0.0,0.1,0.02,0.0007199651921321669,72.36307691383675
10363889,17.326078777885805,0.0,0.1,0.02,0.00043661096740302665,77.36467994138678
10363890,17.004849430488402,0.0,0.1,0.02,0.0005621268475690255,74.83783026120476
10363891,16.847196045769223,0.0,0.1,0.02,0.000635384712116988,73.61279896668566
10363892,17.016412558884625,0.0,0.1,0.02,0.000557076946322871,74.9280718337179
10363893,16.947315816029167,0.0,0.1,0.02,0.0005878952048652349,74.38961848967564
10363894,16.79445689918159,0.0,0.1,0.02,0.0006618170890807536,73.2052134068752
10364166,0.000282027521859,0.0,0.1,0.02,0.9999717960547624,0.00028204342976361716
10364167,0.01974192653013,0.0,0.1,0.02,0.9980199753140125,0.019819875262754208
10364168,1.7116250301622709,0.0,0.1,0.02,0.794727724500817,2.29755707893787
10364169,10.283569529544716,0.0,0.1,0.02,0.04313618830450287,31.433929983340818
10364170,15.68890901349431,0.0,0.1,0.02,0.0015159268846867125,64.91728222023491
10364171,15.666064784223732,0.0,0.1,0.02,0.0015413167508150829,64.75118194892272
10364172,16.64808461533677,0.0,0.1,0.02,0.0007406496224273014,72.07982888721935
10364173,16.38890132274835,0.0,0.1,0.02,0.0009020759284061933,70.10811863610488
10364174,16.02931623237812,0.0,0.1,0.02,0.0011806251403988386,67.41711200789427
10364175,15.930042544683754,0.0,0.1,0.02,0.0012705195547043759,66.68329363977065
10364176,16.576167597262724,0.0,0.1,0.02,0.0007825103537742457,71.53003403977127
10364177,16.406387029103605,0.0,0.1,0.02,0.0008902311499759555,70.24029409885142
10364178,15.796925554366307,0.0,0.1,0.02,0.0014010270630797073,65.70549694840456
10364450,0.001128110087436,0.0,0.1,0.02,0.9998871699044031,0.001128364613909875
10364451,0.017767733877116998,0.0,0.1,0.02,0.9982185015205527,0.017830872350542606
10364452,1.489951397981097,0.0,0.1,0.02,0.8241569918213545,1.933942431650262
10364453,9.727693283960628,0.0,0.1,0.02,0.056964349115917294,28.65329660932317
10364454,16.468433083912586,0.0,0.1,0.02,0.0008493586071200209,70.71029073177391
10364455,16.658519633645554,0.0,0.1,0.02,0.0007347520290954587,72.15977491055642
10364456,15.490643665627433,0.0,0.1,0.02,0.0017497800405310683,63.48265190071609
10364457,15.749262903172136,0.0,0.1,0.02,0.0014506958658554658,65.35711930181894
10364458,15.786208508535665,0.0,0.1,0.02,0.0014120560681853969,65.62708432352844
10364459,15.980525471096517,0.0,0.1,0.02,0.0012240424259645746,67.05596433756942
10364460,15.887738416404906,0.0,0.1,0.02,0.0013107202530091438,66.37178481402655
10364461,15.958245296869656,0.0,0.1,0.02,0.0012443569496721522,66.89136388788216
10364462,16.045109773602228,0.0,0.1,0.02,0.0011668797997974989,67.53421930299137
10364733,0.002256220174872,0.0,0.1,0.02,0.9997743016456299,0.0022572382807675
10364734,0.0031023027404489998,0.0,0.1,0.02,0.999689625416469,0.0031042275969076793
10364735,0.058661724546672,0.0,0.1,0.02,0.9940825808870797,0.05934996413202992
10364736,1.537614049175268,0.0,0.1,0.02,0.8178743633584015,2.0104654420195005
10364737,10.036231392874374,0.0,0.1,0.02,0.04889197772252862,30.181419507137793
10364738,16.72479610128242,0.0,0.1,0.02,0.0006983042215118163,72.66855702717675
10364739,16.654853275861385,0.0,0.1,0.02,0.0007368191516169328,72.13168080395552
10364740,16.604934404492344,0.0,0.1,0.02,0.0007655083982450858,71.74970371999105
10364741,16.14325535120916,0.0,0.1,0.02,0.0010847351731721286,68.26419401807779
10364742,15.975448975703054,0.0,0.1,0.02,0.0012286438275954028,67.01844297076141
10364743,16.292165882750712,0.0,0.1,0.02,0.0009702954246937023,69.37909971296398
10364744,16.820121403670758,0.0,0.1,0.02,0.0006488286997263111,73.40341821051538
10364745,16.51242937732259,0.0,0.1,0.02,0.0008214418430899285,71.04449416553581
10364746,16.29272993779443,0.0,0.1,0.02,0.0009698841076080355,69.38333970297501
10365017,0.01128110087436,0.0,0.1,0.02,0.9988699835977546,0.011306553521747496
10365018,0.009588935743206,0.0,0.1,0.02,0.9990397288276426,0.009607325280943466
10365019,0.06684052268058299,0.0,0.1,0.02,0.9932494824274191,0.0677340537750257
10365020,2.012830423507683,0.0,0.1,0.02,0.7540378082778675,2.8231276862673065
10365021,10.280749254326127,0.0,0.1,0.02,0.04319843418791158,31.419510300391565
10365022,16.314728084499432,0.0,0.1,0.02,0.0009539685458439246,69.54879857873033
10365023,16.361544653128025,0.0,0.1,0.02,0.0009209016310977791,69.90157334038848
10365024,16.580398010090608,0.0,0.1,0.02,0.0007799882016620025,71.56231764469393
10365025,16.713797027929918,0.0,0.1,0.02,0.000704233962014277,72.5839992460977
10365026,17.072254008212706,0.0,0.1,0.02,0.0005332807488135718,75.36462539239966
10365027,16.61113900997324,0.0,0.1,0.02,0.0007618867120578917,71.79712685170419
10365028,16.470971331609316,0.0,0.1,0.02,0.000847724323451732,70.72955065294852
10365029,16.16553552543602,0.0,0.1,0.02,0.0010668506065973189,68.43044329026283
10365030,16.536401716680604,0.0,0.1,0.02,0.0008065926350885625,71.22691806376805
10365301,0.0008460825655769999,0.0,0.1,0.02,0.9999153810067172,0.0008462257367185546
10365302,0.006486633002757,0.0,0.1,0.02,0.9993507060541722,0.006495048284299491
10365303,0.141859843495077,0.0,0.1,0.02,0.9855174274758456,0.14588468653436654
10365304,2.523582265594332,0.0,0.1,0.02,0.6840477351361822,3.7972757558387764
10365305,10.640898399740069,0.0,0.1,0.02,0.03584094890629383,33.28664215045822
10365306,16.75187074338088,0.0,0.1,0.02,0.0006839056814977711,72.87690542396894
10365307,16.570245019303684,0.0,0.1,0.02,0.000786054128660816,71.48484901925539
10365308,17.10158487048604,0.0,0.1,0.02,0.000521165666568151,75.59442588697344
10365309,16.56827082665067,0.0,0.1,0.02,0.0007872387043135274,71.46979046369943
10365310,16.299216570797185,0.0,0.1,0.02,0.000965165591907689,69.4321087351471
10365311,16.228709690332437,0.0,0.1,0.02,0.0010176173319956408,68.90291333295042
10365312,15.80736057267509,0.0,0.1,0.02,0.0013903649355196163,65.78189022758768
10365313,16.254938249865322,0.0,0.1,0.02,0.000997803519658012,69.09954175125226
10365314,16.258322580127633,0.0,0.1,0.02,0.0009952731653914309,69.12493320402524
10365585,0.001128110087436,0.0,0.1,0.02,0.9998871699044031,0.001128364613909875
10365586,0.000282027521859,0.0,0.1,0.02,0.9999717960547624,0.00028204342976361716
10365587,0.184728026817645,0.0,0.1,0.02,0.9810270051995803,0.1915529155960331
10365588,2.533735256381256,0.0,0.1,0.02,0.6826521730317748,3.8176981262671337
10365589,9.837966045007496,0.0,0.1,0.02,0.05396022259017647,29.195081225551583
10365590,15.313530381899982,0.0,0.1,0.02,0.0019863881420871927,62.21437293337474
10365591,15.953732856519911,0.0,0.1,0.02,0.0012485091408617833,66.8580512679605
10365592,15.744468435300533,0.0,0.1,0.02,0.0014557812662260286,65.3221256973355
10365593,16.408361221756618,0.0,0.1,0.02,0.0008889029625913518,70.25522481848589
10365594,16.477457964612075,0.0,0.1,0.02,0.0008435611053581741,70.77878215972365
10365595,16.417104074934247,0.0,0.1,0.02,0.0008830431141654425,70.32136531637877
10365596,16.01888121406934,0.0,0.1,0.02,0.0011897890833902954,67.33979228416206
10365597,16.797841229443897,0.0,0.1,0.02,0.0006600905586130299,73.23133522336494
10365869,0.009024880699488,0.0,0.1,0.02,0.9990962915512817,0.009041170393815998
10365870,0.020023954051989,0.0,0.1,0.02,0.9979916049498844,0.02010414579916423
10365871,0.067122550202442,0.0,0.1,0.02,0.9932207199502604,0.06802363755157786
10365872,1.8464341856108728,0.0,0.1,0.02,0.7766000458874572,2.52829802596937
10365873,8.994703754649086,0.0,0.1,0.02,0.08065582203265056,25.175642881428757
10365874,15.582584637753467,0.0,0.1,0.02,0.0016374791168083055,64.14597343630354
10365875,15.942169728123693,0.0,0.1,0.02,0.0012592078003686126,66.77272485618438
10365876,16.525684670849962,0.0,0.1,0.02,0.0008131999449608184,71.14533543892304
10365877,16.394823900707387,0.0,0.1,0.02,0.000898047671494024,70.15287404774861
10365878,16.313317946890137,0.0,0.1,0.02,0.0009549814484151067,69.5381864341557
10365879,16.41625799236867,0.0,0.1,0.02,0.0008836086219822597,70.31496328677034
10365880,16.632291074112665,0.0,0.1,0.02,0.0007496596646490067,71.95891234891423
10365881,16.81137855049313,0.0,0.1,0.02,0.0006532263679032307,73.33586830408925
10366153,0.000564055043718,0.0,0.1,0.02,0.9999435897235859,0.0005641186753364687
10366154,0.01128110087436,0.0,0.1,0.02,0.9988699835977546,0.011306553521747496
10366155,0.115067228918472,0.0,0.1,0.02,0.9882974811869746,0.11771532235266721
10366156,2.2607326152217437,0.0,0.1,0.02,0.7201530640030547,3.2829150067272126
10366157,10.30782389642459,0.0,0.1,0.02,0.042604003159713945,31.558070592364956
10366158,16.55191323038285,0.0,0.1,0.02,0.0007971179044776736,71.34507954760743
10366159,16.225889415113848,0.0,0.1,0.02,0.0010197694692784998,68.88178687741457
10366160,16.393413763098092,0.0,0.1,0.02,0.0008990052600825172,70.14221672472489
10366161,16.39143957044508,0.0,0.1,0.02,0.0009003474794495695,70.12729780875564
10366162,16.44135844181412,0.0,0.1,0.02,0.0008669743274333481,70.5050119242566
10366163,16.15707469978025,0.0,0.1,0.02,0.0010736097318880466,68.36728727063606
10366164,15.928914434596319,0.0,0.1,0.02,0.0012715765826515073,66.67497744753452
10366165,15.739955994950789,0.0,0.1,0.02,0.0014605825821909716,65.28919893954824
10366438,0.0,0.0,0.1,0.02,1.0,0.0
10366439,0.027074642098463997,0.0,0.1,0.02,0.9972815766878171,0.02722124934741598
10366440,1.9987290474147328,0.0,0.1,0.02,0.7559566385665015,2.7977126084106136
10366441,10.768938894664055,0.0,0.1,0.02,0.03349715437440858,33.96294787806571
10366442,16.187533672141022,0.0,0.1,0.02,0.0010494612990949689,68.5947829494809
10366443,16.11759084671999,0.0,0.1,0.02,0.0011056810724560109,68.0729377871744
10366444,16.424436790502583,0.0,0.1,0.02,0.0008781561289305444,70.37686156754553
10366445,16.70674633988344,0.0,0.1,0.02,0.0007080597329240968,72.5298209929252
10366446,16.335880148638857,0.0,0.1,0.02,0.000938894330208478,69.70807619477748
10366447,15.867150407309198,0.0,0.1,0.02,0.0013307078215052674,66.22044281694369
10366448,16.128025865028775,0.0,0.1,0.02,0.001097119738736919,68.1506695256362
10366449,16.89598680705083,0.0,0.1,0.02,0.0006118116499218907,73.99086084385796
10366728,16.799815422096913,0.0,0.1,0.02,0.000659085357178795,73.24657506540197
10366729,16.153408341996084,0.0,0.1,0.02,0.0010765510119091393,68.33992855464982
10366730,16.731000706763314,0.0,0.1,0.02,0.000694979809659837,72.71627763670622
10366731,16.89260247678852,0.0,0.1,0.02,0.000613420052269004,73.96460616454887
10366732,16.44248655190156,0.0,0.1,0.02,0.0008662336038451079,70.51355935379428
10367014,16.068236030394665,0.0,0.1,0.02,0.0011470202507229527,67.70587785608933
10367015,15.98503791144626,0.0,0.1,0.02,0.001219965704433582,67.0893253175211
10443408,13.122176537055552,0.0,0.1,0.02,0.00859952770633637,47.5604799509858
10443409,14.57490030215126,0.0,0.1,0.02,0.003325802081094579,57.06044406568104
10443410,15.373038189012231,0.0,0.1,0.02,0.0019037876406262561,62.639098821177924
10443411,16.076132801006718,0.0,0.1,0.02,0.0011403110569591088,67.76454196812755
10443690,12.266787063257205,0.0,0.1,0.02,0.014463023306549359,42.36160003431607
10443691,13.586393838035466,0.0,0.1,0.02,0.006406505412001651,50.50441334247708
10443692,15.011478905988993,0.0,0.1,0.02,0.002458908148844579,60.08037869497949
10443693,15.642374472387575,0.0,0.1,0.02,0.0015680616661478835,64.57915029926806
10443694,15.751801150868868,0.0,0.1,0.02,0.0014480102518783901,65.37564905017163
10443695,15.851920921128812,0.0,0.1,0.02,0.0013456743314337657,66.10860029907307
10443696,16.665570321692027,0.0,0.1,0.02,0.0007307919746513062,72.21381715114445
10443972,6.975950753182365,0.0,0.1,0.02,0.1880828252114443,16.708728535347483
10443973,12.337011916200096,0.0,0.1,0.02,0.013874003357366273,42.77738452029273
10443974,14.250004596969692,0.0,0.1,0.02,0.0041433398887444715,54.86253079970116
10443975,15.177311088842083,0.0,0.1,0.02,0.0021880456154365433,61.247465466339854
10443976,15.500514628892498,0.0,0.1,0.02,0.0017373913096146874,63.553705380994565
10443977,16.158202809867685,0.0,0.1,0.02,0.0010727062243359976,68.37570641883087
10443978,16.74058964250652,0.0,0.1,0.02,0.0006898710955793387,72.79005795826583
10443979,17.118224494275722,0.0,0.1,0.02,0.000514407581738248,75.72494646155998
10443980,17.619951455662882,0.0,0.1,0.02,0.0003452475259854292,79.71248931564618
10443981,18.00238077530369,0.0,0.1,0.02,0.00025304268979306716,82.81952349110846
10444255,0.8703369324568739,0.0,0.1,0.02,0.9028639324865625,1.021834207656562
10444256,6.031158554954715,0.0,0.1,0.02,0.2643151003069782,13.306133257955404
10444257,13.279265866731015,0.0,0.1,0.02,0.007791634460781692,48.5470462585965
10444258,14.99201900698072,0.0,0.1,0.02,0.0024926357884107455,59.94414578811496
10444259,16.07528671844114,0.0,0.1,0.02,0.0011410281541301614,67.75825533445918
10444260,16.24393917651282,0.0,0.1,0.02,0.0010060685011219388,69.01705117056244
10444261,16.195430442753075,0.0,0.1,0.02,0.001043283436381415,68.6538238879637
10444262,16.52596669837182,0.0,0.1,0.02,0.0008130254247493074,71.1474817615107
10444263,16.76935644973614,0.0,0.1,0.02,0.0006747542821973295,73.01161959739756
10444264,16.473227551784188,0.0,0.1,0.02,0.000846274083857884,70.74667274635652
10444265,16.020573379200496,0.0,0.1,0.02,0.0011882985725926664,67.35232765887001
10444538,0.0,0.0,0.1,0.02,1.0,0.0
10444539,0.43714265888145,0.0,0.1,0.02,0.9535760102991708,0.47536139972423874
10444540,4.685041193121708,0.0,0.1,0.02,0.4035332708887918,9.074963389371163
10444541,12.987649409128808,0.0,0.1,0.02,0.009350310904634923,46.72345684401758
10444542,15.022477979341494,0.0,0.1,0.02,0.002440030619622498,60.15744690730151
10444543,15.151646584352916,0.0,0.1,0.02,0.0022280855883458944,61.066125427779596
10444544,15.388549702714474,0.0,0.1,0.02,0.0018827831285073142,62.750042093297225
10444545,15.579482335013019,0.0,0.1,0.02,0.0016411572757796121,64.12353630040957
10444546,15.933708902467922,0.0,0.1,0.02,0.0012670898330089352,66.71032478018503
10444547,15.794669334191434,0.0,0.1,0.02,0.0014033423133031045,65.68898520948089
10444548,15.801155967194193,0.0,0.1,0.02,0.0013966954927742403,65.73646194711353
10444549,15.427469500731018,0.0,0.1,0.02,0.001831017869359904,63.028832539928175
10444550,15.709214995068159,0.0,0.1,0.02,0.0014936832720214887,65.06510214732302
10444822,0.022280174226861,0.0,0.1,0.02,0.9977645567871325,0.022379455459576855
10444823,0.412606264479717,0.0,0.1,0.02,0.9563173116624674,0.44665505037729825
10444824,4.100398140308001,0.0,0.1,0.02,0.4741151225436614,7.463051122116264
10444825,12.813074373098088,0.0,0.1,0.02,0.010411910006652834,45.64804935120668
10444826,16.390311460357644,0.0,0.1,0.02,0.0009011152984081386,70.11877341386386
10444827,15.645194747606165,0.0,0.1,0.02,0.0015648554107252942,64.59961848571088
10444828,15.435930326386787,0.0,0.1,0.02,0.0018199396578691465,63.08951933460025
10444829,16.29555021301302,0.0,0.1,0.02,0.0009678299513641258,69.40454156197875
10444830,16.436846001464378,0.0,0.1,0.02,0.0008699431183469009,70.47082729663548
10444831,16.189507864794034,0.0,0.1,0.02,0.0010479136572852544,68.60954084563961
10444832,15.79607947180073,0.0,0.1,0.02,0.001401894867402305,65.69930480768963
10444833,15.506155179329678,0.0,0.1,0.02,0.00173034842876339,63.5943248684202
10444834,16.386927130095334,0.0,0.1,0.02,0.0009034224103735277,70.09320328350623
10445105,0.0,0.0,0.1,0.02,1.0,0.0
10445106,0.0,0.0,0.1,0.02,1.0,0.0
10445107,0.232954733055534,0.0,0.1,0.02,0.9759139802346803,0.243808314586129
10445108,3.467528381256405,0.0,0.1,0.02,0.5558660674547248,5.872278996220137
10445109,12.312193494276503,0.0,0.1,0.02,0.014079695959966857,42.63021522237743
10445110,15.413650152159926,0.0,0.1,0.02,0.0018492461018160089,62.929772354795865
10445111,15.740802077516365,0.0,0.1,0.02,0.0014596812213798728,65.29537208622507
10445112,16.364364928346614,0.0,0.1,0.02,0.0009189440829515669,69.92285282996676
10445113,16.32065066245847,0.0,0.1,0.02,0.0009497252486318862,69.59337827165969
10445114,16.078953076225307,0.0,0.1,0.02,0.0011379237509855965,67.78549948171636
10445115,16.17963690152897,0.0,0.1,0.02,0.0010556731111454785,68.53576695459256
10445116,16.683902110612863,0.0,0.1,0.02,0.0007205887269199928,72.35442003791533
10445117,16.401874588753863,0.0,0.1,0.02,0.000893273940922536,70.2061725937958
10445118,16.242247011381668,0.0,0.1,0.02,0.0010073456662782637,69.00436460712902
10445389,0.0016921651311539998,0.0,0.1,0.02,0.9998307405444262,0.0016927378157202185
10445390,0.009870963265065,0.0,0.1,0.02,0.9990114438990191,0.009890450448221053
10445391,0.158781494806617,0.0,0.1,0.02,0.9837510806578404,0.16382380742522173
10445392,3.864059076990159,0.0,0.1,0.02,0.5040776482907768,6.850249587084166
10445393,12.85735269402995,0.0,0.1,0.02,0.010132921156846037,45.919656353765795
10445394,16.104899608236334,0.0,0.1,0.02,0.0011161770410724366,67.9784578865105
10445395,16.06118534234819,0.0,0.1,0.02,0.0011530415219324014,67.65352026260025
10445396,16.15143414934307,0.0,0.1,0.02,0.0010781378741819639,68.32519916545618
10445397,16.237170515988208,0.0,0.1,0.02,0.0010111862029449257,68.96631178904356
10445398,16.322906882633344,0.0,0.1,0.02,0.0009481133737982279,69.61036470245713
10445399,16.536965771724322,0.0,0.1,0.02,0.0008062462702785693,71.23121315876068
10445400,16.931522274805065,0.0,0.1,0.02,0.0005951594778543795,74.26681158324908
10445401,16.101515277974027,0.0,0.1,0.02,0.0011189915369436098,67.95327412734024
10445402,16.73212881685075,0.0,0.1,0.02,0.0006943769588426638,72.7249557655882
10445673,0.0,0.0,0.1,0.02,1.0,0.0
10445674,0.025946532011028,0.0,0.1,0.02,0.9973952805323416,0.02608117651570786
10445675,0.40640165899881897,0.0,0.1,0.02,0.9570081110501293,0.43943412068621746
10445676,3.9754599481244637,0.0,0.1,0.02,0.489861965416316,7.136316307952816
10445677,11.935968780116598,0.0,0.1,0.02,0.017545743529639925,40.42943892410022
10445678,15.852767003694389,0.0,0.1,0.02,0.00134483878732398,66.1148113383787
10445679,16.504532606710537,0.0,0.1,0.02,0.0008263888008422216,70.9844519199048
10445680,17.145299136374184,0.0,0.1,0.02,0.0005035862482020711,75.93755563152486
10445681,16.78317579830723,0.0,0.1,0.02,0.0006676026629336388,73.11817377368433
10445682,16.87906515573929,0.0,0.1,0.02,0.0006198932165015594,73.85963326207774
10445683,16.928701999586472,0.0,0.1,0.02,0.0005964654568809056,74.24489227774708
10445684,16.625522413588047,0.0,0.1,0.02,0.0007535522857055474,71.90712151853175
10445685,16.883013541045315,0.0,0.1,0.02,0.000617998653910737,73.89024278646922
10445686,16.741717752593956,0.0,0.1,0.02,0.0006892723780021797,72.79874041409788
10445957,0.000282027521859,0.0,0.1,0.02,0.9999717960547624,0.00028204342976361716
10445958,0.0033843302623079996,0.0,0.1,0.02,0.9996613952394786,0.0033866210005728745
10445959,0.42304128278849995,0.0,0.1,0.02,0.9551533200639587,0.4588340681771679
10445960,4.4021675886971305,0.0,0.1,0.02,0.43701037250920793,8.277983484492232
10445961,12.600143594094542,0.0,0.1,0.02,0.01185166717710939,44.35286731245488
10445962,16.335880148638857,0.0,0.1,0.02,0.000938894330208478,69.70807619477748
10445963,15.93145268229305,0.0,0.1,0.02,0.0012691994144713161,66.69368959592154
10445964,16.02226554433165,0.0,0.1,0.02,0.0011868097931020652,67.36486417894709
10445965,16.624112275978753,0.0,0.1,0.02,0.0007543656150507389,71.89633406884825
10445966,16.29555021301302,0.0,0.1,0.02,0.0009678299513641258,69.40454156197875
10445967,16.07528671844114,0.0,0.1,0.02,0.0011410281541301614,67.75825533445918
10445968,15.623760655944881,0.0,0.1,0.02,0.001589375660398764,64.44414006279513
10445969,16.036930975468316,0.0,0.1,0.02,0.0011739792882289803,67.47356199785534
10445970,16.01859918654748,0.0,0.1,0.02,0.0011900376703065521,67.3377031663994
10446241,0.004794467871603,0.0,0.1,0.02,0.9995202086111139,0.004799065256037367
10446242,0.007332715568334,0.0,0.1,0.02,0.9992659226355329,0.007343469311855217
10446243,0.390326090252856,0.0,0.1,0.02,0.9587933634605552,0.4207969815992721
10446244,4.280049671732184,0.0,0.1,0.02,0.45186063740216703,7.9438147102311385
10446245,12.344626659290288,0.0,0.1,0.02,0.013811429388069757,42.82258813074239
10446246,16.67572331247895,0.0,0.1,0.02,0.0007251244293580817,72.29167291134974
10446247,16.56375838630093,0.0,0.1,0.02,0.0007899525510846346,71.43537676225179
10446248,16.229555772898014,0.0,0.1,0.02,0.0010169725138247396,68.90925189001946
10446249,16.130000057681787,0.0,0.1,0.02,0.001095506962959093,68.16538042984467
10446250,16.09502864497127,0.0,0.1,0.02,0.0011244043995450245,67.9050180614604
10446251,16.437692084029955,0.0,0.1,0.02,0.0008693857506672632,70.47723629390616
10446252,16.38523496496418,0.0,0.1,0.02,0.0009045780250745923,70.08041993638112
10446253,16.124077479722747,0.0,0.1,0.02,0.0011003519020164896,68.1212523941432
10446525,0.0016921651311539998,0.0,0.1,0.02,0.9998307405444262,0.0016927378157202185
10446526,0.0008460825655769999,0.0,0.1,0.02,0.9999153810067172,0.0008462257367185546
10446527,0.357328870195353,0.0,0.1,0.02,0.9624371001500999,0.38286565449037047
10446528,3.854188113725094,0.0,0.1,0.02,0.5053448903154287,6.825141316921053
10446529,11.513491552371816,0.0,0.1,0.02,0.022313600249235264,38.02558909767925
10446530,16.626368496153628,0.0,0.1,0.02,0.0007530646803206274,71.91359437013159
10446531,16.299780625840903,0.0,0.1,0.02,0.0009647562959324328,69.4363503159486
10446532,16.999208880051224,0.0,0.1,0.02,0.0005646057042884868,74.7938293895737
10446533,17.00682362314142,0.0,0.1,0.02,0.0005612616525806643,74.85323357286961
10446534,16.981723173695965,0.0,0.1,0.02,0.0005723552137140538,74.65750756330448
10446535,16.654853275861385,0.0,0.1,0.02,0.0007368191516169328,72.13168080395552
10446536,16.73861544985351,0.0,0.1,0.02,0.0006909200183731858,72.77486488546842
10446537,17.238086191065797,0.0,0.1,0.02,0.0004680942330151593,76.66840929718845
10446809,0.001974192653013,0.0,0.1,0.02,0.999802522287257,0.001974972140339242
10446810,0.013537321049231998,0.0,0.1,0.02,0.9986435235608504,0.013573972861469994
10446811,0.41317031952343497,0.0,0.1,0.02,0.9562544634319352,0.44731226211045444
10446812,3.674536582300911,0.0,0.1,0.02,0.5286133402818748,6.374980401234442
10446813,13.040106528194583,0.0,0.1,0.02,0.009050835381767715,47.04898218152718
10446814,16.493533533358036,0.0,0.1,0.02,0.0008333254284709651,70.90086321655924
10446815,16.765126036908253,0.0,0.1,0.02,0.0006769577976044689,72.97901624359206
10446816,16.513839514931885,0.0,0.1,0.02,0.0008205613637500389,71.05521861991704
10446817,15.783670260838933,0.0,0.1,0.02,0.0014146799402022091,65.6085196414172
10446818,15.912556838328497,0.0,0.1,0.02,0.001286995320315116,66.55444986493549
10446819,15.58455883040648,0.0,0.1,0.02,0.0016351424356715613,64.1602536180866
10446820,15.74531451786611,0.0,0.1,0.02,0.0014548826462393437,65.32830037117117
10446821,16.063723590044923,0.0,0.1,0.02,0.0011508704952590204,67.67236670551807
10447094,0.001974192653013,0.0,0.1,0.02,0.999802522287257,0.001974972140339242
10447095,0.254388824716818,0.0,0.1,0.02,0.9736210118332987,0.2673315595449788
10447096,3.203550620796381,0.0,0.1,0.02,0.5911947476064957,5.256097936797357
10447097,12.736644914674299,0.0,0.1,0.02,0.010909656493363359,45.181069651174035
10447098,15.576944087316287,0.0,0.1,0.02,0.0016441723522318409,64.10518150719186
10447099,15.535486041603015,0.0,0.1,0.02,0.0016941483121521244,63.805751351371434
10447100,15.358654785397421,0.0,0.1,0.02,0.0019234573389587787,62.53631014879964
10447101,15.48895150049628,0.0,0.1,0.02,0.0017519119900067017,63.47047521744147
10447102,16.057801012085882,0.0,0.1,0.02,0.0011559421328379998,67.62839568083515
10447103,16.262835020477375,0.0,0.1,0.02,0.0009919086316498343,69.15879560113044
10447104,16.413155689628223,0.0,0.1,0.02,0.0008856850338746604,70.29149162802328
10447105,16.15933091995512,0.0,0.1,0.02,0.001071803422579753,68.38412607607864
10447385,15.991806571970876,0.0,0.1,0.02,0.0012138742123726665,67.13938205903706
10447386,15.8327430496424,0.0,0.1,0.02,0.0013647427161005393,65.96789354484234
10447387,16.324881075286356,0.0,0.1,0.02,0.0009467050694556918,69.62522949973487
10447388,16.191200029925188,0.0,0.1,0.02,0.001046588793959586,68.62219171173507
10447670,16.395387955751104,0.0,0.1,0.02,0.0008976649017245913,70.15713719966878
10447671,16.135922635640824,0.0,0.1,0.02,0.001090681826251165,68.20952249631802
10524064,13.007955390702657,0.0,0.1,0.02,0.009233347612292556,46.84933608000471
10524065,14.288642367464375,0.0,0.1,0.02,0.0040373358368956435,55.12170250852397
10524066,15.402651078807425,0.0,0.1,0.02,0.001863873717771323,62.85098312990493
10524067,15.884354086142597,0.0,0.1,0.02,0.0013139866703606444,66.3468950329336
10524346,12.159334577428925,0.0,0.1,0.02,0.015407177525444474,41.729218050600664
10524347,14.199521670556932,0.0,0.1,0.02,0.004285660996905373,54.524804805080116
10524348,14.786702971067369,0.0,0.1,0.02,0.0028752892755892073,58.51601992198188
10524349,15.786208508535665,0.0,0.1,0.02,0.0014120560681853969,65.62708432352844
10524350,16.336726231204434,0.0,0.1,0.02,0.0009382959920426263,69.71445102186904
10524351,16.92193333906186,0.0,0.1,0.02,0.0005996107324543205,74.1922989253925
10524352,16.912062375796793,0.0,0.1,0.02,0.0006042253620539786,74.11563313636509
10524628,10.030026787393476,0.0,0.1,0.02,0.0490442942038734,30.150314258559618
10524629,13.457789288067762,0.0,0.1,0.02,0.006956903665649472,49.680207792474036
10524630,14.716760145646337,0.0,0.1,0.02,0.003017469845483389,58.033365982543216
10524631,15.923837939202857,0.0,0.1,0.02,0.0012763432976489707,66.63756088200212
10524632,16.358724377909436,0.0,0.1,0.02,0.0009228630556253302,69.88029703239113
10524633,16.10348947062704,0.0,0.1,0.02,0.0011173489485733147,67.96796409674621
10524634,16.700259706880683,0.0,0.1,0.02,0.0007115965458587722,72.47999456233318
10524635,17.14981157672393,0.0,0.1,0.02,0.0005018035246640468,75.97301900015077
10524636,17.296747915612467,0.0,0.1,0.02,0.0004468781655976856,77.13224560686132
10524637,17.236676053456502,0.0,0.1,0.02,0.0004686156510838005,76.65727632781666
10524911,2.3408284314297,0.0,0.1,0.02,0.709161212594568,3.436723980507626
10524912,9.071979295638453,0.0,0.1,0.02,0.07783110687788937,25.532140963737007
10524913,13.881958680943697,0.0,0.1,0.02,0.00528770267442975,52.42371404482931
10524914,15.373884271577808,0.0,0.1,0.02,0.0019026363935030668,62.64514779075131
10524915,15.68326846305713,0.0,0.1,0.02,0.0015221597872628841,64.8762503999216
10524916,16.193174222578204,0.0,0.1,0.02,0.0010450450856710277,68.63695250313245
10524917,17.088893632002385,0.0,0.1,0.02,0.0005263758406026543,75.49495074518072
10524918,16.477457964612075,0.0,0.1,0.02,0.0008435611053581741,70.77878215972365
10524919,16.414565827237517,0.0,0.1,0.02,0.0008847406483133012,70.30216008658024
10524920,16.49550772601105,0.0,0.1,0.02,0.000832076415856807,70.9158627537891
10524921,16.570245019303684,0.0,0.1,0.02,0.000786054128660816,71.48484901925539
10525194,0.035817495276093,0.0,0.1,0.02,0.9963990914900138,0.03607407386966359
10525195,1.572585461885784,0.0,0.1,0.02,0.8132481024796632,2.0671904688726888
10525196,9.029393139837744,0.0,0.1,0.02,0.0793776748484669,25.335381234587526
10525197,15.434238161255633,0.0,0.1,0.02,0.0018221503424316547,63.07737968492757
10525198,16.577859762393878,0.0,0.1,0.02,0.0007815005828674523,71.54294662271349
10525199,16.846349963203647,0.0,0.1,0.02,0.0006358008720082945,73.60625137974995
10525200,16.451793460122904,0.0,0.1,0.02,0.0008601450612204599,70.58409507103146
10525201,16.519762092890925,0.0,0.1,0.02,0.0008168729350915886,71.10027001403412
10525202,16.443050606945278,0.0,0.1,0.02,0.0008658634628775661,70.51783325945797
10525203,16.6286247163285,0.0,0.1,0.02,0.0007517658360308518,71.9308567076267
10525204,16.925881724367883,0.0,0.1,0.02,0.0005977741114756753,74.22297615382602
10525205,16.696593349096517,0.0,0.1,0.02,0.0007136028918605411,72.45183924211533
10525477,0.0,0.0,0.1,0.02,1.0,0.0
10525478,0.05922577959039,0.0,0.1,0.02,0.9940251887832662,0.05992731818400789
10525479,1.4896693704592379,0.0,0.1,0.02,0.8241940875119059,1.9334923371161223
10525480,8.646399765153221,0.0,0.1,0.02,0.09443490153665932,23.59844554492156
10525481,15.473157959272175,0.0,0.1,0.02,0.0017719260847239779,63.35688140578975
10525482,15.732341251860596,0.0,0.1,0.02,0.001468718025052275,65.23365350485952
10525483,15.668038976876744,0.0,0.1,0.02,0.001539107147092345,64.76552805306251
10525484,15.671705334660912,0.0,0.1,0.02,0.0015350113629533898,64.79217495394876
10525485,16.128307892550634,0.0,0.1,0.02,0.0010968892073838293,68.15277098793285
10525486,15.719085958333222,0.0,0.1,0.02,0.00148297976116795,65.13701863142695
10525487,15.489515555539997,0.0,0.1,0.02,0.0017512010740030764,63.474533984603106
10525488,16.40243864379758,0.0,0.1,0.02,0.0008928930637926438,70.21043733650642
10525489,16.996952659876353,0.0,0.1,0.02,0.0005656001034780672,74.77623260429192
10525760,0.0,0.0,0.1,0.02,1.0,0.0
10525761,0.0,0.0,0.1,0.02,1.0,0.0
10525762,0.029330862273336,0.0,0.1,0.02,0.9970540556182693,0.02950292216967548
10525763,0.719734235784168,0.0,0.1,0.02,0.9209645161609145,0.823337709816132
10525764,6.2398589211303745,0.0,0.1,0.02,0.24593139127000774,14.027026792252439
10525765,14.01902405656717,0.0,0.1,0.02,0.004831669998815765,53.32563115628898
10525766,15.365987500965755,0.0,0.1,0.02,0.0019134063659438894,62.588701876932916
10525767,16.650340835511642,0.0,0.1,0.02,0.000739370741882378,72.09711082325293
10525768,16.15143414934307,0.0,0.1,0.02,0.0010781378741819639,68.32519916545618
10525769,15.404625271460437,0.0,0.1,0.02,0.0018612404178213852,62.86512122228395
10525770,14.918409823775523,0.0,0.1,0.02,0.0026240928705671043,59.43020015779993
10525771,15.582020582709749,0.0,0.1,0.02,0.0016381473061982893,64.1418936707078
10525772,15.75631359121861,0.0,0.1,0.02,0.0014432471787448227,65.40859718818267
10525773,15.471183766619163,0.0,0.1,0.02,0.0017744426249646685,63.34268919471923
10526044,0.0025382476967309997,0.0,0.1,0.02,0.9997460786197915,0.002539536237004992
10526045,0.003948385306026,0.0,0.1,0.02,0.9996049277360745,0.0039515032553309685
10526046,0.001128110087436,0.0,0.1,0.02,0.9998871699044031,0.001128364613909875
10526047,0.827186721612447,0.0,0.1,0.02,0.9080975887042677,0.9640342960948366
10526048,6.570677204270981,0.0,0.1,0.02,0.21859300586456656,15.205436988816246
10526049,14.838878062611284,0.0,0.1,0.02,0.0027732541930003372,58.87733849402057
10526050,15.963885847306836,0.0,0.1,0.02,0.001239184704914057,66.93301611647554
10526051,15.794951361713293,0.0,0.1,0.02,0.0014030527135419862,65.69104906549101
10526052,16.11195029628281,0.0,0.1,0.02,0.0011103345900233767,68.03093876626036
10526053,16.42246259784957,0.0,0.1,0.02,0.000879469374976767,70.36191815340318
10526054,16.559245945951183,0.0,0.1,0.02,0.0007926751076735078,71.40097120565133
10526055,16.135922635640824,0.0,0.1,0.02,0.001090681826251165,68.20952249631802
10526056,16.061749397391907,0.0,0.1,0.02,0.0011525587435713787,67.65770813831577
10526057,15.932862819902345,0.0,0.1,0.02,0.001267880545090506,66.70408634746765
10526328,0.003666357784167,0.0,0.1,0.02,0.9996331626792648,0.003669046220047304
10526329,0.008460825655769999,0.0,0.1,0.02,0.999152844761795,0.008475142769925467
10526330,0.010717045830642,0.0,0.1,0.02,0.9989265748489005,0.010740016844909215
10526331,1.171824353324145,0.0,0.1,0.02,0.8653286676355708,1.4464588163328551
10526332,7.175344211136678,0.0,0.1,0.02,0.17425322666277496,17.472457120795205
10526333,14.321639587521878,0.0,0.1,0.02,0.003948769892266448,55.34351168249665
10526334,15.658450041133538,0.0,0.1,0.02,0.001549867000398823,64.69586157926851
10526335,15.620094298160714,0.0,0.1,0.02,0.0015936052965761854,64.41756347484728
10526336,15.79636149932259,0.0,0.1,0.02,0.0014016055440457457,65.70136882277879
10526337,16.3685953411745,0.0,0.1,0.02,0.0009160150136472746,69.95477802979842
10526338,15.887738416404906,0.0,0.1,0.02,0.0013107202530091438,66.37178481402655
10526339,15.562560683701479,0.0,0.1,0.02,0.0016613546269737122,64.00121969047969
10526340,15.983627773836965,0.0,0.1,0.02,0.0012212383260930173,67.07889913635145
10526341,15.849100645910221,0.0,0.1,0.02,0.0013484629506193041,66.08789890274858
10526612,0.0,0.0,0.1,0.02,1.0,0.0
10526613,0.001410137609295,0.0,0.1,0.02,0.9998589564168905,0.0014105353069104297
10526614,0.071634990552186,0.0,0.1,0.02,0.9927602040116037,0.07266130492646836
10526615,1.196360747725878,0.0,0.1,0.02,0.8622054845772898,1.4826165554657225
10526616,6.845372010561648,0.0,0.1,0.02,0.19755869274860624,16.217195603157812
10526617,15.033759080215853,0.0,0.1,0.02,0.0024208074204149187,60.23654149661038
10526618,15.912838865850356,0.0,0.1,0.02,0.0012867280191985453,66.55652701995389
10526619,16.393413763098092,0.0,0.1,0.02,0.0008990052600825172,70.14221672472489
10526620,16.72987259667588,0.0,0.1,0.02,0.0006955831484569203,72.70760001687718
10526621,15.999703342582928,0.0,0.1,0.02,0.0012068031080062426,67.19780475271479
10526622,15.845434288126055,0.0,0.1,0.02,0.001352096153552119,66.06099184399024
10526623,16.23011982794173,0.0,0.1,0.02,0.0010165428458847056,68.91347775381121
10526624,16.062877507479342,0.0,0.1,0.02,0.0011515937492157745,67.6660842715365
10526625,16.378748331961425,0.0,0.1,0.02,0.0009090206274039062,70.03142771630726
10526895,0.0,0.0,0.1,0.02,1.0,0.0
10526896,0.0,0.0,0.1,0.02,1.0,0.0
10526897,0.0,0.0,0.1,0.02,1.0,0.0
10526898,0.034971412710516,0.0,0.1,0.02,0.9964845922999891,0.03521601265190985
10526899,1.045476023531313,0.0,0.1,0.02,0.8812552171801934,1.2640800466870823
10526900,6.617493772899576,0.0,0.1,0.02,0.21490185273748147,15.37573853977251
10526901,13.949363258667999,0.0,0.1,0.02,0.005058774431099203,52.866310323123336
10526902,16.17089404835134,0.0,0.1,0.02,0.0010625902800726853,68.4704569129523
10526903,16.62806066128478,0.0,0.1,0.02,0.0007520903512928552,71.92654093235808
10526904,16.33475203855142,0.0,0.1,0.02,0.0009396926661408295,69.69957687074339
10526905,16.43148747854906,0.0,0.1,0.02,0.0008734808403204054,70.43024363009195
10526906,16.59506344122728,0.0,0.1,0.02,0.0007713032383364037,71.67428956489891
10526907,16.299780625840903,0.0,0.1,0.02,0.0009647562959324328,69.4363503159486
10526908,16.496635836098488,0.0,0.1,0.02,0.0008313634768672469,70.92443461786826
10526909,15.95993746200081,0.0,0.1,0.02,0.001242803179615607,66.90385822019618
10527179,0.013537321049231998,0.0,0.1,0.02,0.9986435235608504,0.013573972861469994
10527180,0.000564055043718,0.0,0.1,0.02,0.9999435897235859,0.0005641186753364687
10527181,0.0,0.0,0.1,0.02,1.0,0.0
10527182,0.029048834751476998,0.0,0.1,0.02,0.9970825040161043,0.029217601711560723
10527183,0.9462023358369449,0.0,0.1,0.02,0.8935739255225559,1.125262107905603
10527184,6.633287314123679,0.0,0.1,0.02,0.2136665315188946,15.433387432466507
10527185,15.850792811041376,0.0,0.1,0.02,0.0013467891378351334,66.10031935875357
10527186,16.9044476327066,0.0,0.1,0.02,0.0006078078521414411,74.05651758609056
10527187,16.80545597253409,0.0,0.1,0.02,0.0006562212161343061,73.29012606149044
10527188,16.988209806698723,0.0,0.1,0.02,0.0005694688752146767,74.70806429398165
10527189,16.714079055451776,0.0,0.1,0.02,0.0007040813327653509,72.58616678983013
10527190,16.826890064195375,0.0,0.1,0.02,0.0006454430414034163,73.45573591069879
10527191,16.53724779924618,0.0,0.1,0.02,0.0008060731398063216,71.23336075398072
10527192,16.487892982920858,0.0,0.1,0.02,0.0008369036575190439,70.85801598617103
10527193,17.063229127513218,0.0,0.1,0.02,0.0005370611063134505,75.29398677911632
10527463,0.001128110087436,0.0,0.1,0.02,0.9998871699044031,0.001128364613909875
10527464,0.0,0.0,0.1,0.02,1.0,0.0
10527465,0.005922577959038999,0.0,0.1,0.02,0.9994072164311463,0.005929593344975178
10527466,0.030740999882630998,0.0,0.1,0.02,0.9969117782274889,0.03093000169738778
10527467,0.7970097767735339,0.0,0.1,0.02,0.9117353938186681,0.9240546936280536
10527468,6.755969286132345,0.0,0.1,0.02,0.2042400321744204,15.884593485165063
10527469,15.014299181207582,0.0,0.1,0.02,0.0024540550107479313,60.100135161769714
10527470,16.871450412649097,0.0,0.1,0.02,0.0006235623350653032,73.80061821794456
10527471,16.89316653183224,0.0,0.1,0.02,0.0006131517113829371,73.9689816262756
10527472,16.80009744961877,0.0,0.1,0.02,0.00065894187360113,73.24875231295621
10527473,16.579269900003172,0.0,0.1,0.02,0.0007806600342534047,71.55370798343341
10527474,16.450665350035468,0.0,0.1,0.02,0.0008608809399880148,70.57554344180699
10527475,16.674313174869656,0.0,0.1,0.02,0.0007259091312361943,72.28085714559602
10527476,16.86552783469006,0.0,0.1,0.02,0.0006264300973416443,73.7547336632311
10527477,16.688132523440746,0.0,0.1,0.02,0.0007182530636030664,72.3868859474249
10527747,0.000564055043718,0.0,0.1,0.02,0.9999435897235859,0.0005641186753364687
10527748,0.0,0.0,0.1,0.02,1.0,0.0
10527749,0.000564055043718,0.0,0.1,0.02,0.9999435897235859,0.0005641186753364687
10527750,0.037791687929106,0.0,0.1,0.02,0.9961995071964319,0.038077330264412186
10527751,0.31305054926348996,0.0,0.1,0.02,0.9672821302062491,0.3326506785423245
10527752,3.6480259952461647,0.0,0.1,0.02,0.5320783783511389,6.3096447276445184
10527753,13.1314834452769,0.0,0.1,0.02,0.008549645199753809,47.61865493999315
10527754,16.20755762619301,0.0,0.1,0.02,0.0010338617181057106,68.74454246746646
10527755,15.865458242178045,0.0,0.1,0.02,0.0013323631233304858,66.2080112890371
10527756,16.093054452318256,0.0,0.1,0.02,0.0011260566076129067,67.89033477337435
10527757,16.26650137826154,0.0,0.1,0.02,0.0009891827314006181,69.18631479605847
10527758,15.927222269465165,0.0,0.1,0.02,0.0012731636521750712,66.66250411365458
10527759,16.135922635640824,0.0,0.1,0.02,0.001090681826251165,68.20952249631802
10527760,15.852767003694389,0.0,0.1,0.02,0.00134483878732398,66.1148113383787
10527761,15.910018590631767,0.0,0.1,0.02,0.0012894033459194736,66.53575690148145
10528031,0.001410137609295,0.0,0.1,0.02,0.9998589564168905,0.0014105353069104297
10528032,0.0,0.0,0.1,0.02,1.0,0.0
10528033,0.016357596267822,0.0,0.1,0.02,0.9983602348404867,0.01641111045895421
10528034,0.002256220174872,0.0,0.1,0.02,0.9997743016456299,0.0022572382807675
10528035,0.600154566515952,0.0,0.1,0.02,0.9349902601254886,0.6721916672579421
10528041,16.1711760758732,0.0,0.1,0.02,0.0010623664904318864,68.47256321125194
10528042,16.028188122290686,0.0,0.1,0.02,0.0011816126725474432,67.40875101899873
10528043,16.23547835085705,0.0,0.1,0.02,0.0010124694009657315,68.95362980708666
10528044,16.071056305613254,0.0,0.1,0.02,0.0011446199183469744,67.72682646125156
10528316,0.000282027521859,0.0,0.1,0.02,0.9999717960547624,0.00028204342976361716
10528317,0.0033843302623079996,0.0,0.1,0.02,0.9996613952394786,0.0033866210005728745
10528318,0.09814557760693199,0.0,0.1,0.02,0.9900426966553678,0.10007208848769165
10605002,12.397365805877921,0.0,0.1,0.02,0.013384872079189262,43.13630159082814
10605003,13.359925737982689,0.0,0.1,0.02,0.00740392593063878,49.057448882865145
10605004,14.550081880227669,0.0,0.1,0.02,0.0033826162093733864,56.89105842449358
10605005,15.360628978050434,0.0,0.1,0.02,0.001920746531868182,62.55041349831498
10605006,15.707804857458862,0.0,0.1,0.02,0.001495218162718689,65.05483154546052
10605284,12.56996664925563,0.0,0.1,0.02,0.012069448989064986,44.17077896193539
10605285,13.802990974823178,0.0,0.1,0.02,0.005567827736800013,51.9075029450332
10605286,14.668815466930306,0.0,0.1,0.02,0.003118620598618693,57.703644907501065
10605287,14.76132049410006,0.0,0.1,0.02,0.0029261617314635165,58.34063704000775
10605288,15.250920272047283,0.0,0.1,0.02,0.0020768490574259117,61.76903410091583
10605289,15.891122746667213,0.0,0.1,0.02,0.0013074613565790805,66.39667917659604
10605290,15.749544930693995,0.0,0.1,0.02,0.001450397236954742,65.35917803548378
10605291,15.97347478305004,0.0,0.1,0.02,0.001230437586849515,67.00385411199714
10605292,16.78599607352582,0.0,0.1,0.02,0.0006661518629556876,73.13992890961066
10605293,16.600421964142598,0.0,0.1,0.02,0.0007681524175420653,71.71522384166019
10605567,5.686802950764876,0.0,0.1,0.02,0.29656915466575995,12.154748510930496
10605568,13.738124644795608,0.0,0.1,0.02,0.00580791382072964,51.48533839598369
10605569,15.987576159142991,0.0,0.1,0.02,0.0012176780823876202,67.10809444802246
10605570,15.93399092998978,0.0,0.1,0.02,0.0012668263638529328,66.7124043213891
10605571,16.158766864911403,0.0,0.1,0.02,0.0010722547352647893,68.37991618382314
10605572,16.755819128686905,0.0,0.1,0.02,0.0006818291761596538,72.9073140633409
10605573,16.68954266105004,0.0,0.1,0.02,0.0007174760786081858,72.3977095080519
10605574,16.787406211135114,0.0,0.1,0.02,0.0006654275663052193,73.15080767066667
10605575,16.688696578484464,0.0,0.1,0.02,0.0007179421755371183,72.39121527622828
10605576,16.65936571621113,0.0,0.1,0.02,0.0007342757689082116,72.16625892950529
10605577,17.47668147455851,0.0,0.1,0.02,0.0003872825396408645,78.56356054719384
10605850,0.449269842321387,0.0,0.1,0.02,0.9522155497102585,0.4896385205652838
10605851,4.672349954638053,0.0,0.1,0.02,0.4050065345007808,9.038520774359295
10605852,13.121048426968116,0.0,0.1,0.02,0.008605591787618026,47.55343079153661
10605853,16.18781569966288,0.0,0.1,0.02,0.0010492400775616792,68.59689112491328
10605854,16.426410983155595,0.0,0.1,0.02,0.0008768447071588507,70.39180654066254
10605855,16.657391523558115,0.0,0.1,0.02,0.0007353874904811356,72.15112999737926
10605856,16.475201744437204,0.0,0.1,0.02,0.0008450070184007794,70.76165624841855
10605857,16.57955192752503,0.0,0.1,0.02,0.0007804920255991082,71.55586035102483
10605858,17.17491202616938,0.0,0.1,0.02,0.0004919943797792632,76.1704326475009
10605859,16.72705232145729,0.0,0.1,0.02,0.0006970936327391488,72.68590819441123
10605860,16.491841368226883,0.0,0.1,0.02,0.0008343973993126172,70.88800771117879
10605861,16.35392991003783,0.0,0.1,0.02,0.0009262063934558515,69.84413461052382
10606134,0.350842237192596,0.0,0.1,0.02,0.9631500836464454,0.37546029227225713
10606135,3.620387298103983,0.0,0.1,0.02,0.5356990156625313,6.241828135758514
10606136,11.335250158556928,0.0,0.1,0.02,0.024642493726702647,37.0328293899699
10606137,15.03770746552188,0.0,0.1,0.02,0.002414112237634148,60.26423662924438
10606138,15.131340602779067,0.0,0.1,0.02,0.002260241915829552,60.92283429024115
10606139,15.625734848597894,0.0,0.1,0.02,0.0015871024622562096,64.45845276033523
10606140,16.233786185725897,0.0,0.1,0.02,0.0010137541112560141,68.94094897049888
10606141,16.41907826758726,0.0,0.1,0.02,0.0008817249048229853,70.33630449901852
10606142,16.58632058804965,0.0,0.1,0.02,0.0007764699062225509,71.60752671796158
10606143,16.617625642975998,0.0,0.1,0.02,0.000758117474711569,71.84672204499469
10606144,16.607190624667215,0.0,0.1,0.02,0.0007641895699669988,71.76694671347414
10606145,16.586884643093367,0.0,0.1,0.02,0.0007761356024864265,71.61183307575068
10606417,0.0070506880464749995,0.0,0.1,0.02,0.9992941861551736,0.00706063048686074
10606418,0.14975661410712898,0.0,0.1,0.02,0.98469414149386,0.1542420228008953
10606419,2.71310476028358,0.0,0.1,0.02,0.6580138989643218,4.185292248338264
10606420,11.02981435238363,0.0,0.1,0.02,0.029126189457161587,35.36117528199321
10606421,15.892814911798368,0.0,0.1,0.02,0.0013058347237968457,66.40912807593449
10606422,15.793541224103999,0.0,0.1,0.02,0.0014045012655395195,65.68073010359849
10606423,16.23265807563846,0.0,0.1,0.02,0.0010146114257346993,68.93249571575657
10606424,15.749262903172136,0.0,0.1,0.02,0.0014506958658554658,65.35711930181894
10606425,15.602044536761738,0.0,0.1,0.02,0.0016145801450391443,64.2868032821811
10606426,15.428597610818453,0.0,0.1,0.02,0.0018295371898907052,63.03692245812903
10606427,15.513205867376152,0.0,0.1,0.02,0.0017215818812664685,63.645117124094924
10606428,15.779721875532909,0.0,0.1,0.02,0.0014187704866110875,65.57964636936727
10606429,16.3967980933604,0.0,0.1,0.02,0.0008967086409850929,70.16779563624584
10606701,0.031305054926348996,0.0,0.1,0.02,0.9968548507550646,0.03150105621913734
10606702,0.06768660524615999,0.0,0.1,0.02,0.9931631880151396,0.0686029005521099
10606703,2.455049577782595,0.0,0.1,0.02,0.6934679006124067,3.6605032636566945
10606704,11.455393882868862,0.0,0.1,0.02,0.023050671710279826,37.70060368520272
10606705,16.288217497444684,0.0,0.1,0.02,0.0009731791858386557,69.34942334625731
10606706,16.691798881224916,0.0,0.1,0.02,0.000716234532023147,72.41502885947718
10606707,16.249861754471862,0.0,0.1,0.02,0.0010016102578210458,69.06146316236132
10606708,16.707874449970877,0.0,0.1,0.02,0.0007074463103787338,72.5384881771688
10606709,17.038692733111485,0.0,0.1,0.02,0.0005474659585457014,75.10210274378872
10606710,17.102995008095338,0.0,0.1,0.02,0.0005205897441017248,75.60548265748214
10606711,16.840709412766465,0.0,0.1,0.02,0.0006385817783850668,73.56260811781468
10606712,16.645828395161896,0.0,0.1,0.02,0.0007419305639634985,72.06254898739752
10606713,16.595909523792855,0.0,0.1,0.02,0.0007708049413112583,71.68075210817653
10606984,0.017203678833399,0.0,0.1,0.02,0.998275201962087,0.017262872146479546
10606985,0.000564055043718,0.0,0.1,0.02,0.9999435897235859,0.0005641186753364687
10606986,0.219417412006302,0.0,0.1,0.02,0.977355698327407,0.22904621214461066
10606987,2.6871582282725517,0.0,0.1,0.02,0.6615748104366163,4.131322097027128
10606988,10.120839649432073,0.0,0.1,0.02,0.0468543291945497,30.607118691335337
10606989,14.928280787040586,0.0,0.1,0.02,0.0026061026170253777,59.498994238385606
10606990,15.557484188308017,0.0,0.1,0.02,0.0016674584396722473,63.96454704219881
10606991,15.818077618505733,0.0,0.1,0.02,0.0013794928425585808,65.86039352752013
10606992,15.636169866906677,0.0,0.1,0.02,0.0015751368071002002,64.53413148825875
10606993,15.459338610701085,0.0,0.1,0.02,0.0017896112407132997,63.25756866676376
10606994,15.549869445217823,0.0,0.1,0.02,0.0016766529914106743,63.90955739788159
10606995,16.167227690567174,0.0,0.1,0.02,0.0010655035304293348,68.44307793029557
10606996,16.531325221287144,0.0,0.1,0.02,0.0008097161582949167,71.18826793568003
10606997,16.41118149697521,0.0,0.1,0.02,0.0008870087489001857,70.27655712230751
10607268,0.000282027521859,0.0,0.1,0.02,0.9999717960547624,0.00028204342976361716
10607269,0.003948385306026,0.0,0.1,0.02,0.9996049277360745,0.0039515032553309685
10607270,0.212648751481686,0.0,0.1,0.02,0.9780746672518593,0.22169264978302997
10607271,3.050691703948803,0.0,0.1,0.02,0.6118895002947851,4.9120356784572135
10607272,10.631873519040582,0.0,0.1,0.02,0.03601131651076578,33.239220424015855
10607273,15.154184832049646,0.0,0.1,0.02,0.0022240957695266006,61.08404841683436
10607274,15.695113618975208,0.0,0.1,0.02,0.0015090979479142777,64.96243192148341
10607275,15.653373545740076,0.0,0.1,0.02,0.0015555914968945637,64.65899421823512
10607276,15.550151472739682,0.0,0.1,0.02,0.0016763116193977221,63.9115936377693
10607277,15.74277627016938,0.0,0.1,0.02,0.0014575800464518022,65.309777208691
10607278,16.246195396687693,0.0,0.1,0.02,0.0010043679537883148,69.03396837015896
10607279,15.812719095590412,0.0,0.1,0.02,0.001384919015687746,65.82113613480034
10607280,15.581174500144172,0.0,0.1,0.02,0.0016391500624446653,64.13577426093278
10607281,15.658168013611679,0.0,0.1,0.02,0.0015501845165337852,64.69381312211006
10607552,0.025100449445451,0.0,0.1,0.02,0.997480533600718,0.025226455957923728
10607553,0.016921651311539998,0.0,0.1,0.02,0.9983035486263214,0.016978919768161866
10607554,0.225057962443482,0.0,0.1,0.02,0.9767555939349859,0.23518817973532435
10607555,2.98103090604963,0.0,0.1,0.02,0.6213666231173293,4.758339958614246
10607556,10.759914013964567,0.0,0.1,0.02,0.03365793660644783,33.91506393154678
10607557,15.870816765093366,0.0,0.1,0.02,0.0013271278643340952,66.2473817233271
10607558,16.330239598201675,0.0,0.1,0.02,0.0009428923238625396,69.66558466513648
10607559,16.377056166830272,0.0,0.1,0.02,0.0009101828992032977,70.01864990513296
10607560,16.291037772663277,0.0,0.1,0.02,0.0009711185451677382,69.37062011473161
10607561,16.864681752124483,0.0,0.1,0.02,0.0006268407810982886,73.74817987221257
10607562,16.905857770315894,0.0,0.1,0.02,0.0006071429355046833,74.06746316034595
10607563,16.870040275039802,0.0,0.1,0.02,0.0006242440220053151,73.78969205133279
10607564,17.123300989669183,0.0,0.1,0.02,0.0005123621623575932,75.76478834623029
10607565,17.196910172874382,0.0,0.1,0.02,0.00048354537178892017,76.34365407165646
10607836,0.0042304128278849995,0.0,0.1,0.02,0.9995766904101545,0.004233992106423866
10607837,0.025100449445451,0.0,0.1,0.02,0.997480533600718,0.025226455957923728
10607838,0.195163045126428,0.0,0.1,0.02,0.9799261406941956,0.20278076796303202
10607839,2.701259604365502,0.0,0.1,0.02,0.6596393521556577,4.160620294400875
10607840,10.59295372102404,0.0,0.1,0.02,0.03675398062665412,33.03508742817545
10607841,16.172304185960638,0.0,0.1,0.02,0.001061471769315952,68.48098872260863
10607842,16.499456111317077,0.0,0.1,0.02,0.0008295836160028702,70.94586650517276
10607843,16.240554846250514,0.0,0.1,0.02,0.001008624337221767,68.99167918906473
10607844,16.77189469743287,0.0,0.1,0.02,0.0006734353858495139,73.03118504578823
10607845,17.168143365644767,0.0,0.1,0.02,0.0004946217301574903,76.11717269031125
10607846,17.20621708109573,0.0,0.1,0.02,0.0004800118182816277,76.41699832945382
10607847,16.823505733933068,0.0,0.1,0.02,0.0006471338046843122,73.42957476986882
10607848,17.030231907455715,0.0,0.1,0.02,0.0005510973050697561,75.03599167180026
10607849,17.447350612285174,0.0,0.1,0.02,0.0003964597921414425,78.32935928988674
10608121,0.0070506880464749995,0.0,0.1,0.02,0.9992941861551736,0.00706063048686074
10608122,0.233518788099252,0.0,0.1,0.02,0.9758537995838799,0.24442499297832068
10608123,2.233375945601421,0.0,0.1,0.02,0.7239036635477836,3.230969568479629
10608124,10.63807812452148,0.0,0.1,0.02,0.03589411458296431,33.27181936120597
10608125,16.2213769747641,0.0,0.1,0.02,0.0010232216829377746,68.84799116624549
10608126,16.243657148990962,0.0,0.1,0.02,0.0010062812574814037,69.014936663784
10608127,15.813847205677847,0.0,0.1,0.02,0.0013837750246298243,65.82939989458286
10608128,15.769004829702267,0.0,0.1,0.02,0.0014299286238413482,65.50130749353696
10608129,16.190071919837752,0.0,0.1,0.02,0.0010474718632644308,68.61375767374152
10608130,16.592243166008686,0.0,0.1,0.02,0.0007729663962380537,71.65274982200108
10608131,16.82830020180467,0.0,0.1,0.02,0.000644739773947106,73.46663773821648
10608132,17.034744347805457,0.0,0.1,0.02,0.0005491577952657027,75.07124734682344
10608133,16.84550388063807,0.0,0.1,0.02,0.0006362172862555404,73.59970407915654
10608406,0.027356669620322998,0.0,0.1,0.02,0.9972531448200034,0.027506347094866098
10608407,0.7580899787569919,0.0,0.1,0.02,0.9163993788727781,0.8730300619353472
10608408,6.393845948065389,0.0,0.1,0.02,0.2329317201432713,14.570099149583827
10608409,15.15023644674362,0.0,0.1,0.02,0.002230304997865299,61.05616932519137
10608410,16.681363862916132,0.0,0.1,0.02,0.0007219935209741699,72.33494392831697
10608411,16.401310533710145,0.0,0.1,0.02,0.0008936549691484246,70.20190797834843
10608412,16.730154624197738,0.0,0.1,0.02,0.0006954322679897298,72.70976937411072
10608413,16.280038699310776,0.0,0.1,0.02,0.000979178041934924,69.28797070952207
10608414,16.149177929168196,0.0,0.1,0.02,0.001079954089280026,68.30836748675483
10608415,16.610292927407663,0.0,0.1,0.02,0.0007623796367187041,71.79065915426546
10608416,16.309933616627827,0.0,0.1,0.02,0.000957416494006158,69.51272053238912
10608417,15.861509856872019,0.0,0.1,0.02,0.0013362329110015844,66.17900884480166
10608697,16.005343893020108,0.0,0.1,0.02,0.0012017757167775453,67.23955051978731
10608698,16.58265423026548,0.0,0.1,0.02,0.0007786461515984959,71.5795384943738
10608699,16.58632058804965,0.0,0.1,0.02,0.0007764699062225509,71.60752671796158
10685659,14.667123301799153,0.0,0.1,0.02,0.003122246671800576,57.69202449183509
10685660,15.292378317760557,0.0,0.1,0.02,0.002016535126938486,62.0637452404632
10685661,16.463920643562844,0.0,0.1,0.02,0.0008522712412658294,70.6760572350698
10685940,13.21298939909415,0.0,0.1,0.02,0.008123771866197739,48.129607171209024
10685941,13.689051855992142,0.0,0.1,0.02,0.005995728380287506,51.167079999200524
10685942,14.414708669735349,0.0,0.1,0.02,0.0037084273480342605,55.97147387640403
10685943,15.31099213420325,0.0,0.1,0.02,0.001989983730130452,62.19628816093001
10685944,15.359782895484857,0.0,0.1,0.02,0.001921907874899227,62.544369014770695
10685945,15.60965927985193,0.0,0.1,0.02,0.001605700474905261,64.34195184646543
10685946,15.80200204975977,0.0,0.1,0.02,0.0013958306671697685,65.74265580588215
10685947,16.045109773602228,0.0,0.1,0.02,0.0011668797997974989,67.53421930299137
10686224,14.674456017367488,0.0,0.1,0.02,0.0031065615049930538,57.742387898498066
10686225,15.885482196230033,0.0,0.1,0.02,0.0013128970279474923,66.3551911175783
10686226,16.193174222578204,0.0,0.1,0.02,0.0010450450856710277,68.63695250313245
10686227,16.459972258256816,0.0,0.1,0.02,0.0008548274171597575,70.6461096067736
10686228,16.49635380857663,0.0,0.1,0.02,0.0008315416582945044,70.92229160412477
10686229,17.00654159561956,0.0,0.1,0.02,0.0005613851756448868,74.8510330043272
10686230,17.223984814972848,0.0,0.1,0.02,0.00047333293403493926,76.5571153962559
10686231,16.694337128921646,0.0,0.1,0.02,0.0007148401859739975,72.43451556374
10686232,16.976364650780646,0.0,0.1,0.02,0.0005747498816690024,74.61575600203558
10686507,8.75159603080663,0.0,0.1,0.02,0.09008800394388539,24.0696826480927
10686508,15.019093649079185,0.0,0.1,0.02,0.002445824862918187,60.13372845704133
10686509,15.4943100234116,0.0,0.1,0.02,0.0017451690270617502,63.509038643730236
10686510,16.136204663162683,0.0,0.1,0.02,0.0010904525505167986,68.21162484945731
10686511,16.80855827527454,0.0,0.1,0.02,0.0006546508922211639,73.31408453393458
10686512,16.665288294170168,0.0,0.1,0.02,0.0007309499941769078,72.2116550797312
10686513,16.615651450322986,0.0,0.1,0.02,0.0007592627909143863,71.83162607404705
10686514,16.27552625896103,0.0,0.1,0.02,0.0009825024446616587,69.25407726018703
10686515,16.877655018129996,0.0,0.1,0.02,0.0006205711588541674,73.84870280033172
10686516,16.765126036908253,0.0,0.1,0.02,0.0006769577976044689,72.97901624359206
10686517,16.260296772780645,0.0,0.1,0.02,0.0009937998794917948,69.13974700056079
10686790,1.340476811395827,0.0,0.1,0.02,0.8436772668377631,1.6998524277738116
10686791,8.617350930401745,0.0,0.1,0.02,0.09566432455497209,23.46909834194091
10686792,15.623196600901164,0.0,0.1,0.02,0.0015900256978698469,64.4400510069831
10686793,15.695677674018926,0.0,0.1,0.02,0.0015084785478182998,64.96653720335816
10686794,15.600352371630585,0.0,0.1,0.02,0.0016165595549856228,64.27455119543859
10686795,15.596968041368276,0.0,0.1,0.02,0.0016205251010532442,64.25005045806094
10686796,15.851074838563235,0.0,0.1,0.02,0.0013465103561081917,66.10238954610973
10686797,16.521736285543938,0.0,0.1,0.02,0.0008156468925803834,71.11529026335577
10686798,16.28708938735725,0.0,0.1,0.02,0.0009740045791263565,69.34094552971027
10686799,16.491559340705024,0.0,0.1,0.02,0.0008345761858436767,70.88586523830404
10686800,16.186687589575445,0.0,0.1,0.02,0.0010501252235416065,68.58845861407859
10686801,16.652597055686513,0.0,0.1,0.02,0.0007380939192903753,72.11439479549833
10687074,0.803496409776291,0.0,0.1,0.02,0.9109550078542132,0.9326177058809688
10687075,6.05231061909414,0.0,0.1,0.02,0.2624117776692024,13.378403385094078
10687076,13.953029616452165,0.0,0.1,0.02,0.00504658414648823,52.890436711970416
10687077,15.428315583296595,0.0,0.1,0.02,0.0018299072561994254,63.034899930855104
10687078,15.32763175799293,0.0,0.1,0.02,0.0019665214037393386,62.31489081971963
10687079,15.664090591570718,0.0,0.1,0.02,0.0015435292861009006,64.73683740375756
10687080,15.645194747606165,0.0,0.1,0.02,0.0015648554107252942,64.59961848571088
10687081,15.792695141538422,0.0,0.1,0.02,0.0014053710608364822,65.67453910825267
10687082,15.304223473678634,0.0,0.1,0.02,0.0019996012965632004,62.148074700137855
10687083,15.446647372217429,0.0,0.1,0.02,0.0018059960013993663,63.16643038054375
10687084,15.667192894311167,0.0,0.1,0.02,0.001540053761374952,64.75937953182203
10687085,15.740802077516365,0.0,0.1,0.02,0.0014596812213798728,65.29537208622507
10687357,0.023408284314297,0.0,0.1,0.02,0.9976509758983918,0.023517873869204793
10687358,0.592821850947618,0.0,0.1,0.02,0.9358398289784753,0.6631094003398099
10687359,4.879076128160699,0.0,0.1,0.02,0.3813585424379036,9.64015290103822
10687360,13.408998526786155,0.0,0.1,0.02,0.00717663490114742,49.36924682505681
10687361,15.554945940611285,0.0,0.1,0.02,0.0016705181046422458,63.946214583679186
10687362,16.169201883220186,0.0,0.1,0.02,0.0010639339371567977,68.45781979128643
10687363,16.51722384519419,0.0,0.1,0.02,0.0008184517963437738,71.08096055564451
10687364,16.269603681001993,0.0,0.1,0.02,0.0009868816378587376,69.20960446837671
10687365,16.440512359248544,0.0,0.1,0.02,0.0008675302567817235,70.49860168616937
10687366,16.429231258374184,0.0,0.1,0.02,0.0008749744074524279,70.41315920660206
10687367,15.872790957746378,0.0,0.1,0.02,0.0013252038907897196,66.26188951540942
10687368,16.304857121234367,0.0,0.1,0.02,0.0009610798835554638,69.47453027000778
10687369,16.42471881802444,0.0,0.1,0.02,0.0008779686713269215,70.37899646825768
10687641,0.01974192653013,0.0,0.1,0.02,0.9980199753140125,0.019819875262754208
10687642,0.7092992174753849,0.0,0.1,0.02,0.9222010419609569,0.8099202934576236
10687643,6.016493123818047,0.0,0.1,0.02,0.2656400445608009,13.256131025608017
10687644,14.09009499207564,0.0,0.1,0.02,0.004609550017051297,53.79625036921865
10687645,15.61840213302956,0.0,0.1,0.02,0.0015955609415457142,64.40529917083403
10687646,15.68608873827572,0.0,0.1,0.02,0.0015190403807816646,64.89676471928779
10687647,15.852767003694389,0.0,0.1,0.02,0.00134483878732398,66.1148113383787
10687648,16.1367687182064,0.0,0.1,0.02,0.001089994133224588,68.21582965118333
10687649,16.023675681940944,0.0,0.1,0.02,0.0011855704647337063,67.37531215394606
10687650,16.059211149695177,0.0,0.1,0.02,0.001154732723538231,67.63886369979394
10687651,16.477457964612075,0.0,0.1,0.02,0.0008435611053581741,70.77878215972365
10687652,16.767946312126845,0.0,0.1,0.02,0.0006754880429614187,73.0007510174005
10687653,16.22222305732968,0.0,0.1,0.02,0.001022573567307859,68.8543272416814
10687924,0.0,0.0,0.1,0.02,1.0,0.0
10687925,0.013255293527372999,0.0,0.1,0.02,0.9986718393781934,0.013290434088672363
10687926,0.9227940515226479,0.0,0.1,0.02,0.896452131364335,1.0931038238277646
10687927,6.496221938500206,0.0,0.1,0.02,0.2245537491435489,14.93640183335048
10687928,14.17160094589289,0.0,0.1,0.02,0.004366272703953416,54.33845561981935
10687929,16.80799422023082,0.0,0.1,0.02,0.000654936144647397,73.30972816169336
10687930,16.863271614515185,0.0,0.1,0.02,0.000627525812497752,73.7372575234979
10687931,16.4250008455463,0.0,0.1,0.02,0.0008777812509466326,70.38113140078565
10687932,17.018668779059496,0.0,0.1,0.02,0.0005560965553260263,74.94568618132638
10687933,16.894012614397816,0.0,0.1,0.02,0.0006127494055149071,73.97554505748433
10687934,16.58885883574638,0.0,0.1,0.02,0.000774966594802114,71.62690633021052
10687935,16.136486690684542,0.0,0.1,0.02,0.0010902233195105866,68.21372723441242
10687936,16.149459956690055,0.0,0.1,0.02,0.0010797269072015244,68.31047133523717
10687937,16.390029432835785,0.0,0.1,0.02,0.0009013073482692466,70.11664239468045
10688208,0.0,0.0,0.1,0.02,1.0,0.0
10688209,0.042586155800709,0.0,0.1,0.02,0.9957143226448236,0.042948871933885455
10688210,0.994711069596693,0.0,0.1,0.02,0.8875769038163325,1.1926010919923324
10688211,6.295982397980316,0.0,0.1,0.02,0.24113794414109005,14.223861269115908
10688212,13.756174406194583,0.0,0.1,0.02,0.0057401833509171975,51.602641264923164
10688213,16.243375121469104,0.0,0.1,0.02,0.0010064940556308581,69.01282218882139
10688214,16.43035936846162,0.0,0.1,0.02,0.0008742273271786696,70.42170116382053
10688215,16.738897477375367,0.0,0.1,0.02,0.0006907700812658037,72.77703522899205
10688216,16.600703991664457,0.0,0.1,0.02,0.0007679869174409944,71.7173785954373
10688217,16.21940278211109,0.0,0.1,0.02,0.0010247354365631371,68.83320810378169
10688218,16.31529213954315,0.0,0.1,0.02,0.0009535636644566859,69.55304365927086
10688219,16.253528112256028,0.0,0.1,0.02,0.0009988595965933552,69.08896333143542
10688220,16.487892982920858,0.0,0.1,0.02,0.0008369036575190439,70.85801598617103
10688492,0.0,0.0,0.1,0.02,1.0,0.0
10688493,0.052739146587633,0.0,0.1,0.02,0.9946846338074291,0.05329543010419137
10688494,0.7025305569507689,0.0,0.1,0.02,0.9230018507232006,0.8012403936406804
10688495,5.482615024938959,0.0,0.1,0.02,0.3168132318446725,11.494428527276245
10688496,13.31987782987871,0.0,0.1,0.02,0.007594198404398434,48.80370691045758
10688497,16.037777058033893,0.0,0.1,0.02,0.0011732430053652725,67.47983565067354
10688498,15.608531169764495,0.0,0.1,0.02,0.001607013128761715,64.33378022526645
10688499,15.935119040077216,0.0,0.1,0.02,0.001265772994681426,66.7207228043635
10688500,16.039751250686905,0.0,0.1,0.02,0.0011715266768459387,67.49447528746933
10688501,16.016907021416326,0.0,0.1,0.02,0.0011915302032753693,67.32516912795545
10688502,15.942169728123693,0.0,0.1,0.02,0.0012592078003686126,66.77272485618438
10688503,16.0301623149437,0.0,0.1,0.02,0.0011798849935316278,67.42338308363192
10688504,16.36041654304059,0.0,0.1,0.02,0.0009216857353509059,69.89306243539983
10688776,0.0,0.0,0.1,0.02,1.0,0.0
10688777,0.028766807229618,0.0,0.1,0.02,0.9971109500532527,0.0289323130692552
10688778,0.536980401619536,0.0,0.1,0.02,0.9422685131692169,0.5946499919642316
10688779,3.1079432908861797,0.0,0.1,0.02,0.6041211274146833,5.039805590759063
10688780,9.880552200808205,0.0,0.1,0.02,0.05283605529194036,29.40561455938738
10688781,16.11195029628281,0.0,0.1,0.02,0.0011103345900233767,68.03093876626036
10688782,16.321214717502187,0.0,0.1,0.02,0.0009493220413217162,69.59762468846418
10688783,15.633913646731806,0.0,0.1,0.02,0.0015777168905653548,64.5177648294252
10688784,15.26586773070581,0.0,0.1,0.02,0.002054914321716082,61.8752112449868
10688785,15.343989354260753,0.0,0.1,0.02,0.0019437054119308065,62.431591214994214
10688786,15.611633472504945,0.0,0.1,0.02,0.0016034057137392164,64.3562534084723
10688787,16.079799158790884,0.0,0.1,0.02,0.0011372084637190296,67.7917873562013
10689060,0.0,0.0,0.1,0.02,1.0,0.0
10689061,0.0,0.0,0.1,0.02,1.0,0.0
10689062,0.06937877037731399,0.0,0.1,0.02,0.9929905363813821,0.0703414531331276
10689063,1.743212112610479,0.0,0.1,0.02,0.7904941832698554,2.350969806520857
10689064,8.814770195703044,0.0,0.1,0.02,0.08755566717399499,24.35480491631398
10689065,16.057236957042164,0.0,0.1,0.02,0.0011564262253977479,67.62420869596231
10689070,16.477739992133934,0.0,0.1,0.02,0.0008433805282028381,70.78092304180794
10689071,16.919959146408846,0.0,0.1,0.02,0.0006005310175150613,74.17696264963772
10689344,0.003948385306026,0.0,0.1,0.02,0.9996049277360745,0.0039515032553309685
10689345,0.001974192653013,0.0,0.1,0.02,0.999802522287257,0.001974972140339242
10689346,0.08883866938558499,0.0,0.1,0.02,0.990999040246721,0.09041713122122524
10689347,2.234786083210716,0.0,0.1,0.02,0.7237103866420741,3.2336398507531743
10689629,0.024818421923591998,0.0,0.1,0.02,0.9975089465621833,0.024941612736947484
10766314,13.804119084910614,0.0,0.1,0.02,0.0055637330580469565,51.9148598269893
10766315,15.153902804527787,0.0,0.1,0.02,0.0022245387579877675,61.082056846342816
10766316,15.78479837092637,0.0,0.1,0.02,0.0014135132184381473,65.61677029308633
10766596,14.058507909627432,0.0,0.1,0.02,0.0047070980605367855,53.58683683863884
10766597,14.506085586817663,0.0,0.1,0.02,0.0034855168465583023,56.59138939723349
10766598,14.902898310073278,0.0,0.1,0.02,0.002652593623393331,59.32217391815027
10766599,15.387421592627039,0.0,0.1,0.02,0.0018843034957344224,62.741970246476
10766600,15.760826031568355,0.0,0.1,0.02,0.001438498601589635,65.44155347104089
10766601,15.814129233199706,0.0,0.1,0.02,0.0013834891635441744,65.831465914068
10766602,16.31754835971802,0.0,0.1,0.02,0.000951945735420211,69.57002525406527
10766603,16.63088093650337,0.0,0.1,0.02,0.000750469079104419,71.94812108133362
10766604,16.913754540927947,0.0,0.1,0.02,0.0006034319350245213,74.12877307508009
10766605,17.332283383366704,0.0,0.1,0.02,0.000434467556790217,77.41389283963262
10766879,12.98708535408509,0.0,0.1,0.02,0.00935357874633469,46.71996255294338
10766880,15.67226938970463,0.0,0.1,0.02,0.0015343821372255447,64.79627495439917
10766881,15.986448049055555,0.0,0.1,0.02,0.0012186943120067154,67.09975229408599
10766882,15.854177141303683,0.0,0.1,0.02,0.00134344728104864,66.12516370687092
10766883,15.845152260604197,0.0,0.1,0.02,0.00135237600570961,66.05892229295026
10766884,16.39397781814181,0.0,0.1,0.02,0.0008986221107559176,70.14647955848696
10766885,16.178226763919675,0.0,0.1,0.02,0.0010567859487411722,68.52523100888105
10766886,16.508763019538424,0.0,0.1,0.02,0.0008237352068086763,71.0166143065943
10766887,16.619035780585293,0.0,0.1,0.02,0.0007573003773312434,71.85750583586014
10766888,16.752716825946457,0.0,0.1,0.02,0.0006834602202264043,72.88342103601636
10766889,17.128941540106364,0.0,0.1,0.02,0.0005100983948897945,75.80906919698265
10767162,3.6426674723308436,0.0,0.1,0.02,0.5327796933774294,6.2964727351262795
10767163,12.738055052283594,0.0,0.1,0.02,0.010900283994681561,45.18966435528511
10767164,15.870816765093366,0.0,0.1,0.02,0.0013271278643340952,66.2473817233271
10767165,16.4140017721938,0.0,0.1,0.02,0.0008851182900887148,70.29789260771004
10767166,16.55191323038285,0.0,0.1,0.02,0.0007971179044776736,71.34507954760743
10767167,16.600421964142598,0.0,0.1,0.02,0.0007681524175420653,71.71522384166019
10767168,16.767382257083128,0.0,0.1,0.02,0.0006757817555877467,72.99640380811235
10767169,16.564886496388365,0.0,0.1,0.02,0.0007892732738440253,71.44397942403428
10767170,16.83112047702326,0.0,0.1,0.02,0.0006433353835046364,73.48844377943759
10767171,16.511865322278872,0.0,0.1,0.02,0.0008217942810032217,71.04020460649397
10767172,16.325727157851933,0.0,0.1,0.02,0.0009461021058470488,69.63160060437677
10767173,16.522300340587655,0.0,0.1,0.02,0.0008152969094848229,71.11958204950425
10767446,3.283082381960619,0.0,0.1,0.02,0.5804910842347533,5.438808367308662
10767447,12.216304136844442,0.0,0.1,0.02,0.014900028564349917,42.063921489620974
10767448,15.403215133851143,0.0,0.1,0.02,0.0018631209960607493,62.85502242579132
10767449,15.227794015254846,0.0,0.1,0.02,0.002111210893459193,61.6049361294611
10767450,14.460961183320224,0.0,0.1,0.02,0.0035940194269841372,56.28484085241907
10767451,14.814059640687692,0.0,0.1,0.02,0.002821368509114182,58.705332248258074
10767452,15.15305672196221,0.0,0.1,0.02,0.0022258682103492577,61.07608232576303
10767453,15.640682307256421,0.0,0.1,0.02,0.0015699883320636587,64.56687091456124
10767454,15.492335830758588,0.0,0.1,0.02,0.0017476504853123837,63.494829729359864
10767455,15.489797583061856,0.0,0.1,0.02,0.0017508457158350338,63.47656341590764
10767456,15.625452821076035,0.0,0.1,0.02,0.001587427020835996,64.45640799381064
10767457,15.587943160668788,0.0,0.1,0.02,0.0016311438600084315,64.18473755671695
10767729,0.11788750413706199,0.0,0.1,0.02,0.9880058109864434,0.12066699686339516
10767730,2.5015841188893297,0.0,0.1,0.02,0.687071529212464,3.7531687396651905
10767731,10.45758051053172,0.0,0.1,0.02,0.03943987755908367,32.329778537382296
10767732,15.908890480544331,0.0,0.1,0.02,0.0012904749184884936,66.52744974493514
10767733,16.036366920424598,0.0,0.1,0.02,0.0011744703814719891,67.46937972172226
10767734,16.228427662810578,0.0,0.1,0.02,0.0010178323557523423,68.90080054422569
10767735,16.203327213365124,0.0,0.1,0.02,0.0010371393538841642,68.71288977004089
10767736,16.33785434129187,0.0,0.1,0.02,0.000937498759168129,69.72295123674579
10767737,16.096438782580567,0.0,0.1,0.02,0.0011232256281304418,67.91550707885331
10767738,16.104899608236334,0.0,0.1,0.02,0.0011161770410724366,67.9784578865105
10767739,16.252117974646733,0.0,0.1,0.02,0.000999916711749414,69.07838570701382
10767740,16.227299552723142,0.0,0.1,0.02,0.0010186928728123865,68.89234970748488
10767741,16.287653442400966,0.0,0.1,0.02,0.0009735918012084692,69.34518437435219
10768013,0.047098596150453,0.0,0.1,0.02,0.9952570582698321,0.04754225170232169
10768014,1.3102998665569139,0.0,0.1,0.02,0.8475819896460196,1.653677014616727
10768015,8.963962754766456,0.0,0.1,0.02,0.08180238814659502,25.034488408534504
10768016,15.435648298864928,0.0,0.1,0.02,0.0018203079334324036,63.08749598011527
10768017,15.465825243703842,0.0,0.1,0.02,0.0017812898651794618,63.30417533746124
10768018,15.602608591805456,0.0,0.1,0.02,0.001613920839392867,64.29088756562174
10768019,15.774927407661306,0.0,0.1,0.02,0.0014237522895300518,65.54459435105807
10768020,15.386293482539603,0.0,0.1,0.02,0.0018858249946756159,62.73389890870773
10768021,15.793541224103999,0.0,0.1,0.02,0.0014045012655395195,65.68073010359849
10768022,15.7763375452706,0.0,0.1,0.02,0.0014222853760075412,65.55490281373355
10768023,15.752365205912586,0.0,0.1,0.02,0.0014474140736192723,65.37976712200168
10768024,16.02423973698466,0.0,0.1,0.02,0.0011850750694370677,67.3794915666563
10768025,15.930606599727474,0.0,0.1,0.02,0.0012699913460377493,66.68745192678358
10768296,0.000282027521859,0.0,0.1,0.02,0.9999717960547624,0.00028204342976361716
10768297,0.07022485294289099,0.0,0.1,0.02,0.9929041791734307,0.07121115893706112
10768298,1.240357041135882,0.0,0.1,0.02,0.85658183847142,1.548054159034954
10768299,8.537537141715648,0.0,0.1,0.02,0.09910805859965484,23.115445230950485
10768300,15.102855823071309,0.0,0.1,0.02,0.0023060696297493737,60.72210662556709
10768301,16.43374369872393,0.0,0.1,0.02,0.0008719896451276949,70.44733008979362
10768302,16.983415338827122,0.0,0.1,0.02,0.0005716009411994391,74.6706946530488
10768303,16.131410195291082,0.0,0.1,0.02,0.0010943563275174362,68.1758891730393
10768304,15.476542289534484,0.0,0.1,0.02,0.0017676196751930803,63.38121453748434
10768305,16.18189312170384,0.0,0.1,0.02,0.00105389483359365,68.55262612215306
10768306,16.359006405431295,0.0,0.1,0.02,0.0009226667385358078,69.88242452001973
10768307,15.657321931046102,0.0,0.1,0.02,0.0015511374256724545,64.68766794152955
10768308,15.49995057384878,0.0,0.1,0.02,0.0017380970507507249,63.5496441321998
10768309,16.086003764271783,0.0,0.1,0.02,0.001131975753601485,67.83790718510498
10768580,0.0,0.0,0.1,0.02,1.0,0.0
10768581,0.097017467519496,0.0,0.1,0.02,0.9901587506350623,0.0988999453202753
10768582,1.875200992840491,0.0,0.1,0.02,0.7727129269831609,2.5784767455504833
10768583,10.082765933981108,0.0,0.1,0.02,0.047762237078764876,30.415199709871093
10768584,15.918479416287536,0.0,0.1,0.02,0.0012813927839382072,66.59807680164153
10768585,16.84296563294134,0.0,0.1,0.02,0.0006374680565606224,73.58006389542994
10768586,17.163066870251303,0.0,0.1,0.02,0.0004966008491920498,76.07723974879487
10768587,16.459408203213098,0.0,0.1,0.02,0.000855193166921278,70.64183188321283
10768588,16.234350240769615,0.0,0.1,0.02,0.001013325706362403,68.94517578876491
10768589,16.730154624197738,0.0,0.1,0.02,0.0006954322679897298,72.70976937411072
10768590,16.567706771606954,0.0,0.1,0.02,0.000787577459714287,71.46548830559713
10768591,16.649776780467924,0.0,0.1,0.02,0.0007396902689669049,72.09279014834969
10768592,16.80319975235922,0.0,0.1,0.02,0.0006573654763257616,73.27270413589622
10768593,17.012464173578596,0.0,0.1,0.02,0.000558796517612671,74.89725162503765
10768864,0.0,0.0,0.1,0.02,1.0,0.0
10768865,0.142705926060654,0.0,0.1,0.02,0.985429302920298,0.14677892232721976
10768866,2.1036432855462808,0.0,0.1,0.02,0.7416553511734295,2.9887063001110707
10768867,8.26622666568729,0.0,0.1,0.02,0.11155553589138742,21.932327323391213
10768868,14.781344448152048,0.0,0.1,0.02,0.0028859610390232944,58.47897318713512
10768869,15.911428728241061,0.0,0.1,0.02,0.001288065039199448,66.54614156302006
10768870,15.711753242764889,0.0,0.1,0.02,0.0014909241393912718,65.08359123507148
10768871,15.795233389235154,0.0,0.1,0.02,0.0014027631690809153,65.69311295331696
10768872,15.926376186899589,0.0,0.1,0.02,0.0012739578748791796,66.65626787622804
10768873,16.116180709110694,0.0,0.1,0.02,0.0011068427522664239,68.06243683885303
10768874,15.973756810571901,0.0,0.1,0.02,0.0012301811870236812,67.00593813923034
10768875,16.28116680939821,0.0,0.1,0.02,0.0009783485758084753,69.2964453444882
10768876,16.37790224939585,0.0,0.1,0.02,0.0009096015906853578,70.02503866754897
10768877,16.593935331139843,0.0,0.1,0.02,0.0007719681011129917,71.66567328595008
10769148,0.026510587054745998,0.0,0.1,0.02,0.9973384333359219,0.02665114929994345
10769149,0.10406815556597099,0.0,0.1,0.02,0.9894328100491521,0.10623419176655162
10769150,1.61319742503348,0.0,0.1,0.02,0.8078589026475483,2.13367861146041
10769151,7.616153227802295,0.0,0.1,0.02,0.14635338705774545,19.21731122567496
10769152,14.424861660522271,0.0,0.1,0.02,0.0036830323993567752,56.040188445563345
10769153,15.667192894311167,0.0,0.1,0.02,0.001540053761374952,64.75937953182203
10769154,15.110470566161501,0.0,0.1,0.02,0.0022937357212868773,60.77573471232812
10769155,15.675935747488797,0.0,0.1,0.02,0.0015302979776034699,64.82292805936822
10769156,15.772389159964574,0.0,0.1,0.02,0.0014263962616266356,65.52604112263818
10769157,15.75969792148092,0.0,0.1,0.02,0.0014396843890680828,65.43331363674692
10769158,15.51405194994173,0.0,0.1,0.02,0.0017205326547508248,63.6512135310399
10769159,15.140929538522274,0.0,0.1,0.02,0.0022450041714962205,60.99047899662153
10769160,14.922640236603407,0.0,0.1,0.02,0.0026163688535000866,59.4596785628224
10769161,15.242459446391512,0.0,0.1,0.02,0.0020893602838586095,61.70897344136949
10769432,0.0,0.0,0.1,0.02,1.0,0.0
10769433,0.030176944838913,0.0,0.1,0.02,0.9969686962631286,0.030359074438875158
10769434,0.9938649870311159,0.0,0.1,0.02,0.88768187331186,1.191418509520388
10769435,5.335678686050421,0.0,0.1,0.02,0.3318881682532697,11.029572094204969
10769436,13.805529222519908,0.0,0.1,0.02,0.0055586185460683975,51.924056645290136
10769437,15.180413391582533,0.0,0.1,0.02,0.0021832507264228757,61.269403539450195
10769438,15.370781968837358,0.0,0.1,0.02,0.001906860772742172,62.622969635544486
10769439,15.54479294982436,0.0,0.1,0.02,0.0016828086735223785,63.87291052040619
10769440,15.593301683584109,0.0,0.1,0.02,0.0016248312475349953,64.22351316263752
10769441,15.693703481365914,0.0,0.1,0.02,0.0015106474769819838,64.95216927357323
10769442,15.072396850710536,0.0,0.1,0.02,0.0023560174147106336,60.50782621577231
10769443,15.368525748662487,0.0,0.1,0.02,0.001909938476665498,62.60684248612286
10769444,15.8499467284758,0.0,0.1,0.02,0.001347625803652362,66.09410898757994
10769716,0.0008460825655769999,0.0,0.1,0.02,0.9999153810067172,0.0008462257367185546
10769717,0.025664504489168998,0.0,0.1,0.02,0.9974237005855491,0.025796237847303914
10769718,0.395684613168177,0.0,0.1,0.02,0.9581990101361566,0.426997875787787
10769719,3.92864337949587,0.0,0.1,0.02,0.495816632071587,7.0154911401472155
10769720,12.230687540459252,0.0,0.1,0.02,0.014774344113851185,42.14863108292829
10769721,15.307043748897224,0.0,0.1,0.02,0.0019955887857066187,62.16816141502793
10769722,15.486695280321408,0.0,0.1,0.02,0.0017547583179049928,63.45424142142728
10769723,15.469773629009866,0.0,0.1,0.02,0.0017762421720760302,63.332552855571684
10769724,15.235690785866897,0.0,0.1,0.02,0.0020994191808881117,61.66094553037679
10769725,15.409983794375758,0.0,0.1,0.02,0.0018541101708128894,62.90350390296045
10769726,15.798335691975602,0.0,0.1,0.02,0.0013995818270764121,65.71581781924564
10769727,15.837255489992144,0.0,0.1,0.02,0.0013602336696075374,66.0009877810494
10770000,0.0042304128278849995,0.0,0.1,0.02,0.9995766904101545,0.004233992106423866
10770001,0.006768660524615999,0.0,0.1,0.02,0.9993224472948025,0.006777823477675498
10770002,0.22844229270579,0.0,0.1,0.02,0.9763951117347845,0.23887946892512557
10770003,3.7546323985088668,0.0,0.1,0.02,0.518192476850118,6.574085288095356
10770004,12.017756761455708,0.0,0.1,0.02,0.016734125060558307,40.90305227695859
10770009,16.34913544216623,0.0,0.1,0.02,0.0009295609887825771,69.80798138342541
10770010,16.40272067131944,0.0,0.1,0.02,0.0008927026818715908,70.21256975558545
10770284,0.000564055043718,0.0,0.1,0.02,0.9999435897235859,0.0005641186753364687
10770285,0.010435018308783,0.0,0.1,0.02,0.9989548669094007,0.010456796230203928
10770286,0.579566557420245,0.0,0.1,0.02,0.9373724313419534,0.6467460363162358
10770287,4.885844788685316,0.0,0.1,0.02,0.3805970538892171,9.660140648510009
10847253,15.169414318230032,0.0,0.1,0.02,0.0022002945373059725,61.1916404698545
10847254,14.975661410712899,0.0,0.1,0.02,0.00252131463019348,59.829748348375986
10847255,15.726982728945275,0.0,0.1,0.02,0.0014744680651582324,65.19457988025387
10847256,16.530761166243426,0.0,0.1,0.02,0.0008100639106835184,71.18397411331978
10847257,16.49889205627336,0.0,0.1,0.02,0.0008299393041990994,70.94157987318539
10847258,16.381850634701873,0.0,0.1,0.02,0.0009068933793702358,70.05485667823831
10847259,16.102361360539604,0.0,0.1,0.02,0.0011182872963722472,67.95956963761938
10847536,15.157005107268237,0.0,0.1,0.02,0.002219670345456085,61.10396587161932
10847537,16.037495030512034,0.0,0.1,0.02,0.0011734883853975883,67.47774440125167
10847538,15.972064645440746,0.0,0.1,0.02,0.0012317203290190643,66.99343445306839
10847539,15.876739343052405,0.0,0.1,0.02,0.0013213636893765679,66.29090977649803
10847540,16.315856194586868,0.0,0.1,0.02,0.0009531589427781738,69.5572888670746
10847541,16.02423973698466,0.0,0.1,0.02,0.0011850750694370677,67.3794915666563
10847542,15.9565531317385,0.0,0.1,0.02,0.0012459125195709462,66.87887070093724
10847543,15.932016737336768,0.0,0.1,0.02,0.0012686717142789516,66.69784820109255
10847819,14.985814401499823,0.0,0.1,0.02,0.002503478521364714,59.900741056739726
10847820,15.425495308078004,0.0,0.1,0.02,0.0018336117179247073,63.014676407985306
10847821,16.050186268995688,0.0,0.1,0.02,0.0011624932670683183,67.57188212288725
10847822,15.706394719849568,0.0,0.1,0.02,0.0014967545115996885,65.04456173899325
10847823,16.302318873537637,0.0,0.1,0.02,0.0009629164592544392,69.45543900443792
10847824,16.003087672845236,0.0,0.1,0.02,0.001203784338989689,67.22285068579947
10847825,15.658732068655397,0.0,0.1,0.02,0.001549549544369003,64.69791006824278
10847826,15.605428867024045,0.0,0.1,0.02,0.001610628039864752,64.31131089177352
10847827,15.909454535588049,0.0,0.1,0.02,0.001289939029140561,66.53160325957668
10848103,14.554030265533694,0.0,0.1,0.02,0.0033735186620579864,56.91798965954784
10848104,16.28906358001026,0.0,0.1,0.02,0.0009725605674338554,69.3557820427336
10848105,15.950348526257603,0.0,0.1,0.02,0.0012516317051342758,66.83307214807522
10848106,15.430007748427748,0.0,0.1,0.02,0.0018276878934106685,63.04703557173582
10848107,15.986448049055555,0.0,0.1,0.02,0.0012186943120067154,67.09975229408599
10848108,15.924684021768433,0.0,0.1,0.02,0.0012755476973753124,66.6437962604018
10848109,16.199942883102818,0.0,0.1,0.02,0.0010397684065609463,68.68757276626155
10848110,16.17653459878852,0.0,0.1,0.02,0.0010581227913589249,68.51258892394894
10848111,16.334470011029563,0.0,0.1,0.02,0.0009398923486911477,69.69745211927439
10848386,4.011559470922416,0.0,0.1,0.02,0.4852902396007959,7.230081348671883
10848387,13.445380077105966,0.0,0.1,0.02,0.007012206126770428,49.601029160673576
10848388,16.344340974294624,0.0,0.1,0.02,0.0009329268761985382,69.77183735109585
10848389,15.851638893606953,0.0,0.1,0.02,0.0013459529529167937,66.10653001626949
10848390,15.222435492339525,0.0,0.1,0.02,0.002119247098479689,61.56694395602713
10848391,15.49120772067115,0.0,0.1,0.02,0.0017490699228828233,63.48671104966744
10848392,15.936247150164654,0.0,0.1,0.02,0.0012647204370079517,66.72904179639087
10848393,15.847408480779068,0.0,0.1,0.02,0.0013501386890061625,66.07547959211273
10848394,16.07190238817883,0.0,0.1,0.02,0.0011439007276485141,67.73311166320852
10848395,15.710343105155594,0.0,0.1,0.02,0.0014924564085141317,65.07331920149758
10848396,15.387421592627039,0.0,0.1,0.02,0.0018843034957344224,62.741970246476
10848670,2.444332531951953,0.0,0.1,0.02,0.6949408925460382,3.639284837303682
10848671,10.66346060148879,0.0,0.1,0.02,0.035418042974689326,33.40533900138952
10848672,15.771825104920856,0.0,0.1,0.02,0.0014269844275066944,65.5219185329632
10848673,15.248664051872412,0.0,0.1,0.02,0.0020801786229775604,61.753015125245604
10848674,15.753211288478163,0.0,0.1,0.02,0.001446520231919748,65.38594446836532
10848675,16.110258131151657,0.0,0.1,0.02,0.0011117341848145212,68.01834154161926
10848676,16.782047688219794,0.0,0.1,0.02,0.0006681838077229487,73.10947261015646
10848677,15.972628700484464,0.0,0.1,0.02,0.0012312070835084022,66.99760222119247
10848678,16.41654001989053,0.0,0.1,0.02,0.0008834200819592537,70.317097264824
10848679,16.722821908629403,0.0,0.1,0.02,0.0006993650943187788,72.65337642617651
10848680,16.090516204621526,0.0,0.1,0.02,0.0011281841845209334,67.87145855085912
10848953,0.12606630227097299,0.0,0.1,0.02,0.9871586780080855,0.12924484478462825
10848954,2.667134274220563,0.0,0.1,0.02,0.6643238435860935,4.089855321564973
10848955,11.378964424445073,0.0,0.1,0.02,0.024052578599576196,37.27513069900239
10848956,16.435153836333225,0.0,0.1,0.02,0.0008710588511028317,70.45801016112097
10848957,15.92581213185587,0.0,0.1,0.02,0.0012744876116387526,66.65211054368939
10848958,15.932580792380486,0.0,0.1,0.02,0.0012681442173518229,66.70200693352682
10848959,15.964449902350554,0.0,0.1,0.02,0.0012386685776463935,66.93718203928267
10848960,16.868630137430507,0.0,0.1,0.02,0.0006249264044685355,73.77876668011626
10848961,16.576449624784583,0.0,0.1,0.02,0.0007823419742859554,71.53218605738877
10848962,16.6286247163285,0.0,0.1,0.02,0.0007517658360308518,71.9308567076267
10848963,16.43910222163925,0.0,0.1,0.02,0.0008684575427209548,70.48791859234015
10849237,0.120143724311934,0.0,0.1,0.02,0.9877723105311976,0.1230306272102424
10849238,2.41697586233163,0.0,0.1,0.02,0.6987005455512478,3.585330326150375
10849239,10.68574077571565,0.0,0.1,0.02,0.035004621054218386,33.522751960874075
10849240,14.87949002575898,0.0,0.1,0.02,0.002696141853294457,59.15933471109118
10849241,16.4814063499181,0.0,0.1,0.02,0.0008410362963055683,70.80875740414223
10849242,16.14833184660262,0.0,0.1,0.02,0.001080635901731147,68.3020561322027
10849243,16.50622477184169,0.0,0.1,0.02,0.0008253264098659622,70.99731601555374
10849244,16.35392991003783,0.0,0.1,0.02,0.0009262063934558515,69.84413461052382
10849245,16.493815560879895,0.0,0.1,0.02,0.0008331468913275065,70.90300591214464
10849246,16.5550155331233,0.0,0.1,0.02,0.0007952354375023057,71.36872339351405
10849247,16.484508652658548,0.0,0.1,0.02,0.0008390574531965832,70.83231375657346
10849521,0.16329393515636098,0.0,0.1,0.02,0.983278687690411,0.16862691700813096
10849522,2.668826439351717,0.0,0.1,0.02,0.664091501721173,4.09335335202827
10849523,10.397790675897612,0.0,0.1,0.02,0.040678316754042515,32.02060086385428
10849524,15.123725859688875,0.0,0.1,0.02,0.00227241016613128,60.869142635493276
10849525,16.358724377909436,0.0,0.1,0.02,0.0009228630556253302,69.88029703239113
10849526,16.209531818846024,0.0,0.1,0.02,0.0010323354486390917,68.75931617608236
10849527,15.519128445335193,0.0,0.1,0.02,0.0017142496797953452,63.687797985897575
10849528,15.836409407426567,0.0,0.1,0.02,0.0013610780639963878,65.9947819913523
10849529,15.847126453257209,0.0,0.1,0.02,0.0013504181660897042,66.0734098183621
10849530,16.291883855228853,0.0,0.1,0.02,0.0009705011440134506,69.37697976568217
10849531,16.409771359365916,0.0,0.1,0.02,0.0008879553859603143,70.26589057269909
10849805,0.11450317387475399,0.0,0.1,0.02,0.9883557878243705,0.11712536924023242
10849806,1.9713723777944099,0.0,0.1,0.02,0.7596758735683407,2.748634188180567
10849807,8.544587829762122,0.0,0.1,0.02,0.09879992764302876,23.146584065865916
10849808,14.079095918723139,0.0,0.1,0.02,0.004643307099568187,53.72328429644445
10849809,16.339264478901164,0.0,0.1,0.02,0.0009365031035290452,69.73357722119744
10849810,16.018035131503762,0.0,0.1,0.02,0.0011905349886010418,67.33352502632151
10849811,15.75941589395906,0.0,0.1,0.02,0.001439980977182673,65.43125375771295
10849812,15.651117325565204,0.0,0.1,0.02,0.0015581419842125412,64.64261203328667
10849813,15.433392078690057,0.0,0.1,0.02,0.001823256613194024,63.071310289604654
10849814,16.187533672141022,0.0,0.1,0.02,0.0010494612990949689,68.5947829494809
10849815,15.868842572440352,0.0,0.1,0.02,0.0013290544239687857,66.23287549021941
10850089,0.151166751716424,0.0,0.1,0.02,0.9845469401049008,0.15573702908132298
10850090,1.2589708575785759,0.0,0.1,0.02,0.8541937493394315,1.5759723816250029
10850091,6.791786781408438,0.0,0.1,0.02,0.20154430782382043,16.017460318231315
10850092,13.822168846309589,0.0,0.1,0.02,0.005498588165110177,52.03263916948786
10850093,15.968962342700298,0.0,0.1,0.02,0.001234546725298712,66.97051400321634
10850094,15.572431646966542,0.0,0.1,0.02,0.001649545122046474,64.07255712685557
10850095,15.250920272047283,0.0,0.1,0.02,0.0020768490574259117,61.76903410091583
10850096,15.487541362886985,0.0,0.1,0.02,0.0017536904452680043,63.460328856314035
10850097,15.251484327091001,0.0,0.1,0.02,0.0020760174330327163,61.77303916299149
10850098,15.435930326386787,0.0,0.1,0.02,0.0018199396578691465,63.08951933460025
10850373,0.10858059591571499,0.0,0.1,0.02,0.9889674553657753,0.11093854507759734
10850374,0.596206181209926,0.0,0.1,0.02,0.9354478743975824,0.6672985433125106
10850375,4.096731782523833,0.0,0.1,0.02,0.47457414960712857,7.4533740421120145
10850376,11.576383689746372,0.0,0.1,0.02,0.021538967216972633,38.378915556191544
10850377,15.875329205443109,0.0,0.1,0.02,0.001322734005419344,66.28054468168209
10850378,15.718803930811363,0.0,0.1,0.02,0.0014832845889605544,65.13496333386952
10850379,15.941887700601834,0.0,0.1,0.02,0.0012594698012542466,66.77064439232184
10850380,15.567073124051221,0.0,0.1,0.02,0.0016559463425326593,64.03382625396279
10850381,15.49995057384878,0.0,0.1,0.02,0.0017380970507507249,63.5496441321998
10850658,0.569131539111462,0.0,0.1,0.02,0.9385760730768103,0.6339136808737382
10850659,4.672631982159912,0.0,0.1,0.02,0.4049737652921813,9.039329910300644
10928193,14.22264792734937,0.0,0.1,0.02,0.004219920145242212,54.67939074041644
10928194,14.987224539109118,0.0,0.1,0.02,0.0025010104678630015,59.91060441624403
10928195,15.079165511235152,0.0,0.1,0.02,0.0023448327503776544,60.55541201427989
10928196,15.202129510765676,0.0,0.1,0.02,0.00214995625337198,61.4230778431842
10928197,16.06090331482633,0.0,0.1,0.02,0.001153282981437694,67.65142637246622
10928475,15.25486865735331,0.0,0.1,0.02,0.0020710341216035565,61.797072207973386
10928476,15.977987223399785,0.0,0.1,0.02,0.001226341126663625,67.03720236562513
10928477,16.29244791027257,0.0,0.1,0.02,0.0009700897458943244,69.38121969206159
10928478,15.749262903172136,0.0,0.1,0.02,0.0014506958658554658,65.35711930181894
10928479,15.433674106211916,0.0,0.1,0.02,0.0018228877874660004,63.07333338956315
10928480,15.478234454665637,0.0,0.1,0.02,0.0017654700934906658,63.39338282138533
10928481,15.340040968954726,0.0,0.1,0.02,0.0019491902764698006,62.403412354796615
10928482,15.646040830171742,0.0,0.1,0.02,0.001563894716086433,64.60575956205199
10928758,7.056610624434039,0.0,0.1,0.02,0.18239581739725774,17.01576132540911
10928759,14.585053292938184,0.0,0.1,0.02,0.0033028124349671253,57.12980920450758
10928760,14.975097355669181,0.0,0.1,0.02,0.0025223089377851894,59.8258055180232
10928761,15.57299570201026,0.0,0.1,0.02,0.0016488726402926579,64.07663472897627
10928762,15.945554058386,0.0,0.1,0.02,0.0012560677259981679,66.79769290416804
10928763,15.945554058386,0.0,0.1,0.02,0.0012560677259981679,66.79769290416804
10928764,16.195994497796793,0.0,0.1,0.02,0.0010428434550821234,68.65804205232959
10928765,16.291601827706994,0.0,0.1,0.02,0.0009707069038608494,69.37485985021617
10928766,16.039187195643187,0.0,0.1,0.02,0.0011720168187019403,67.49029237502006
10928767,15.837255489992144,0.0,0.1,0.02,0.0013602336696075374,66.0009877810494
10929042,4.37988741447027,0.0,0.1,0.02,0.4397024562060799,8.216570167157283
10929043,12.569402594211912,0.0,0.1,0.02,0.01207355336297843,44.16737890928814
10929044,14.553748238011835,0.0,0.1,0.02,0.003374167744430441,56.916065793098355
10929045,14.877797860627826,0.0,0.1,0.02,0.0026993151948013793,59.147571696968214
10929046,15.613607665157957,0.0,0.1,0.02,0.0016011139824847794,64.37055652945382
10929047,15.512641812332435,0.0,0.1,0.02,0.001722281693658364,63.64105301187734
10929048,15.330170005689663,0.0,0.1,0.02,0.001962964892160845,62.33299248635906
10929049,15.682704408013413,0.0,0.1,0.02,0.0015227843786984358,64.87214791783808
10929050,16.004215782932672,0.0,0.1,0.02,0.0012027796392018483,67.23120034826692
10929051,15.905224122760163,0.0,0.1,0.02,0.0012939632285657457,66.50045500180653
10929326,2.953392208907448,0.0,0.1,0.02,0.6251337002750007,4.69789731683449
10929327,11.254026232261536,0.0,0.1,0.02,0.02577204885734036,36.584647519547694
10929328,15.069576575491947,0.0,0.1,0.02,0.0023606921457604855,60.48800420841506
10929329,15.292942372804275,0.0,0.1,0.02,0.002015725768332058,62.06775965638676
10929330,14.934767420043345,0.0,0.1,0.02,0.0025943421537000287,59.54422299820097
10929331,15.19254057502247,0.0,0.1,0.02,0.0021645996799139096,61.35519839976328
10929332,14.748911283138263,0.0,0.1,0.02,0.0029513316341591646,58.254988090714896
10929333,14.683480898066975,0.0,0.1,0.02,0.003087355698387458,57.80440315484652
10929334,15.16433782283657,0.0,0.1,0.02,0.0022082021211390795,61.155766143858926
10929335,14.977635603365913,0.0,0.1,0.02,0.002517837386967009,59.84354925680875
10929610,3.396739473269796,0.0,0.1,0.02,0.5652819033342813,5.70430728312363
10929611,11.034890847777092,0.0,0.1,0.02,0.029046264133085226,35.388654052248015
10929612,15.544510922302502,0.0,0.1,0.02,0.0016831512668795464,63.87087488501886
10929613,15.955989076694783,0.0,0.1,0.02,0.001246431443162695,66.87470655981542
10929614,15.52533305081609,0.0,0.1,0.02,0.001706599249104581,63.732526318568574
10929615,15.82992277442381,0.0,0.1,0.02,0.0013675678916895005,65.94721378326814
10929616,15.694267536409631,0.0,0.1,0.02,0.001510027488933947,64.95627423728988
10929617,15.482182839971664,0.0,0.1,0.02,0.001760463779081098,63.42177993803427
10929618,15.621504435770008,0.0,0.1,0.02,0.0015919772843077705,64.42778460312641
10929893,0.1974192653013,0.0,0.1,0.02,0.9796877173578278,0.205214138563721
10929894,2.970313860218988,0.0,0.1,0.02,0.6228268833910734,4.734866745860794
10929895,9.804404769906276,0.0,0.1,0.02,0.0548601787692177,29.029675348338458
10929896,14.387352000115024,0.0,0.1,0.02,0.0037776500161980217,55.78653151515778
10929897,14.832673457130387,0.0,0.1,0.02,0.0027852117297987914,58.83431383430245
10929898,14.990608869371426,0.0,0.1,0.02,0.002495096252349726,59.93427972426688
10929899,15.158133217355672,0.0,0.1,0.02,0.0022179024447825666,61.11193374437596
10929900,15.275738693970876,0.0,0.1,0.02,0.002040546280680394,61.94537722326669
10929901,15.094959052459256,0.0,0.1,0.02,0.0023189247254483446,60.66651681154359
10929902,15.332990280908252,0.0,0.1,0.02,0.0019590201637780563,62.35310847179363
10930177,0.35873900780464796,0.0,0.1,0.02,0.9622819592813663,0.3844777429487806
10930178,3.457939445513199,0.0,0.1,0.02,0.5571388163071556,5.849408487280424
10930179,10.423737207908639,0.0,0.1,0.02,0.040136879927972054,32.154596683816436
10930180,14.988070621674694,0.0,0.1,0.02,0.0024995307083883153,59.91652281373631
10930181,15.52815332603468,0.0,0.1,0.02,0.0017031322096369348,63.752862469403055
10930182,15.560304463526606,0.0,0.1,0.02,0.0016640648810866822,63.98491946305581
10930183,15.667756949354885,0.0,0.1,0.02,0.0015394226254167997,64.76347851416654
10930184,16.036366920424598,0.0,0.1,0.02,0.0011744703814719891,67.46937972172226
10930185,15.824000196464771,0.0,0.1,0.02,0.0013735183891291308,65.9037966400082
10930186,15.945554058386,0.0,0.1,0.02,0.0012560677259981679,66.79769290416804
10930462,3.2134215840614457,0.0,0.1,0.02,0.5898637364392242,5.278637239443841
10930463,9.015573791266652,0.0,0.1,0.02,0.07988487087881968,25.271687948421487
10930464,13.81624626835055,0.0,0.1,0.02,0.005519887243581001,51.99397845789265
10930465,15.309299969072097,0.0,0.1,0.02,0.001992384118637552,62.18423307767827
10930466,16.087413901881078,0.0,0.1,0.02,0.0011307896203756357,67.8483911119684
10930467,15.699344031803093,0.0,0.1,0.02,0.0015044581726765067,64.99322463758537
10930468,15.573277729532121,0.0,0.1,0.02,0.0016485364943635821,64.07867357776034
10930469,16.142409268643583,0.0,0.1,0.02,0.0010854197865261112,68.25788466792163
10930746,2.311779596678223,0.0,0.1,0.02,0.7131493184232798,3.3806445774017684
10930747,7.66832831934621,0.0,0.1,0.02,0.14328809626933856,19.428980162003622
10930748,14.278207349155592,0.0,0.1,0.02,0.004065718344724485,55.05164837025174
10930749,16.2213769747641,0.0,0.1,0.02,0.0010232216829377746,68.84799116624549
10930750,16.480842294874382,0.0,0.1,0.02,0.0008413965522443619,70.80447484457844
10930751,16.26396313056481,0.0,0.1,0.02,0.0009910691507559165,69.16726247303912
10930752,16.012112553544725,0.0,0.1,0.02,0.0011957684762759048,67.28966223902164
10931031,4.894587641862945,0.0,0.1,0.02,0.3796146848756407,9.685985278638437
10931032,12.159616604950784,0.0,0.1,0.02,0.015404629773781297,41.73087180082975
10931033,15.593865738627827,0.0,0.1,0.02,0.0016241680762829405,64.22759547349798
10931034,15.20918019881215,0.0,0.1,0.02,0.002139247245473743,61.47301266280007
10931035,15.246407831697539,0.0,0.1,0.02,0.002083513102178975,61.736998185787144
10931316,12.811382207966933,0.0,0.1,0.02,0.010422706845324026,45.63768502368927
10931317,14.739040319873197,0.0,0.1,0.02,0.0029714945923304016,58.186902230042755
10931318,13.936107965140625,0.0,0.1,0.02,0.005103070299744536,52.779129008351816
