voxel_id,dose_gy,let_kev_um,alpha,beta,sf,bed
9265051,16.883090601816072,0.0,0.1,0.02,0.0006179617314992881,73.8908402556421
9265052,16.79153371135069,0.0,0.1,0.02,0.000663311755577155,73.18265458723604
9265053,16.770709006852684,0.0,0.1,0.02,0.0006740511818070623,73.02204512535863
9265054,16.75311572201816,0.0,0.1,0.02,0.0006832502958798654,72.88649300108455
9265055,16.707875846729383,0.0,0.1,0.02,0.0007074455511827663,72.538498908674
9265337,16.976801772057108,0.0,0.1,0.02,0.0005745541867039327,74.61916145360138
9265338,16.883090601816072,0.0,0.1,0.02,0.0006179617314992881,73.8908402556421
9265339,16.79153371135069,0.0,0.1,0.02,0.000663311755577155,73.18265458723604
9265340,16.776094706291822,0.0,0.1,0.02,0.000671258303160502,73.06356542518631
9265341,16.75311572201816,0.0,0.1,0.02,0.0006832502958798654,72.88649300108455
9265342,16.707875846729383,0.0,0.1,0.02,0.0007074455511827663,72.538498908674
9265343,16.69997682088531,0.0,0.1,0.02,0.0007117511625417004,72.47782198450665
9265624,16.919713358002223,0.0,0.1,0.02,0.0006006456859414642,74.175053381394
9265625,16.79763750404838,0.0,0.1,0.02,0.0006601943710215332,73.22976264753093
9265626,16.767836633818476,0.0,0.1,0.02,0.000675545144912529,72.99990570950345
9265627,16.72151961864187,0.0,0.1,0.02,0.0007000657288326485,72.64336328996686
9265628,16.707875846729383,0.0,0.1,0.02,0.0007074455511827663,72.538498908674
9265629,16.70284919391952,0.0,0.1,0.02,0.0007101826671888973,72.49988343288311
9265630,16.67304832368961,0.0,0.1,0.02,0.000726613658556401,72.2711564045074
9265631,16.599084718058755,0.0,0.1,0.02,0.0007689375959573899,71.70500741351711
9265911,16.79763750404838,0.0,0.1,0.02,0.0006601943710215332,73.22976264753093
9265912,16.76029665460368,0.0,0.1,0.02,0.0006794815041980759,72.94180544466752
9265913,16.680588302904408,0.0,0.1,0.02,0.0007224232637865483,72.32899352910268
9265914,16.680588302904408,0.0,0.1,0.02,0.0007224232637865483,72.32899352910268
9265915,16.67304832368961,0.0,0.1,0.02,0.000726613658556401,72.2711564045074
9265916,16.67304832368961,0.0,0.1,0.02,0.000726613658556401,72.2711564045074
9265917,16.622422748961696,0.0,0.1,0.02,0.0007553411656097839,71.88341035800156
9265918,16.59657139165382,0.0,0.1,0.02,0.0007704153458657936,71.68580778330623
9265919,16.573233360750883,0.0,0.1,0.02,0.0007842641905206354,71.50764616673209
9266199,16.57861906019002,0.0,0.1,0.02,0.0007810478793039922,71.54874104876919
9266200,16.598725671429477,0.0,0.1,0.02,0.0007691485413177355,71.70226445450388
9266201,16.602675184351515,0.0,0.1,0.02,0.0007668311041981421,71.73243983976784
9266202,16.657968365260018,0.0,0.1,0.02,0.0007350624931396224,72.15555037686073
9266203,16.657968365260018,0.0,0.1,0.02,0.0007350624931396224,72.15555037686073
9266204,16.657968365260018,0.0,0.1,0.02,0.0007350624931396224,72.15555037686073
9266205,16.657968365260018,0.0,0.1,0.02,0.0007350624931396224,72.15555037686073
9266206,16.606265650644275,0.0,0.1,0.02,0.0007647299887988611,71.75987742259785
9266486,16.569642894458124,0.0,0.1,0.02,0.0007864152458393616,71.48025602443144
9266487,16.57431050063871,0.0,0.1,0.02,0.0007836199431859385,71.51586421495523
9266488,16.57431050063871,0.0,0.1,0.02,0.0007836199431859385,71.51586421495523
9266489,16.602675184351515,0.0,0.1,0.02,0.0007668311041981421,71.73243983976784
9266490,16.657968365260018,0.0,0.1,0.02,0.0007350624931396224,72.15555037686073
9266491,16.657968365260018,0.0,0.1,0.02,0.0007350624931396224,72.15555037686073
9266492,16.67304832368961,0.0,0.1,0.02,0.000726613658556401,72.2711564045074
9266493,16.661558831552778,0.0,0.1,0.02,0.0007330426024477367,72.18306737101166
9266774,16.57251526749233,0.0,0.1,0.02,0.0007846939627425318,71.50216772574561
9266775,16.57431050063871,0.0,0.1,0.02,0.0007836199431859385,71.51586421495523
9266776,16.602675184351515,0.0,0.1,0.02,0.0007668311041981421,71.73243983976784
9266777,16.624217982108075,0.0,0.1,0.02,0.0007543046182618792,71.89714268543716
9266778,16.657968365260018,0.0,0.1,0.02,0.0007350624931396224,72.15555037686073
9266779,16.67304832368961,0.0,0.1,0.02,0.000726613658556401,72.2711564045074
9266780,16.67304832368961,0.0,0.1,0.02,0.000726613658556401,72.2711564045074
9267061,16.57431050063871,0.0,0.1,0.02,0.0007836199431859385,71.51586421495523
9267062,16.624217982108075,0.0,0.1,0.02,0.0007543046182618792,71.89714268543716
9267063,16.657968365260018,0.0,0.1,0.02,0.0007350624931396224,72.15555037686073
9267064,16.67304832368961,0.0,0.1,0.02,0.000726613658556401,72.2711564045074
9267065,16.684178769197167,0.0,0.1,0.02,0.0007204357642035629,72.35654300970307
9267066,16.690282561894858,0.0,0.1,0.02,0.00071706870713326,72.40338896107316
9267067,16.690282561894858,0.0,0.1,0.02,0.00071706870713326,72.40338896107316
9267349,17.025991160267917,0.0,0.1,0.02,0.0005529258701344838,75.00286615817218
9267350,17.025991160267917,0.0,0.1,0.02,0.0005529258701344838,75.00286615817218
9267351,17.04645681813665,0.0,0.1,0.02,0.0005441533361702541,75.16279482865616
9267352,17.148426060851033,0.0,0.1,0.02,0.0005023502696019488,75.962129333746
9267353,17.148426060851033,0.0,0.1,0.02,0.0005023502696019488,75.962129333746
9267639,17.27732380076112,0.0,0.1,0.02,0.000453801475403986,76.97850734403046
9267640,17.371753064260705,0.0,0.1,0.02,0.0004210616083186986,77.72731396939095
9346846,16.770709006852684,0.0,0.1,0.02,0.0006740511818070623,73.02204512535863
9346847,16.755988095052366,0.0,0.1,0.02,0.0006817404459560475,72.9086155033597
9346848,16.755988095052366,0.0,0.1,0.02,0.0006817404459560475,72.9086155033597
9346849,16.755988095052366,0.0,0.1,0.02,0.0006817404459560475,72.9086155033597
9346850,16.74234432313988,0.0,0.1,0.02,0.0006889400499244922,72.8035630100547
9347132,16.79081561809214,0.0,0.1,0.02,0.0006636794080896989,73.17711344224551
9347133,16.776094706291822,0.0,0.1,0.02,0.000671258303160502,73.06356542518631
9347134,16.755988095052366,0.0,0.1,0.02,0.0006817404459560475,72.9086155033597
9347135,16.74234432313988,0.0,0.1,0.02,0.0006889400499244922,72.8035630100547
9347136,16.730136737744495,0.0,0.1,0.02,0.000695441836065875,72.7096317904701
9347137,16.707875846729383,0.0,0.1,0.02,0.0007074455511827663,72.538498908674
9347138,16.662995018069882,0.0,0.1,0.02,0.0007322360954404341,72.19407561251423
9347419,16.79763750404838,0.0,0.1,0.02,0.0006601943710215332,73.22976264753093
9347420,16.776094706291822,0.0,0.1,0.02,0.000671258303160502,73.06356542518631
9347421,16.75742428156947,0.0,0.1,0.02,0.0006809866883555621,72.91967799207629
9347422,16.741985276510604,0.0,0.1,0.02,0.000689130467143472,72.80079947629017
9347423,16.724751038305357,0.0,0.1,0.02,0.0006983284202820981,72.66821049696458
9347424,16.706080613583,0.0,0.1,0.02,0.0007084219616943644,72.52470650708976
9347425,16.638579847279114,0.0,0.1,0.02,0.0007460598214132216,72.00704771413565
9347705,17.004448362511358,0.0,0.1,0.02,0.0005623027688556184,74.8347011851744
9347706,16.79081561809214,0.0,0.1,0.02,0.0006636794080896989,73.17711344224551
9347707,16.770709006852684,0.0,0.1,0.02,0.0006740511818070623,73.02204512535863
9347708,16.74234432313988,0.0,0.1,0.02,0.0006889400499244922,72.8035630100547
9347709,16.724751038305357,0.0,0.1,0.02,0.0006983284202820981,72.66821049696458
9347710,16.706080613583,0.0,0.1,0.02,0.0007084219616943644,72.52470650708976
9347711,16.68130639616296,0.0,0.1,0.02,0.0007220253554981162,72.33450301269642
9347712,16.638579847279114,0.0,0.1,0.02,0.0007460598214132216,72.00704771413565
9347992,16.79763750404838,0.0,0.1,0.02,0.0006601943710215332,73.22976264753093
9347993,16.770709006852684,0.0,0.1,0.02,0.0006740511818070623,73.02204512535863
9347994,16.741985276510604,0.0,0.1,0.02,0.000689130467143472,72.80079947629017
9347995,16.724751038305357,0.0,0.1,0.02,0.0006983284202820981,72.66821049696458
9347996,16.70284919391952,0.0,0.1,0.02,0.0007101826671888973,72.49988343288311
9347997,16.66335406469916,0.0,0.1,0.02,0.000732034597935698,72.19682780180436
9347998,16.662995018069882,0.0,0.1,0.02,0.0007322360954404341,72.19407561251423
9347999,16.602675184351515,0.0,0.1,0.02,0.0007668311041981421,71.73243983976784
9348279,16.767836633818476,0.0,0.1,0.02,0.000675545144912529,72.99990570950345
9348280,16.715056779314903,0.0,0.1,0.02,0.0007035524413819019,72.59368140645913
9348281,16.694232074816895,0.0,0.1,0.02,0.0007148978455469157,72.43370898838594
9348282,16.624217982108075,0.0,0.1,0.02,0.0007543046182618792,71.89714268543716
9348283,16.624217982108075,0.0,0.1,0.02,0.0007543046182618792,71.89714268543716
9348284,16.60123899783441,0.0,0.1,0.02,0.0007676730550339987,71.72146625047802
9348285,16.603752324239345,0.0,0.1,0.02,0.0007662002056328773,71.74067057317603
9348286,16.602675184351515,0.0,0.1,0.02,0.0007668311041981421,71.73243983976784
9348287,16.58615903940482,0.0,0.1,0.02,0.0007765656774596251,71.60629337549085
9348566,16.63032177480577,0.0,0.1,0.02,0.0007507902615112625,71.94384224152154
9348567,16.613805629859073,0.0,0.1,0.02,0.0007603350906385583,71.81751313120648
9348568,16.57431050063871,0.0,0.1,0.02,0.0007836199431859385,71.51586421495523
9348569,16.562821008501878,0.0,0.1,0.02,0.0007905173953582277,71.42822896043612
9348570,16.562821008501878,0.0,0.1,0.02,0.0007905173953582277,71.42822896043612
9348571,16.58615903940482,0.0,0.1,0.02,0.0007765656774596251,71.60629337549085
9348572,16.60123899783441,0.0,0.1,0.02,0.0007676730550339987,71.72146625047802
9348573,16.602675184351515,0.0,0.1,0.02,0.0007668311041981421,71.73243983976784
9348574,16.602675184351515,0.0,0.1,0.02,0.0007668311041981421,71.73243983976784
9348854,16.54127821074532,0.0,0.1,0.02,0.0008036027379047455,71.26405517980089
9348855,16.54558677029663,0.0,0.1,0.02,0.0008009696445959634,71.2968750849796
9348856,16.547022956813734,0.0,0.1,0.02,0.0008000937334496424,71.30781670347788
9348857,16.547022956813734,0.0,0.1,0.02,0.0008000937334496424,71.30781670347788
9348858,16.569642894458124,0.0,0.1,0.02,0.0007864152458393616,71.48025602443144
9348859,16.58615903940482,0.0,0.1,0.02,0.0007765656774596251,71.60629337549085
9348860,16.602675184351515,0.0,0.1,0.02,0.0007668311041981421,71.73243983976784
9348861,16.63750270739129,0.0,0.1,0.02,0.0007466752565748333,71.99880197508178
9348862,16.647556013011016,0.0,0.1,0.02,0.0007409495449828932,72.07578025427885
9349141,16.54127821074532,0.0,0.1,0.02,0.0008036027379047455,71.26405517980089
9349142,16.54558677029663,0.0,0.1,0.02,0.0008009696445959634,71.2968750849796
9349143,16.54558677029663,0.0,0.1,0.02,0.0008009696445959634,71.2968750849796
9349144,16.547022956813734,0.0,0.1,0.02,0.0008000937334496424,71.30781670347788
9349145,16.569642894458124,0.0,0.1,0.02,0.0007864152458393616,71.48025602443144
9349146,16.57431050063871,0.0,0.1,0.02,0.0007836199431859385,71.51586421495523
9349147,16.602675184351515,0.0,0.1,0.02,0.0007668311041981421,71.73243983976784
9349148,16.647556013011016,0.0,0.1,0.02,0.0007409495449828932,72.07578025427885
9349149,16.68094734953368,0.0,0.1,0.02,0.0007222242841010721,72.33174824511663
9349428,16.54127821074532,0.0,0.1,0.02,0.0008036027379047455,71.26405517980089
9349429,16.57431050063871,0.0,0.1,0.02,0.0007836199431859385,71.51586421495523
9349430,16.573951454009435,0.0,0.1,0.02,0.0007838346375148097,71.51312481398173
9349431,16.573951454009435,0.0,0.1,0.02,0.0007838346375148097,71.51312481398173
9349432,16.58615903940482,0.0,0.1,0.02,0.0007765656774596251,71.60629337549085
9349433,16.651864572562328,0.0,0.1,0.02,0.00073850821502921,72.1087833211536
9349434,16.685255909084994,0.0,0.1,0.02,0.0007198405088765259,72.36480885941614
9349435,16.704644427065897,0.0,0.1,0.02,0.0007092039944834838,72.51367351400664
9349436,16.704644427065897,0.0,0.1,0.02,0.0007092039944834838,72.51367351400664
9349716,16.858675431025304,0.0,0.1,0.02,0.0006297634477343326,73.70166288875654
9349717,16.894221047323626,0.0,0.1,0.02,0.00061265033507051,73.97716200649015
9349718,16.919713358002223,0.0,0.1,0.02,0.0006006456859414642,74.175053381394
9349719,16.974647492281452,0.0,0.1,0.02,0.0005755192397641779,74.60237898972485
9349720,17.004448362511358,0.0,0.1,0.02,0.0005623027688556184,74.8347011851744
9349721,17.034249232741267,0.0,0.1,0.02,0.000549370290661095,75.06737861737055
9349722,17.04645681813665,0.0,0.1,0.02,0.0005441533361702541,75.16279482865616
9349723,17.124728983318818,0.0,0.1,0.02,0.0005117881677631311,75.77599753374272
9350006,17.04645681813665,0.0,0.1,0.02,0.0005441533361702541,75.16279482865616
9350007,17.095287159718186,0.0,0.1,0.02,0.0005237450292650628,75.54505577436328
9350008,17.124728983318818,0.0,0.1,0.02,0.0005117881677631311,75.77599753374272
9350009,17.178945024339495,0.0,0.1,0.02,0.0004904351275913595,76.20217545419523
9350010,17.192588796251982,0.0,0.1,0.02,0.0004851943284958967,76.30961069965382
9350294,17.144476547929,0.0,0.1,0.02,0.0005039118646844121,75.9310917684265
9350295,17.192588796251982,0.0,0.1,0.02,0.0004851943284958967,76.30961069965382
9350296,17.252549583341075,0.0,0.1,0.02,0.0004627774445096827,76.78264300846953
9350297,17.329026515376864,0.0,0.1,0.02,0.0004355914257144277,77.38805850950375
9350582,17.326872235601208,0.0,0.1,0.02,0.00043633631253386793,77.37097252937082
9350583,17.371753064260705,0.0,0.1,0.02,0.0004210616083186986,77.72731396939095
9350584,17.56707443058685,0.0,0.1,0.02,0.00036023659859997254,79.28749524054251
9350870,18.001879898640087,0.0,0.1,0.02,0.0002531466513496712,82.81541587565249
9429215,16.75311572201816,0.0,0.1,0.02,0.0006832502958798654,72.88649300108455
9429216,16.730136737744495,0.0,0.1,0.02,0.000695441836065875,72.7096317904701
9429217,16.706080613583,0.0,0.1,0.02,0.0007084219616943644,72.52470650708976
9429218,16.706080613583,0.0,0.1,0.02,0.0007084219616943644,72.52470650708976
9429219,16.70284919391952,0.0,0.1,0.02,0.0007101826671888973,72.49988343288311
9429501,16.79081561809214,0.0,0.1,0.02,0.0006636794080896989,73.17711344224551
9429502,16.74234432313988,0.0,0.1,0.02,0.0006889400499244922,72.8035630100547
9429503,16.706080613583,0.0,0.1,0.02,0.0007084219616943644,72.52470650708976
9429504,16.70284919391952,0.0,0.1,0.02,0.0007101826671888973,72.49988343288311
9429505,16.68202448942151,0.0,0.1,0.02,0.0007216276514917019,72.34001270255332
9429506,16.67843402312875,0.0,0.1,0.02,0.0007236182153057562,72.31246631590051
9429507,16.599084718058755,0.0,0.1,0.02,0.0007689375959573899,71.70500741351711
9429787,16.926535243958465,0.0,0.1,0.02,0.0005974706290937884,74.22805431695207
9429788,16.78614801191155,0.0,0.1,0.02,0.0006660737866818157,73.14110102747196
9429789,16.730136737744495,0.0,0.1,0.02,0.000695441836065875,72.7096317904701
9429790,16.684178769197167,0.0,0.1,0.02,0.0007204357642035629,72.35654300970307
9429791,16.680588302904408,0.0,0.1,0.02,0.0007224232637865483,72.32899352910268
9429792,16.66335406469916,0.0,0.1,0.02,0.000732034597935698,72.19682780180436
9429793,16.65150552593305,0.0,0.1,0.02,0.0007387113725459359,72.10603278196884
9429794,16.599084718058755,0.0,0.1,0.02,0.0007689375959573899,71.70500741351711
9430073,16.98829126419394,0.0,0.1,0.02,0.0005694327159074772,74.70869927961157
9430074,16.880936322040416,0.0,0.1,0.02,0.0006189946957498067,73.87413854379709
9430075,16.757065234940196,0.0,0.1,0.02,0.0006811750548588632,72.91691229254846
9430076,16.718647245607663,0.0,0.1,0.02,0.0007016133851712634,72.62128039022059
9430077,16.67843402312875,0.0,0.1,0.02,0.0007236182153057562,72.31246631590051
9430078,16.661917878182056,0.0,0.1,0.02,0.0007328408981233552,72.18581935403861
9430079,16.619909422556763,0.0,0.1,0.02,0.0007567945614209718,71.86418726535497
9430080,16.610215163566313,0.0,0.1,0.02,0.0007624249565571577,71.79006471955996
9430081,16.599084718058755,0.0,0.1,0.02,0.0007689375959573899,71.70500741351711
9430360,16.79763750404838,0.0,0.1,0.02,0.0006601943710215332,73.22976264753093
9430361,16.757065234940196,0.0,0.1,0.02,0.0006811750548588632,72.91691229254846
9430362,16.718647245607663,0.0,0.1,0.02,0.0007016133851712634,72.62128039022059
9430363,16.66335406469916,0.0,0.1,0.02,0.000732034597935698,72.19682780180436
9430364,16.65150552593305,0.0,0.1,0.02,0.0007387113725459359,72.10603278196884
9430365,16.610215163566313,0.0,0.1,0.02,0.0007624249565571577,71.79006471955996
9430366,16.599084718058755,0.0,0.1,0.02,0.0007689375959573899,71.70500741351711
9430367,16.599084718058755,0.0,0.1,0.02,0.0007689375959573899,71.70500741351711
9430368,16.5969304382831,0.0,0.1,0.02,0.0007702040769035144,71.68855043292471
9430647,16.748807162466846,0.0,0.1,0.02,0.0006855209186294371,72.853315435567
9430648,16.718647245607663,0.0,0.1,0.02,0.0007016133851712634,72.62128039022059
9430649,16.655814085484362,0.0,0.1,0.02,0.0007362769159113496,72.13904265552821
9430650,16.650069339415946,0.0,0.1,0.02,0.0007395245235019942,72.09503114088774
9430651,16.569642894458124,0.0,0.1,0.02,0.0007864152458393616,71.48025602443144
9430652,16.569642894458124,0.0,0.1,0.02,0.0007864152458393616,71.48025602443144
9430653,16.57251526749233,0.0,0.1,0.02,0.0007846939627425318,71.50216772574561
9430654,16.58615903940482,0.0,0.1,0.02,0.0007765656774596251,71.60629337549085
9430655,16.5969304382831,0.0,0.1,0.02,0.0007702040769035144,71.68855043292471
9430934,16.650069339415946,0.0,0.1,0.02,0.0007395245235019942,72.09503114088774
9430935,16.613805629859073,0.0,0.1,0.02,0.0007603350906385583,71.81751313120648
9430936,16.594417111878165,0.0,0.1,0.02,0.0007716840936157568,71.66935296847714
9430937,16.569642894458124,0.0,0.1,0.02,0.0007864152458393616,71.48025602443144
9430938,16.542355350633148,0.0,0.1,0.02,0.0008029437100845252,71.27225945995738
9430939,16.547022956813734,0.0,0.1,0.02,0.0008000937334496424,71.30781670347788
9430940,16.547022956813734,0.0,0.1,0.02,0.0008000937334496424,71.30781670347788
9430941,16.569642894458124,0.0,0.1,0.02,0.0007864152458393616,71.48025602443144
9430942,16.599084718058755,0.0,0.1,0.02,0.0007689375959573899,71.70500741351711
9431221,16.594417111878165,0.0,0.1,0.02,0.0007716840936157568,71.66935296847714
9431222,16.594417111878165,0.0,0.1,0.02,0.0007716840936157568,71.66935296847714
9431223,16.573951454009435,0.0,0.1,0.02,0.0007838346375148097,71.51312481398173
9431224,16.562821008501878,0.0,0.1,0.02,0.0007905173953582277,71.42822896043612
9431225,16.542355350633148,0.0,0.1,0.02,0.0008029437100845252,71.27225945995738
9431226,16.547022956813734,0.0,0.1,0.02,0.0008000937334496424,71.30781670347788
9431227,16.560666728726222,0.0,0.1,0.02,0.0007918169450345262,71.41180322871415
9431228,16.562821008501878,0.0,0.1,0.02,0.0007905173953582277,71.42822896043612
9431229,16.5969304382831,0.0,0.1,0.02,0.0007702040769035144,71.68855043292471
9431509,16.594417111878165,0.0,0.1,0.02,0.0007716840936157568,71.66935296847714
9431510,16.594417111878165,0.0,0.1,0.02,0.0007716840936157568,71.66935296847714
9431511,16.562821008501878,0.0,0.1,0.02,0.0007905173953582277,71.42822896043612
9431512,16.542355350633148,0.0,0.1,0.02,0.0008029437100845252,71.27225945995738
9431513,16.547022956813734,0.0,0.1,0.02,0.0008000937334496424,71.30781670347788
9431514,16.562821008501878,0.0,0.1,0.02,0.0007905173953582277,71.42822896043612
9431515,16.58615903940482,0.0,0.1,0.02,0.0007765656774596251,71.60629337549085
9431516,16.61308753660052,0.0,0.1,0.02,0.0007607526364233358,71.81202303635084
9431517,16.68094734953368,0.0,0.1,0.02,0.0007222242841010721,72.33174824511663
9431518,16.685255909084994,0.0,0.1,0.02,0.0007198405088765259,72.36480885941614
9431519,16.6881282821192,0.0,0.1,0.02,0.0007182554017513213,72.38685339421255
9431797,16.596212345024547,0.0,0.1,0.02,0.0007706266688058931,71.68306518525358
9431798,16.596212345024547,0.0,0.1,0.02,0.0007706266688058931,71.68306518525358
9431799,16.58615903940482,0.0,0.1,0.02,0.0007765656774596251,71.60629337549085
9431800,16.58615903940482,0.0,0.1,0.02,0.0007765656774596251,71.60629337549085
9431801,16.602675184351515,0.0,0.1,0.02,0.0007668311041981421,71.73243983976784
9431802,16.651864572562328,0.0,0.1,0.02,0.00073850821502921,72.1087833211536
9431803,16.685255909084994,0.0,0.1,0.02,0.0007198405088765259,72.36480885941614
9431804,16.737676716959292,0.0,0.1,0.02,0.0006914193049539973,72.76764109324753
9431805,16.75491095516454,0.0,0.1,0.02,0.0006823062746756592,72.90031917826309
9431806,16.875909669230552,0.0,0.1,0.02,0.000621411216869405,73.8351751020364
9431807,16.875909669230552,0.0,0.1,0.02,0.000621411216869405,73.8351751020364
9432084,16.748807162466846,0.0,0.1,0.02,0.0006855209186294371,72.853315435567
9432085,16.771068053481958,0.0,0.1,0.02,0.0006738646532367637,73.02481278438658
9432086,16.84467261248354,0.0,0.1,0.02,0.0006366266571854733,73.59327169683414
9432087,16.84467261248354,0.0,0.1,0.02,0.0006366266571854733,73.59327169683414
9432088,16.84467261248354,0.0,0.1,0.02,0.0006366266571854733,73.59327169683414
9432089,16.919713358002223,0.0,0.1,0.02,0.0006006456859414642,74.175053381394
9432090,16.976801772057108,0.0,0.1,0.02,0.0005745541867039327,74.61916145360138
9432091,17.02383688049226,0.0,0.1,0.02,0.0005538569427083066,74.98604130721395
9432092,17.047893004653755,0.0,0.1,0.02,0.00054354262999379,75.17402418427824
9432093,17.139090848489857,0.0,0.1,0.02,0.000506048629732115,75.88877787104761
9432094,17.17068695186615,0.0,0.1,0.02,0.0004936328660713886,76.13718503166344
9432371,16.98829126419394,0.0,0.1,0.02,0.0005694327159074772,74.70869927961157
9432372,16.919713358002223,0.0,0.1,0.02,0.0006006456859414642,74.175053381394
9432373,16.919713358002223,0.0,0.1,0.02,0.0006006456859414642,74.175053381394
9432374,16.949514228232132,0.0,0.1,0.02,0.000586890630871207,74.40672074284083
9432375,16.949514228232132,0.0,0.1,0.02,0.000586890630871207,74.40672074284083
9432376,16.976801772057108,0.0,0.1,0.02,0.0005745541867039327,74.61916145360138
9432377,17.02491402038009,0.0,0.1,0.02,0.0005533912234481658,74.99445350064701
9432378,17.047893004653755,0.0,0.1,0.02,0.00054354262999379,75.17402418427824
9432379,17.139090848489857,0.0,0.1,0.02,0.000506048629732115,75.88877787104761
9432380,17.17679074456384,0.0,0.1,0.02,0.0004912674468932838,76.18521880107062
9432381,17.178945024339495,0.0,0.1,0.02,0.0004904351275913595,76.20217545419523
9432382,17.30066183166406,0.0,0.1,0.02,0.00044549515816081736,77.16324179438358
9432659,17.00947501532122,0.0,0.1,0.02,0.0005601016306100935,74.8739230746886
9432660,16.98829126419394,0.0,0.1,0.02,0.0005694327159074772,74.70869927961157
9432661,16.976801772057108,0.0,0.1,0.02,0.0005745541867039327,74.61916145360138
9432662,17.004448362511358,0.0,0.1,0.02,0.0005623027688556184,74.8347011851744
9432663,17.011270248467603,0.0,0.1,0.02,0.0005593174627159499,74.88793334174741
9432664,17.031735906336333,0.0,0.1,0.02,0.0005504501553097659,75.0477415029736
9432665,17.099236672640224,0.0,0.1,0.02,0.0005221260297065055,75.57601563003308
9432666,17.153811760290175,0.0,0.1,0.02,0.0005002281147023328,76.00446334178407
9432667,17.178945024339495,0.0,0.1,0.02,0.0004904351275913595,76.20217545419523
9432949,17.02383688049226,0.0,0.1,0.02,0.0005538569427083066,74.98604130721395
9432950,17.02491402038009,0.0,0.1,0.02,0.0005533912234481658,74.99445350064701
9432951,17.059023450161312,0.0,0.1,0.02,0.0005388313304869242,75.26107966479202
9432952,17.148426060851033,0.0,0.1,0.02,0.0005023502696019488,75.962129333746
9432953,17.18109930411515,0.0,0.1,0.02,0.0004896041275399264,76.21913396368838
9433237,17.099236672640224,0.0,0.1,0.02,0.0005221260297065055,75.57601563003308
9433238,17.17679074456384,0.0,0.1,0.02,0.0004912674468932838,76.18521880107062
9433239,17.196897355803294,0.0,0.1,0.02,0.0004835502547827003,76.34355308901016
9511582,16.99439505689163,0.0,0.1,0.02,0.0005667293116752016,74.75628772683217
9511583,16.79763750404838,0.0,0.1,0.02,0.0006601943710215332,73.22976264753093
9511584,16.74234432313988,0.0,0.1,0.02,0.0006889400499244922,72.8035630100547
9511585,16.730136737744495,0.0,0.1,0.02,0.000695441836065875,72.7096317904701
9511586,16.706080613583,0.0,0.1,0.02,0.0007084219616943644,72.52470650708976
9511587,16.684178769197167,0.0,0.1,0.02,0.0007204357642035629,72.35654300970307
9511588,16.67843402312875,0.0,0.1,0.02,0.0007236182153057562,72.31246631590051
9511868,17.06548628948828,0.0,0.1,0.02,0.0005361132805664886,75.31165074883077
9511869,16.901761026538423,0.0,0.1,0.02,0.0006090765388357689,74.03566618618106
9511870,16.778608032696756,0.0,0.1,0.02,0.0006699586569236956,73.08294553567197
9511871,16.730136737744495,0.0,0.1,0.02,0.000695441836065875,72.7096317904701
9511872,16.706080613583,0.0,0.1,0.02,0.0007084219616943644,72.52470650708976
9511873,16.68202448942151,0.0,0.1,0.02,0.0007216276514917019,72.34001270255332
9511874,16.67843402312875,0.0,0.1,0.02,0.0007236182153057562,72.31246631590051
9511875,16.638579847279114,0.0,0.1,0.02,0.0007460598214132216,72.00704771413565
9511876,16.599084718058755,0.0,0.1,0.02,0.0007689375959573899,71.70500741351711
9512155,17.005884549028462,0.0,0.1,0.02,0.0005616730489467471,74.84590640800545
9512156,16.880936322040416,0.0,0.1,0.02,0.0006189946957498067,73.87413854379709
9512157,16.759578561345126,0.0,0.1,0.02,0.0006798575090867528,72.93627327212496
9512158,16.718647245607663,0.0,0.1,0.02,0.0007016133851712634,72.62128039022059
9512159,16.67843402312875,0.0,0.1,0.02,0.0007236182153057562,72.31246631590051
9512160,16.662995018069882,0.0,0.1,0.02,0.0007322360954404341,72.19407561251423
9512161,16.599084718058755,0.0,0.1,0.02,0.0007689375959573899,71.70500741351711
9512162,16.587595225921923,0.0,0.1,0.02,0.0007757146455828543,71.61725830172747
9512163,16.576823827043643,0.0,0.1,0.02,0.0007821186156058069,71.53504146561201
9512442,16.880936322040416,0.0,0.1,0.02,0.0006189946957498067,73.87413854379709
9512443,16.79763750404838,0.0,0.1,0.02,0.0006601943710215332,73.22976264753093
9512444,16.72080152538332,0.0,0.1,0.02,0.0007004523442409817,72.63784225563555
9512445,16.673766416948162,0.0,0.1,0.02,0.0007262135994933721,72.27666372233784
9512446,16.61201039671269,0.0,0.1,0.02,0.000761379355630632,71.8037882808108
9512447,16.598725671429477,0.0,0.1,0.02,0.0007691485413177355,71.70226445450388
9512448,16.58615903940482,0.0,0.1,0.02,0.0007765656774596251,71.60629337549085
9512449,16.57861906019002,0.0,0.1,0.02,0.0007810478793039922,71.54874104876919
9512450,16.56712956805319,0.0,0.1,0.02,0.0007879242522614882,71.46108599298564
9512729,16.78076231247241,0.0,0.1,0.02,0.000668846542871467,73.09955907001131
9512730,16.730495784373772,0.0,0.1,0.02,0.0006952497932284056,72.7123936225635
9512731,16.673766416948162,0.0,0.1,0.02,0.0007262135994933721,72.27666372233784
9512732,16.610215163566313,0.0,0.1,0.02,0.0007624249565571577,71.79006471955996
9512733,16.57861906019002,0.0,0.1,0.02,0.0007810478793039922,71.54874104876919
9512734,16.57251526749233,0.0,0.1,0.02,0.0007846939627425318,71.50216772574561
9512735,16.57251526749233,0.0,0.1,0.02,0.0007846939627425318,71.50216772574561
9512736,16.562821008501878,0.0,0.1,0.02,0.0007905173953582277,71.42822896043612
9512737,16.562821008501878,0.0,0.1,0.02,0.0007905173953582277,71.42822896043612
9513016,16.673766416948162,0.0,0.1,0.02,0.0007262135994933721,72.27666372233784
9513017,16.613805629859073,0.0,0.1,0.02,0.0007603350906385583,71.81751313120648
9513018,16.598725671429477,0.0,0.1,0.02,0.0007691485413177355,71.70226445450388
9513019,16.57251526749233,0.0,0.1,0.02,0.0007846939627425318,71.50216772574561
9513020,16.535174418047628,0.0,0.1,0.02,0.0008073467513324656,71.21757302509897
9513021,16.542355350633148,0.0,0.1,0.02,0.0008029437100845252,71.27225945995738
9513022,16.542714397262422,0.0,0.1,0.02,0.0008027241459906497,71.2749943231411
9513023,16.547022956813734,0.0,0.1,0.02,0.0008000937334496424,71.30781670347788
9513024,16.547022956813734,0.0,0.1,0.02,0.0008000937334496424,71.30781670347788
9513303,16.584004759629163,0.0,0.1,0.02,0.0007778438558805919,71.58984753310972
9513304,16.584004759629163,0.0,0.1,0.02,0.0007778438558805919,71.58984753310972
9513305,16.562102915243326,0.0,0.1,0.02,0.0007909503577413269,71.42275351026562
9513306,16.532661091642694,0.0,0.1,0.02,0.0008088931190031353,71.19843764586594
9513307,16.525839205686452,0.0,0.1,0.02,0.0008131043136189611,71.14651149612715
9513308,16.535174418047628,0.0,0.1,0.02,0.0008073467513324656,71.21757302509897
9513309,16.542714397262422,0.0,0.1,0.02,0.0008027241459906497,71.2749943231411
9513310,16.547022956813734,0.0,0.1,0.02,0.0008000937334496424,71.30781670347788
9513311,16.56712956805319,0.0,0.1,0.02,0.0007879242522614882,71.46108599298564
9513312,16.584004759629163,0.0,0.1,0.02,0.0007778438558805919,71.58984753310972
9513590,16.562102915243326,0.0,0.1,0.02,0.0007909503577413269,71.42275351026562
9513591,16.562102915243326,0.0,0.1,0.02,0.0007909503577413269,71.42275351026562
9513592,16.562102915243326,0.0,0.1,0.02,0.0007909503577413269,71.42275351026562
9513593,16.535174418047628,0.0,0.1,0.02,0.0008073467513324656,71.21757302509897
9513594,16.525839205686452,0.0,0.1,0.02,0.0008131043136189611,71.14651149612715
9513595,16.525839205686452,0.0,0.1,0.02,0.0008131043136189611,71.14651149612715
9513596,16.542355350633148,0.0,0.1,0.02,0.0008029437100845252,71.27225945995738
9513597,16.547022956813734,0.0,0.1,0.02,0.0008000937334496424,71.30781670347788
9513598,16.58615903940482,0.0,0.1,0.02,0.0007765656774596251,71.60629337549085
9513599,16.60877897704921,0.0,0.1,0.02,0.0007632624002227204,71.77908679874356
9513600,16.651864572562328,0.0,0.1,0.02,0.00073850821502921,72.1087833211536
9513878,16.569642894458124,0.0,0.1,0.02,0.0007864152458393616,71.48025602443144
9513879,16.584004759629163,0.0,0.1,0.02,0.0007778438558805919,71.58984753310972
9513880,16.562102915243326,0.0,0.1,0.02,0.0007909503577413269,71.42275351026562
9513881,16.532661091642694,0.0,0.1,0.02,0.0008088931190031353,71.19843764586594
9513882,16.542355350633148,0.0,0.1,0.02,0.0008029437100845252,71.27225945995738
9513883,16.562821008501878,0.0,0.1,0.02,0.0007905173953582277,71.42822896043612
9513884,16.58615903940482,0.0,0.1,0.02,0.0007765656774596251,71.60629337549085
9513885,16.61308753660052,0.0,0.1,0.02,0.0007607526364233358,71.81202303635084
9513886,16.684178769197167,0.0,0.1,0.02,0.0007204357642035629,72.35654300970307
9513887,16.704644427065897,0.0,0.1,0.02,0.0007092039944834838,72.51367351400664
9513888,16.75491095516454,0.0,0.1,0.02,0.0006823062746756592,72.90031917826309
9514166,16.596212345024547,0.0,0.1,0.02,0.0007706266688058931,71.68306518525358
9514167,16.596212345024547,0.0,0.1,0.02,0.0007706266688058931,71.68306518525358
9514168,16.58615903940482,0.0,0.1,0.02,0.0007765656774596251,71.60629337549085
9514169,16.58615903940482,0.0,0.1,0.02,0.0007765656774596251,71.60629337549085
9514170,16.602675184351515,0.0,0.1,0.02,0.0007668311041981421,71.73243983976784
9514171,16.651864572562328,0.0,0.1,0.02,0.00073850821502921,72.1087833211536
9514172,16.742703369769156,0.0,0.1,0.02,0.0006887496817690905,72.80632659538504
9514173,16.80410034337535,0.0,0.1,0.02,0.0006569085113269779,73.27965801342086
9514174,16.843236425966435,0.0,0.1,0.02,0.0006373345088347847,73.58215908616695
9514175,16.94520566868082,0.0,0.1,0.02,0.0005888609560864934,74.37320469945935
9514176,16.94520566868082,0.0,0.1,0.02,0.0005888609560864934,74.37320469945935
9514454,16.748807162466846,0.0,0.1,0.02,0.0006855209186294371,72.853315435567
9514455,16.748807162466846,0.0,0.1,0.02,0.0006855209186294371,72.853315435567
9514456,16.771068053481958,0.0,0.1,0.02,0.0006738646532367637,73.02481278438658
9514457,16.78076231247241,0.0,0.1,0.02,0.000668846542871467,73.09955907001131
9514458,16.800868923711867,0.0,0.1,0.02,0.0006585495293431026,73.2547082420613
9514459,16.84467261248354,0.0,0.1,0.02,0.0006366266571854733,73.59327169683414
9514460,16.976801772057108,0.0,0.1,0.02,0.0005745541867039327,74.61916145360138
9514461,17.031735906336333,0.0,0.1,0.02,0.0005504501553097659,75.0477415029736
9514462,17.069435802410315,0.0,0.1,0.02,0.0005344585644968718,75.34256352493173
9514463,17.139090848489857,0.0,0.1,0.02,0.000506048629732115,75.88877787104761
9514742,16.78076231247241,0.0,0.1,0.02,0.000668846542871467,73.09955907001131
9514743,16.78076231247241,0.0,0.1,0.02,0.000668846542871467,73.09955907001131
9514744,16.800868923711867,0.0,0.1,0.02,0.0006585495293431026,73.2547082420613
9514745,16.84467261248354,0.0,0.1,0.02,0.0006366266571854733,73.59327169683414
9514746,16.95130946137851,0.0,0.1,0.02,0.0005860714806198936,74.42068795246264
9514747,17.025991160267917,0.0,0.1,0.02,0.0005529258701344838,75.00286615817218
9514748,17.069435802410315,0.0,0.1,0.02,0.0005344585644968718,75.34256352493173
9514749,17.139090848489857,0.0,0.1,0.02,0.000506048629732115,75.88877787104761
9514750,17.153811760290175,0.0,0.1,0.02,0.0005002281147023328,76.00446334178407
9515030,16.82672028101974,0.0,0.1,0.02,0.0006455277643666957,73.45442336415594
9515031,16.800868923711867,0.0,0.1,0.02,0.0006585495293431026,73.2547082420613
9515032,16.84467261248354,0.0,0.1,0.02,0.0006366266571854733,73.59327169683414
9515033,16.9470009018272,0.0,0.1,0.02,0.000588039237697869,74.38716881513358
9515034,17.02383688049226,0.0,0.1,0.02,0.0005538569427083066,74.98604130721395
9515035,17.069435802410315,0.0,0.1,0.02,0.0005344585644968718,75.34256352493173
9515036,17.14160417489479,0.0,0.1,0.02,0.0005050504204160124,75.9085229126489
9515037,17.17391837152963,0.0,0.1,0.02,0.0004923792614654648,76.16261281792222
9515318,16.78076231247241,0.0,0.1,0.02,0.000668846542871467,73.09955907001131
9515319,16.78076231247241,0.0,0.1,0.02,0.000668846542871467,73.09955907001131
9515320,16.84467261248354,0.0,0.1,0.02,0.0006366266571854733,73.59327169683414
9515321,16.95130946137851,0.0,0.1,0.02,0.0005860714806198936,74.42068795246264
9515322,17.031735906336333,0.0,0.1,0.02,0.0005504501553097659,75.0477415029736
9515323,17.14160417489479,0.0,0.1,0.02,0.0005050504204160124,75.9085229126489
9515324,17.17679074456384,0.0,0.1,0.02,0.0004912674468932838,76.18521880107062
9515606,16.84467261248354,0.0,0.1,0.02,0.0006366266571854733,73.59327169683414
9515607,16.8482630787763,0.0,0.1,0.02,0.0006348602364913537,73.62105683310762
9515608,16.945564715310095,0.0,0.1,0.02,0.0005886965266707092,74.37599741946259
9515609,17.025991160267917,0.0,0.1,0.02,0.0005529258701344838,75.00286615817218
9515610,17.099236672640224,0.0,0.1,0.02,0.0005221260297065055,75.57601563003308
9593953,16.74234432313988,0.0,0.1,0.02,0.0006889400499244922,72.8035630100547
9593954,16.706080613583,0.0,0.1,0.02,0.0007084219616943644,72.52470650708976
9593955,16.706080613583,0.0,0.1,0.02,0.0007084219616943644,72.52470650708976
9593956,16.684178769197167,0.0,0.1,0.02,0.0007204357642035629,72.35654300970307
9593957,16.67843402312875,0.0,0.1,0.02,0.0007236182153057562,72.31246631590051
9594238,16.885244881591728,0.0,0.1,0.02,0.0006169303765109596,73.90754382385566
9594239,16.759578561345126,0.0,0.1,0.02,0.0006798575090867528,72.93627327212496
9594240,16.718647245607663,0.0,0.1,0.02,0.0007016133851712634,72.62128039022059
9594241,16.70536252032445,0.0,0.1,0.02,0.0007088128775469968,72.51918990741662
9594242,16.68202448942151,0.0,0.1,0.02,0.0007216276514917019,72.34001270255332
9594243,16.67843402312875,0.0,0.1,0.02,0.0007236182153057562,72.31246631590051
9594244,16.64360650008898,0.0,0.1,0.02,0.0007431940349964415,72.04553396604979
9594245,16.607342790532105,0.0,0.1,0.02,0.0007641007006897782,71.76810970297983
9594524,16.91001909901177,0.0,0.1,0.02,0.0006051847174223501,74.09976828480032
9594525,16.78973847820431,0.0,0.1,0.02,0.0006642312432889272,73.16880211150318
9594526,16.730136737744495,0.0,0.1,0.02,0.000695441836065875,72.7096317904701
9594527,16.706080613583,0.0,0.1,0.02,0.0007084219616943644,72.52470650708976
9594528,16.67843402312875,0.0,0.1,0.02,0.0007236182153057562,72.31246631590051
9594529,16.67843402312875,0.0,0.1,0.02,0.0007236182153057562,72.31246631590051
9594530,16.60052090457586,0.0,0.1,0.02,0.000768094353285101,71.71597976522787
9594531,16.59657139165382,0.0,0.1,0.02,0.0007704153458657936,71.68580778330623
9594532,16.587595225921923,0.0,0.1,0.02,0.0007757146455828543,71.61725830172747
9594810,16.84215928607861,0.0,0.1,0.02,0.0006378658794856787,73.57382516960739
9594811,16.78973847820431,0.0,0.1,0.02,0.0006642312432889272,73.16880211150318
9594812,16.759578561345126,0.0,0.1,0.02,0.0006798575090867528,72.93627327212496
9594813,16.68202448942151,0.0,0.1,0.02,0.0007216276514917019,72.34001270255332
9594814,16.6597635984064,0.0,0.1,0.02,0.0007340519003422417,72.16930822936379
9594815,16.60052090457586,0.0,0.1,0.02,0.000768094353285101,71.71597976522787
9594816,16.59657139165382,0.0,0.1,0.02,0.0007704153458657936,71.68580778330623
9594817,16.587595225921923,0.0,0.1,0.02,0.0007757146455828543,71.61725830172747
9594818,16.566411474794638,0.0,0.1,0.02,0.0007883558919584825,71.45560930523612
9594819,16.566411474794638,0.0,0.1,0.02,0.0007883558919584825,71.45560930523612
9594820,16.566411474794638,0.0,0.1,0.02,0.0007883558919584825,71.45560930523612
9595097,16.763887120896438,0.0,0.1,0.02,0.0006776043871310903,72.96946940132794
9595098,16.75383381527671,0.0,0.1,0.02,0.0006828725413283764,72.89202331725859
9595099,16.660840738294226,0.0,0.1,0.02,0.0007334461663145358,72.17756355965511
9595100,16.623499888849523,0.0,0.1,0.02,0.000754719078073681,71.89164959976554
9595101,16.59657139165382,0.0,0.1,0.02,0.0007704153458657936,71.68580778330623
9595102,16.551690562994324,0.0,0.1,0.02,0.0007972531777749683,71.3433826616174
9595103,16.536969651194006,0.0,0.1,0.02,0.0008062438885229191,71.23124270009633
9595104,16.561384821984774,0.0,0.1,0.02,0.0007913835409324073,71.41727826635831
9595105,16.561384821984774,0.0,0.1,0.02,0.0007913835409324073,71.41727826635831
9595106,16.561384821984774,0.0,0.1,0.02,0.0007913835409324073,71.41727826635831
9595107,16.573233360750883,0.0,0.1,0.02,0.0007842641905206354,71.50764616673209
9595384,16.613805629859073,0.0,0.1,0.02,0.0007603350906385583,71.81751313120648
9595385,16.623499888849523,0.0,0.1,0.02,0.000754719078073681,71.89164959976554
9595386,16.60052090457586,0.0,0.1,0.02,0.000768094353285101,71.71597976522787
9595387,16.584004759629163,0.0,0.1,0.02,0.0007778438558805919,71.58984753310972
9595388,16.54558677029663,0.0,0.1,0.02,0.0008009696445959634,71.2968750849796
9595389,16.516144946696,0.0,0.1,0.02,0.0008191237614262519,71.07275372675035
9595390,16.516144946696,0.0,0.1,0.02,0.0008191237614262519,71.07275372675035
9595391,16.536969651194006,0.0,0.1,0.02,0.0008062438885229191,71.23124270009633
9595392,16.536969651194006,0.0,0.1,0.02,0.0008062438885229191,71.23124270009633
9595393,16.561384821984774,0.0,0.1,0.02,0.0007913835409324073,71.41727826635831
9595394,16.573233360750883,0.0,0.1,0.02,0.0007842641905206354,71.50764616673209
9595395,16.573233360750883,0.0,0.1,0.02,0.0007842641905206354,71.50764616673209
9595671,16.571079080975228,0.0,0.1,0.02,0.0007855541652441581,71.49121146256219
9595672,16.584004759629163,0.0,0.1,0.02,0.0007778438558805919,71.58984753310972
9595673,16.562102915243326,0.0,0.1,0.02,0.0007909503577413269,71.42275351026562
9595674,16.551690562994324,0.0,0.1,0.02,0.0007972531777749683,71.3433826616174
9595675,16.525839205686452,0.0,0.1,0.02,0.0008131043136189611,71.14651149612715
9595676,16.513990666920343,0.0,0.1,0.02,0.0008204670377305692,71.05636821634678
9595677,16.516144946696,0.0,0.1,0.02,0.0008191237614262519,71.07275372675035
9595678,16.52404397254007,0.0,0.1,0.02,0.0008142159100408297,71.13284981382763
9595679,16.536969651194006,0.0,0.1,0.02,0.0008062438885229191,71.23124270009633
9595680,16.561384821984774,0.0,0.1,0.02,0.0007913835409324073,71.41727826635831
9595681,16.603752324239345,0.0,0.1,0.02,0.0007662002056328773,71.74067057317603
9595682,16.660481691664952,0.0,0.1,0.02,0.000733648025881273,72.17481173132556
9595959,16.54558677029663,0.0,0.1,0.02,0.0008009696445959634,71.2968750849796
9595960,16.584004759629163,0.0,0.1,0.02,0.0007778438558805919,71.58984753310972
9595961,16.573951454009435,0.0,0.1,0.02,0.0007838346375148097,71.51312481398173
9595962,16.525839205686452,0.0,0.1,0.02,0.0008131043136189611,71.14651149612715
9595963,16.516144946696,0.0,0.1,0.02,0.0008191237614262519,71.07275372675035
9595964,16.516144946696,0.0,0.1,0.02,0.0008191237614262519,71.07275372675035
9595965,16.525839205686452,0.0,0.1,0.02,0.0008131043136189611,71.14651149612715
9595966,16.547022956813734,0.0,0.1,0.02,0.0008000937334496424,71.30781670347788
9595967,16.58615903940482,0.0,0.1,0.02,0.0007765656774596251,71.60629337549085
9595968,16.660481691664952,0.0,0.1,0.02,0.000733648025881273,72.17481173132556
9595969,16.685255909084994,0.0,0.1,0.02,0.0007198405088765259,72.36480885941614
9596247,16.594417111878165,0.0,0.1,0.02,0.0007716840936157568,71.66935296847714
9596248,16.594417111878165,0.0,0.1,0.02,0.0007716840936157568,71.66935296847714
9596249,16.562102915243326,0.0,0.1,0.02,0.0007909503577413269,71.42275351026562
9596250,16.525839205686452,0.0,0.1,0.02,0.0008131043136189611,71.14651149612715
9596251,16.542355350633148,0.0,0.1,0.02,0.0008029437100845252,71.27225945995738
9596252,16.562821008501878,0.0,0.1,0.02,0.0007905173953582277,71.42822896043612
9596253,16.58615903940482,0.0,0.1,0.02,0.0007765656774596251,71.60629337549085
9596254,16.625295121995904,0.0,0.1,0.02,0.0007536833261140407,71.90538270068808
9596255,16.685255909084994,0.0,0.1,0.02,0.0007198405088765259,72.36480885941614
9596256,16.738035763588567,0.0,0.1,0.02,0.0006912282980668341,72.77040400822256
9596535,16.60770183716138,0.0,0.1,0.02,0.0007638910452039921,71.77085389957207
9596536,16.598725671429477,0.0,0.1,0.02,0.0007691485413177355,71.70226445450388
9596537,16.58615903940482,0.0,0.1,0.02,0.0007765656774596251,71.60629337549085
9596538,16.58615903940482,0.0,0.1,0.02,0.0007765656774596251,71.60629337549085
9596539,16.603752324239345,0.0,0.1,0.02,0.0007662002056328773,71.74067057317603
9596540,16.679152116387304,0.0,0.1,0.02,0.0007232196935941478,72.3179751807047
9596541,16.75491095516454,0.0,0.1,0.02,0.0006823062746756592,72.90031917826309
9596542,16.875550622601274,0.0,0.1,0.02,0.0006215841620396123,73.83239238579694
9596543,16.893502954065074,0.0,0.1,0.02,0.0006129917156315879,73.97159136586615
9596544,16.977160818686382,0.0,0.1,0.02,0.0005743934915626406,74.6219587113944
9596822,16.747370975949742,0.0,0.1,0.02,0.0006862793552624767,72.84225789716652
9596823,16.747370975949742,0.0,0.1,0.02,0.0006862793552624767,72.84225789716652
9596824,16.747370975949742,0.0,0.1,0.02,0.0006862793552624767,72.84225789716652
9596825,16.769631866964854,0.0,0.1,0.02,0.0006746110564943763,73.01374245766948
9596826,16.771068053481958,0.0,0.1,0.02,0.0006738646532367637,73.02481278438658
9596827,16.78076231247241,0.0,0.1,0.02,0.000668846542871467,73.09955907001131
9596828,16.888117254625936,0.0,0.1,0.02,0.0006155577358428432,73.92981813582479
9596829,16.976801772057108,0.0,0.1,0.02,0.0005745541867039327,74.61916145360138
9596830,17.019169274311675,0.0,0.1,0.02,0.0005558792946783532,74.9495938318466
9596831,17.047893004653755,0.0,0.1,0.02,0.00054354262999379,75.17402418427824
9596832,17.069435802410315,0.0,0.1,0.02,0.0005344585644968718,75.34256352493173
9596833,17.139090848489857,0.0,0.1,0.02,0.000506048629732115,75.88877787104761
9597109,16.792969897867795,0.0,0.1,0.02,0.0006625770204351413,73.19373749600658
9597110,16.771068053481958,0.0,0.1,0.02,0.0006738646532367637,73.02481278438658
9597111,16.769631866964854,0.0,0.1,0.02,0.0006746110564943763,73.01374245766948
9597112,16.769631866964854,0.0,0.1,0.02,0.0006746110564943763,73.01374245766948
9597113,16.771068053481958,0.0,0.1,0.02,0.0006738646532367637,73.02481278438658
9597114,16.78076231247241,0.0,0.1,0.02,0.000668846542871467,73.09955907001131
9597115,16.888117254625936,0.0,0.1,0.02,0.0006155577358428432,73.92981813582479
9597116,16.976801772057108,0.0,0.1,0.02,0.0005745541867039327,74.61916145360138
9597117,17.047893004653755,0.0,0.1,0.02,0.00054354262999379,75.17402418427824
9597118,17.069435802410315,0.0,0.1,0.02,0.0005344585644968718,75.34256352493173
9597119,17.136577522084927,0.0,0.1,0.02,0.0005070486838465716,75.8690353561702
9597120,17.14160417489479,0.0,0.1,0.02,0.0005050504204160124,75.9085229126489
9597121,17.231006785584515,0.0,0.1,0.02,0.00047071743227438404,76.61252575455643
9597397,16.78076231247241,0.0,0.1,0.02,0.000668846542871467,73.09955907001131
9597398,16.769631866964854,0.0,0.1,0.02,0.0006746110564943763,73.01374245766948
9597399,16.769631866964854,0.0,0.1,0.02,0.0006746110564943763,73.01374245766948
9597400,16.771068053481958,0.0,0.1,0.02,0.0006738646532367637,73.02481278438658
9597401,16.78076231247241,0.0,0.1,0.02,0.000668846542871467,73.09955907001131
9597402,16.800868923711867,0.0,0.1,0.02,0.0006585495293431026,73.2547082420613
9597403,16.90642863271901,0.0,0.1,0.02,0.0006068739521598252,74.07189445536324
9597404,17.047893004653755,0.0,0.1,0.02,0.00054354262999379,75.17402418427824
9597405,17.069435802410315,0.0,0.1,0.02,0.0005344585644968718,75.34256352493173
9597406,17.139090848489857,0.0,0.1,0.02,0.000506048629732115,75.88877787104761
9597407,17.14160417489479,0.0,0.1,0.02,0.0005050504204160124,75.9085229126489
9597408,17.2536267232289,0.0,0.1,0.02,0.000462383754412959,76.79115374413259
9597687,16.687051142231375,0.0,0.1,0.02,0.0007188494352742679,72.37858630692047
9597688,16.547741050072286,0.0,0.1,0.02,0.0007996561124001991,71.31328782212178
9597689,16.477008864104913,0.0,0.1,0.02,0.0008438487306104384,70.77537308566329
9597690,16.477008864104913,0.0,0.1,0.02,0.0008438487306104384,70.77537308566329
9597691,16.71074821976359,0.0,0.1,0.02,0.0007058859035294145,72.56056943262999
9597692,17.047893004653755,0.0,0.1,0.02,0.00054354262999379,75.17402418427824
9597693,17.136577522084927,0.0,0.1,0.02,0.0005070486838465716,75.8690353561702
9597694,17.14160417489479,0.0,0.1,0.02,0.0005050504204160124,75.9085229126489
9597695,17.33369412155745,0.0,0.1,0.02,0.0004339815873823892,77.42508450150052
9597975,16.529429671979212,0.0,0.1,0.02,0.0008108853578712148,71.17383872816058
9597976,16.457979392753288,0.0,0.1,0.02,0.0008561203010210442,70.63099653121166
9597977,16.421356636567136,0.0,0.1,0.02,0.0008802058658695275,70.35354739363264
9597978,16.43176898881614,0.0,0.1,0.02,0.0008732946533476579,70.43237540918008
9597979,16.50609164107627,0.0,0.1,0.02,0.0008254099471749001,70.99630389379786
9597980,16.758860468086574,0.0,0.1,0.02,0.000680233708014655,72.93074130584557
9597981,17.139090848489857,0.0,0.1,0.02,0.000506048629732115,75.88877787104761
9676321,16.768554727077028,0.0,0.1,0.02,0.0006751713648858891,73.0054402540725
9676322,16.730136737744495,0.0,0.1,0.02,0.000695441836065875,72.7096317904701
9676323,16.68202448942151,0.0,0.1,0.02,0.0007216276514917019,72.34001270255332
9676324,16.67843402312875,0.0,0.1,0.02,0.0007236182153057562,72.31246631590051
9676325,16.655814085484362,0.0,0.1,0.02,0.0007362769159113496,72.13904265552821
9676326,16.64360650008898,0.0,0.1,0.02,0.0007431940349964415,72.04553396604979
9676607,16.8123584158487,0.0,0.1,0.02,0.0006527321140732335,73.34343751644042
9676608,16.74413955628626,0.0,0.1,0.02,0.0006879886995514215,72.8173814523643
9676609,16.68202448942151,0.0,0.1,0.02,0.0007216276514917019,72.34001270255332
9676610,16.67843402312875,0.0,0.1,0.02,0.0007236182153057562,72.31246631590051
9676611,16.67843402312875,0.0,0.1,0.02,0.0007236182153057562,72.31246631590051
9676612,16.638579847279114,0.0,0.1,0.02,0.0007460598214132216,72.00704771413565
9676613,16.6238589354788,0.0,0.1,0.02,0.0007545118216548394,71.89439611681847
9676614,16.6238589354788,0.0,0.1,0.02,0.0007545118216548394,71.89439611681847
9676894,16.78076231247241,0.0,0.1,0.02,0.000668846542871467,73.09955907001131
9676895,16.730136737744495,0.0,0.1,0.02,0.000695441836065875,72.7096317904701
9676896,16.67843402312875,0.0,0.1,0.02,0.0007236182153057562,72.31246631590051
9676897,16.67843402312875,0.0,0.1,0.02,0.0007236182153057562,72.31246631590051
9676898,16.660122645035674,0.0,0.1,0.02,0.0007338499372197878,72.17205995456176
9676899,16.618832282668937,0.0,0.1,0.02,0.0007574182425320214,71.85594957056477
9676900,16.60877897704921,0.0,0.1,0.02,0.0007632624002227204,71.77908679874356
9676901,16.60877897704921,0.0,0.1,0.02,0.0007632624002227204,71.77908679874356
9677181,16.730495784373772,0.0,0.1,0.02,0.0006952497932284056,72.7123936225635
9677182,16.67843402312875,0.0,0.1,0.02,0.0007236182153057562,72.31246631590051
9677183,16.650069339415946,0.0,0.1,0.02,0.0007395245235019942,72.09503114088774
9677184,16.60518851075645,0.0,0.1,0.02,0.0007653597596491063,71.75164560630805
9677185,16.587595225921923,0.0,0.1,0.02,0.0007757146455828543,71.61725830172747
9677186,16.587595225921923,0.0,0.1,0.02,0.0007757146455828543,71.61725830172747
9677187,16.587595225921923,0.0,0.1,0.02,0.0007757146455828543,71.61725830172747
9677188,16.587595225921923,0.0,0.1,0.02,0.0007757146455828543,71.61725830172747
9677467,16.67843402312875,0.0,0.1,0.02,0.0007236182153057562,72.31246631590051
9677468,16.650069339415946,0.0,0.1,0.02,0.0007395245235019942,72.09503114088774
9677469,16.60518851075645,0.0,0.1,0.02,0.0007653597596491063,71.75164560630805
9677470,16.562461961872604,0.0,0.1,0.02,0.0007907338489552178,71.42549120956798
9677471,16.515426853437447,0.0,0.1,0.02,0.0008195712925628382,71.067291683686
9677472,16.516144946696,0.0,0.1,0.02,0.0008191237614262519,71.07275372675035
9677473,16.516144946696,0.0,0.1,0.02,0.0008191237614262519,71.07275372675035
9677474,16.516144946696,0.0,0.1,0.02,0.0008191237614262519,71.07275372675035
9677475,16.561384821984774,0.0,0.1,0.02,0.0007913835409324073,71.41727826635831
9677754,16.59046759895613,0.0,0.1,0.02,0.0007740151871425263,71.63919062935878
9677755,16.562102915243326,0.0,0.1,0.02,0.0007909503577413269,71.42275351026562
9677756,16.549536283218668,0.0,0.1,0.02,0.0007985630346373267,71.3269665211329
9677757,16.510400200627583,0.0,0.1,0.02,0.0008227103891450262,71.02906315760424
9677758,16.48813930961247,0.0,0.1,0.02,0.0008367470956858129,70.85988688825006
9677759,16.494961195568717,0.0,0.1,0.02,0.000832422014791865,70.91171016423226
9677760,16.515785900066724,0.0,0.1,0.02,0.0008193474985516296,71.07002267943528
9677761,16.515785900066724,0.0,0.1,0.02,0.0008193474985516296,71.07002267943528
9677762,16.55743530906274,0.0,0.1,0.02,0.0007937700000334886,71.38716811182225
9678041,16.549536283218668,0.0,0.1,0.02,0.0007985630346373267,71.3269665211329
9678042,16.549536283218668,0.0,0.1,0.02,0.0007985630346373267,71.3269665211329
9678043,16.516144946696,0.0,0.1,0.02,0.0008191237614262519,71.07275372675035
9678044,16.494961195568717,0.0,0.1,0.02,0.000832422014791865,70.91171016423226
9678045,16.48813930961247,0.0,0.1,0.02,0.0008367470956858129,70.85988688825006
9678046,16.490293589388127,0.0,0.1,0.02,0.0008353790264419563,70.87625012223116
9678047,16.510400200627583,0.0,0.1,0.02,0.0008227103891450262,71.02906315760424
9678048,16.515785900066724,0.0,0.1,0.02,0.0008193474985516296,71.07002267943528
9678049,16.542355350633148,0.0,0.1,0.02,0.0008029437100845252,71.27225945995738
9678050,16.573233360750883,0.0,0.1,0.02,0.0007842641905206354,71.50764616673209
9678328,16.510400200627583,0.0,0.1,0.02,0.0008227103891450262,71.02906315760424
9678329,16.549536283218668,0.0,0.1,0.02,0.0007985630346373267,71.3269665211329
9678330,16.549536283218668,0.0,0.1,0.02,0.0007985630346373267,71.3269665211329
9678331,16.501424034895685,0.0,0.1,0.02,0.0008283437712468353,70.96082307078228
9678332,16.490293589388127,0.0,0.1,0.02,0.0008353790264419563,70.87625012223116
9678333,16.510400200627583,0.0,0.1,0.02,0.0008227103891450262,71.02906315760424
9678334,16.515785900066724,0.0,0.1,0.02,0.0008193474985516296,71.07002267943528
9678335,16.542355350633148,0.0,0.1,0.02,0.0008029437100845252,71.27225945995738
9678336,16.58615903940482,0.0,0.1,0.02,0.0007765656774596251,71.60629337549085
9678337,16.651864572562328,0.0,0.1,0.02,0.00073850821502921,72.1087833211536
9678615,16.501424034895685,0.0,0.1,0.02,0.0008283437712468353,70.96082307078228
9678616,16.562102915243326,0.0,0.1,0.02,0.0007909503577413269,71.42275351026562
9678617,16.562102915243326,0.0,0.1,0.02,0.0007909503577413269,71.42275351026562
9678618,16.549536283218668,0.0,0.1,0.02,0.0007985630346373267,71.3269665211329
9678619,16.501424034895685,0.0,0.1,0.02,0.0008283437712468353,70.96082307078228
9678620,16.534456324789076,0.0,0.1,0.02,0.0008077882895931906,71.21210551606057
9678621,16.545227723667356,0.0,0.1,0.02,0.0008011887618432383,71.29413980926952
9678622,16.58615903940482,0.0,0.1,0.02,0.0007765656774596251,71.60629337549085
9678623,16.625295121995904,0.0,0.1,0.02,0.0007536833261140407,71.90538270068808
9678624,16.685255909084994,0.0,0.1,0.02,0.0007198405088765259,72.36480885941614
9678625,16.742703369769156,0.0,0.1,0.02,0.0006887496817690905,72.80632659538504
9678902,16.584004759629163,0.0,0.1,0.02,0.0007778438558805919,71.58984753310972
9678903,16.60770183716138,0.0,0.1,0.02,0.0007638910452039921,71.77085389957207
9678904,16.60770183716138,0.0,0.1,0.02,0.0007638910452039921,71.77085389957207
9678905,16.598725671429477,0.0,0.1,0.02,0.0007691485413177355,71.70226445450388
9678906,16.58615903940482,0.0,0.1,0.02,0.0007765656774596251,71.60629337549085
9678907,16.58615903940482,0.0,0.1,0.02,0.0007765656774596251,71.60629337549085
9678908,16.603752324239345,0.0,0.1,0.02,0.0007662002056328773,71.74067057317603
9678909,16.674484510206714,0.0,0.1,0.02,0.000725813745724061,72.28217124643145
9678910,16.75491095516454,0.0,0.1,0.02,0.0006823062746756592,72.90031917826309
9678911,16.8482630787763,0.0,0.1,0.02,0.0006348602364913537,73.62105683310762
9678912,16.893502954065074,0.0,0.1,0.02,0.0006129917156315879,73.97159136586615
9679190,16.747370975949742,0.0,0.1,0.02,0.0006862793552624767,72.84225789716652
9679191,16.747370975949742,0.0,0.1,0.02,0.0006862793552624767,72.84225789716652
9679192,16.747370975949742,0.0,0.1,0.02,0.0006862793552624767,72.84225789716652
9679193,16.747370975949742,0.0,0.1,0.02,0.0006862793552624767,72.84225789716652
9679194,16.747370975949742,0.0,0.1,0.02,0.0006862793552624767,72.84225789716652
9679195,16.747370975949742,0.0,0.1,0.02,0.0006862793552624767,72.84225789716652
9679196,16.78076231247241,0.0,0.1,0.02,0.000668846542871467,73.09955907001131
9679197,16.8482630787763,0.0,0.1,0.02,0.0006348602364913537,73.62105683310762
9679198,16.96926179284231,0.0,0.1,0.02,0.0005779385006775872,74.56043095164588
9679199,17.019169274311675,0.0,0.1,0.02,0.0005558792946783532,74.9495938318466
9679200,17.031735906336333,0.0,0.1,0.02,0.0005504501553097659,75.0477415029736
9679478,16.748807162466846,0.0,0.1,0.02,0.0006855209186294371,72.853315435567
9679479,16.747370975949742,0.0,0.1,0.02,0.0006862793552624767,72.84225789716652
9679480,16.747370975949742,0.0,0.1,0.02,0.0006862793552624767,72.84225789716652
9679481,16.747370975949742,0.0,0.1,0.02,0.0006862793552624767,72.84225789716652
9679482,16.747370975949742,0.0,0.1,0.02,0.0006862793552624767,72.84225789716652
9679483,16.78076231247241,0.0,0.1,0.02,0.000668846542871467,73.09955907001131
9679484,16.8482630787763,0.0,0.1,0.02,0.0006348602364913537,73.62105683310762
9679485,16.96926179284231,0.0,0.1,0.02,0.0005779385006775872,74.56043095164588
9679486,17.019169274311675,0.0,0.1,0.02,0.0005558792946783532,74.9495938318466
9679487,17.069435802410315,0.0,0.1,0.02,0.0005344585644968718,75.34256352493173
9679488,17.136577522084927,0.0,0.1,0.02,0.0005070486838465716,75.8690353561702
9679765,16.80769080966811,0.0,0.1,0.02,0.0006550896325949511,73.30738488034848
9679766,16.769631866964854,0.0,0.1,0.02,0.0006746110564943763,73.01374245766948
9679767,16.747370975949742,0.0,0.1,0.02,0.0006862793552624767,72.84225789716652
9679768,16.747370975949742,0.0,0.1,0.02,0.0006862793552624767,72.84225789716652
9679769,16.747370975949742,0.0,0.1,0.02,0.0006862793552624767,72.84225789716652
9679770,16.78076231247241,0.0,0.1,0.02,0.000668846542871467,73.09955907001131
9679771,16.800868923711867,0.0,0.1,0.02,0.0006585495293431026,73.2547082420613
9679772,16.8482630787763,0.0,0.1,0.02,0.0006348602364913537,73.62105683310762
9679773,16.96926179284231,0.0,0.1,0.02,0.0005779385006775872,74.56043095164588
9679774,17.069435802410315,0.0,0.1,0.02,0.0005344585644968718,75.34256352493173
9679775,17.136577522084927,0.0,0.1,0.02,0.0005070486838465716,75.8690353561702
9679776,17.139090848489857,0.0,0.1,0.02,0.000506048629732115,75.88877787104761
9680052,16.98829126419394,0.0,0.1,0.02,0.0005694327159074772,74.70869927961157
9680053,16.769631866964854,0.0,0.1,0.02,0.0006746110564943763,73.01374245766948
9680054,16.747370975949742,0.0,0.1,0.02,0.0006862793552624767,72.84225789716652
9680055,16.715056779314903,0.0,0.1,0.02,0.0007035524413819019,72.59368140645913
9680056,16.572874314121606,0.0,0.1,0.02,0.0007844790492231767,71.50490692045594
9680057,16.421356636567136,0.0,0.1,0.02,0.0008802058658695275,70.35354739363264
9680058,16.401609071956955,0.0,0.1,0.02,0.0008934532829504374,70.2041651018171
9680059,16.401609071956955,0.0,0.1,0.02,0.0008934532829504374,70.2041651018171
9680060,16.406276678137544,0.0,0.1,0.02,0.0008903054457849067,70.23945956605752
9680061,16.71074821976359,0.0,0.1,0.02,0.0007058859035294145,72.56056943262999
9680062,17.069435802410315,0.0,0.1,0.02,0.0005344585644968718,75.34256352493173
9680063,17.136577522084927,0.0,0.1,0.02,0.0005070486838465716,75.8690353561702
9680064,17.188998329959222,0.0,0.1,0.02,0.00048656838315676624,76.2813310474274
9680340,16.80769080966811,0.0,0.1,0.02,0.0006550896325949511,73.30738488034848
9680341,16.727623411339565,0.0,0.1,0.02,0.0006967875214411442,72.69030040965868
9680342,16.572874314121606,0.0,0.1,0.02,0.0007844790492231767,71.50490692045594
9680343,16.429255662411208,0.0,0.1,0.02,0.0008749582398261615,70.41334398658536
9680344,16.37863008768329,0.0,0.1,0.02,0.0009091017991878121,70.03053479751617
9680345,16.326927373067548,0.0,0.1,0.02,0.0009452473806951118,69.64063886215202
9680346,16.326927373067548,0.0,0.1,0.02,0.0009452473806951118,69.64063886215202
9680347,16.326927373067548,0.0,0.1,0.02,0.0009452473806951118,69.64063886215202
9680348,16.401609071956955,0.0,0.1,0.02,0.0008934532829504374,70.2041651018171
9680349,16.50609164107627,0.0,0.1,0.02,0.0008254099471749001,70.99630389379786
9680350,17.083797667581354,0.0,0.1,0.02,0.0005284815720329496,75.45502621695297
9680630,16.40663572476682,0.0,0.1,0.02,0.0008900637322069816,70.24217488580578
9680631,16.37791199442474,0.0,0.1,0.02,0.0009095948972884208,70.02511225384909
9680632,16.314360741042886,0.0,0.1,0.02,0.0009542323126220327,69.54603401881917
9680633,16.314360741042886,0.0,0.1,0.02,0.0009542323126220327,69.54603401881917
9680634,16.26373516631497,0.0,0.1,0.02,0.0009912387366717548,69.165551478321
9680918,16.37791199442474,0.0,0.1,0.02,0.0009095948972884208,70.02511225384909
9680919,16.314360741042886,0.0,0.1,0.02,0.0009542323126220327,69.54603401881917
9680920,16.26373516631497,0.0,0.1,0.02,0.0009912387366717548,69.165551478321
9758118,16.662635971440608,0.0,0.1,0.02,0.0007324376446318563,72.1913234747899
9758119,16.64360650008898,0.0,0.1,0.02,0.0007431940349964415,72.04553396604979
9758120,16.64360650008898,0.0,0.1,0.02,0.0007431940349964415,72.04553396604979
9758121,16.62673130851301,0.0,0.1,0.02,0.0007528556781924201,71.91637010961034
9758403,16.75742428156947,0.0,0.1,0.02,0.0006809866883555621,72.91967799207629
9758404,16.706080613583,0.0,0.1,0.02,0.0007084219616943644,72.52470650708976
9758405,16.660840738294226,0.0,0.1,0.02,0.0007334461663145358,72.17756355965511
9758406,16.64360650008898,0.0,0.1,0.02,0.0007431940349964415,72.04553396604979
9758407,16.6238589354788,0.0,0.1,0.02,0.0007545118216548394,71.89439611681847
9758408,16.6238589354788,0.0,0.1,0.02,0.0007545118216548394,71.89439611681847
9758409,16.62673130851301,0.0,0.1,0.02,0.0007528556781924201,71.91637010961034
9758689,16.82492504787336,0.0,0.1,0.02,0.0006464242331104302,73.44054562118465
9758690,16.75742428156947,0.0,0.1,0.02,0.0006809866883555621,72.91967799207629
9758691,16.67843402312875,0.0,0.1,0.02,0.0007236182153057562,72.31246631590051
9758692,16.660840738294226,0.0,0.1,0.02,0.0007334461663145358,72.17756355965511
9758693,16.64360650008898,0.0,0.1,0.02,0.0007431940349964415,72.04553396604979
9758694,16.64360650008898,0.0,0.1,0.02,0.0007431940349964415,72.04553396604979
9758695,16.619909422556763,0.0,0.1,0.02,0.0007567945614209718,71.86418726535497
9758696,16.624577028737352,0.0,0.1,0.02,0.0007540974678823723,71.89988930562168
9758976,16.781839452360238,0.0,0.1,0.02,0.0006682911317949183,73.10786653331914
9758977,16.68094734953368,0.0,0.1,0.02,0.0007222242841010721,72.33174824511663
9758978,16.660840738294226,0.0,0.1,0.02,0.0007334461663145358,72.17756355965511
9758979,16.65617313211364,0.0,0.1,0.02,0.0007360743823618685,72.14179381350249
9758980,16.64360650008898,0.0,0.1,0.02,0.0007431940349964415,72.04553396604979
9758981,16.618832282668937,0.0,0.1,0.02,0.0007574182425320214,71.85594957056477
9758982,16.619909422556763,0.0,0.1,0.02,0.0007567945614209718,71.86418726535497
9758983,16.619909422556763,0.0,0.1,0.02,0.0007567945614209718,71.86418726535497
9759262,16.78076231247241,0.0,0.1,0.02,0.000668846542871467,73.09955907001131
9759263,16.730495784373772,0.0,0.1,0.02,0.0006952497932284056,72.7123936225635
9759264,16.67843402312875,0.0,0.1,0.02,0.0007236182153057562,72.31246631590051
9759265,16.65617313211364,0.0,0.1,0.02,0.0007360743823618685,72.14179381350249
9759266,16.6238589354788,0.0,0.1,0.02,0.0007545118216548394,71.89439611681847
9759267,16.619909422556763,0.0,0.1,0.02,0.0007567945614209718,71.86418726535497
9759268,16.60518851075645,0.0,0.1,0.02,0.0007653597596491063,71.75164560630805
9759269,16.618832282668937,0.0,0.1,0.02,0.0007574182425320214,71.85594957056477
9759270,16.607342790532105,0.0,0.1,0.02,0.0007641007006897782,71.76810970297983
9759549,16.69459112144617,0.0,0.1,0.02,0.0007147007985693036,72.43646566390002
9759550,16.673766416948162,0.0,0.1,0.02,0.0007262135994933721,72.27666372233784
9759551,16.627090355142283,0.0,0.1,0.02,0.0007526488985594155,71.91911709075539
9759552,16.60518851075645,0.0,0.1,0.02,0.0007653597596491063,71.75164560630805
9759553,16.561384821984774,0.0,0.1,0.02,0.0007913835409324073,71.41727826635831
9759554,16.55743530906274,0.0,0.1,0.02,0.0007937700000334886,71.38716811182225
9759555,16.561384821984774,0.0,0.1,0.02,0.0007913835409324073,71.41727826635831
9759556,16.561384821984774,0.0,0.1,0.02,0.0007913835409324073,71.41727826635831
9759557,16.607342790532105,0.0,0.1,0.02,0.0007641007006897782,71.76810970297983
9759558,16.569283847828846,0.0,0.1,0.02,0.0007866306532864058,71.47751729381322
9759836,16.601598044463685,0.0,0.1,0.02,0.0007674624866356259,71.72420957045178
9759837,16.5969304382831,0.0,0.1,0.02,0.0007702040769035144,71.68855043292471
9759838,16.562461961872604,0.0,0.1,0.02,0.0007907338489552178,71.42549120956798
9759839,16.52404397254007,0.0,0.1,0.02,0.0008142159100408297,71.13284981382763
9759840,16.513990666920343,0.0,0.1,0.02,0.0008204670377305692,71.05636821634678
9759841,16.515067806808172,0.0,0.1,0.02,0.0008197951434731003,71.06456073950251
9759842,16.515785900066724,0.0,0.1,0.02,0.0008193474985516296,71.07002267943528
9759843,16.515785900066724,0.0,0.1,0.02,0.0008193474985516296,71.07002267943528
9759844,16.561384821984774,0.0,0.1,0.02,0.0007913835409324073,71.41727826635831
9759845,16.561384821984774,0.0,0.1,0.02,0.0007913835409324073,71.41727826635831
9760123,16.508245920851927,0.0,0.1,0.02,0.0008240591392039092,71.01268259751677
9760124,16.508245920851927,0.0,0.1,0.02,0.0008240591392039092,71.01268259751677
9760125,16.508245920851927,0.0,0.1,0.02,0.0008240591392039092,71.01268259751677
9760126,16.487780262983193,0.0,0.1,0.02,0.0008369753098418809,70.85715986306683
9760127,16.483112656802607,0.0,0.1,0.02,0.0008399473700289985,70.82171322817187
9760128,16.483112656802607,0.0,0.1,0.02,0.0008399473700289985,70.82171322817187
9760129,16.513990666920343,0.0,0.1,0.02,0.0008204670377305692,71.05636821634678
9760130,16.515785900066724,0.0,0.1,0.02,0.0008193474985516296,71.07002267943528
9760131,16.55743530906274,0.0,0.1,0.02,0.0007937700000334886,71.38716811182225
9760132,16.55743530906274,0.0,0.1,0.02,0.0007937700000334886,71.38716811182225
9760410,16.48993454275885,0.0,0.1,0.02,0.0008356068933244604,70.87352278765316
9760411,16.48993454275885,0.0,0.1,0.02,0.0008356068933244604,70.87352278765316
9760412,16.48993454275885,0.0,0.1,0.02,0.0008356068933244604,70.87352278765316
9760413,16.483112656802607,0.0,0.1,0.02,0.0008399473700289985,70.82171322817187
9760414,16.474136491070706,0.0,0.1,0.02,0.0008456904939968085,70.7535711163562
9760415,16.483112656802607,0.0,0.1,0.02,0.0008399473700289985,70.82171322817187
9760416,16.487780262983193,0.0,0.1,0.02,0.0008369753098418809,70.85715986306683
9760417,16.515785900066724,0.0,0.1,0.02,0.0008193474985516296,71.07002267943528
9760418,16.542355350633148,0.0,0.1,0.02,0.0008029437100845252,71.27225945995738
9760419,16.562821008501878,0.0,0.1,0.02,0.0007905173953582277,71.42822896043612
9760420,16.59226283210251,0.0,0.1,0.02,0.0007729547872963195,71.65290001001658
9760697,16.46192890567532,0.0,0.1,0.02,0.0008535597976663099,70.66094956477706
9760698,16.48993454275885,0.0,0.1,0.02,0.0008356068933244604,70.87352278765316
9760699,16.49567928882727,0.0,0.1,0.02,0.000831967955524294,70.91716632879626
9760700,16.47629077084636,0.0,0.1,0.02,0.0008443088212035299,70.76992228394175
9760701,16.474136491070706,0.0,0.1,0.02,0.0008456904939968085,70.7535711163562
9760702,16.483112656802607,0.0,0.1,0.02,0.0008399473700289985,70.82171322817187
9760703,16.48813930961247,0.0,0.1,0.02,0.0008367470956858129,70.85988688825006
9760704,16.542355350633148,0.0,0.1,0.02,0.0008029437100845252,71.27225945995738
9760705,16.58615903940482,0.0,0.1,0.02,0.0007765656774596251,71.60629337549085
9760706,16.625295121995904,0.0,0.1,0.02,0.0007536833261140407,71.90538270068808
9760707,16.625295121995904,0.0,0.1,0.02,0.0007536833261140407,71.90538270068808
9760984,16.48993454275885,0.0,0.1,0.02,0.0008356068933244604,70.87352278765316
9760985,16.508245920851927,0.0,0.1,0.02,0.0008240591392039092,71.01268259751677
9760986,16.508245920851927,0.0,0.1,0.02,0.0008240591392039092,71.01268259751677
9760987,16.48993454275885,0.0,0.1,0.02,0.0008356068933244604,70.87352278765316
9760988,16.48813930961247,0.0,0.1,0.02,0.0008367470956858129,70.85988688825006
9760989,16.515785900066724,0.0,0.1,0.02,0.0008193474985516296,71.07002267943528
9760990,16.542355350633148,0.0,0.1,0.02,0.0008029437100845252,71.27225945995738
9760991,16.58615903940482,0.0,0.1,0.02,0.0007765656774596251,71.60629337549085
9760992,16.625295121995904,0.0,0.1,0.02,0.0007536833261140407,71.90538270068808
9760993,16.742703369769156,0.0,0.1,0.02,0.0006887496817690905,72.80632659538504
9760994,16.7495252557254,0.0,0.1,0.02,0.000685141993490672,72.858844514162
9761271,16.549536283218668,0.0,0.1,0.02,0.0007985630346373267,71.3269665211329
9761272,16.60770183716138,0.0,0.1,0.02,0.0007638910452039921,71.77085389957207
9761273,16.60770183716138,0.0,0.1,0.02,0.0007638910452039921,71.77085389957207
9761274,16.598725671429477,0.0,0.1,0.02,0.0007691485413177355,71.70226445450388
9761275,16.58615903940482,0.0,0.1,0.02,0.0007765656774596251,71.60629337549085
9761276,16.58615903940482,0.0,0.1,0.02,0.0007765656774596251,71.60629337549085
9761277,16.604470417497897,0.0,0.1,0.02,0.000765779875239572,71.74615798661046
9761278,16.674484510206714,0.0,0.1,0.02,0.000725813745724061,72.28217124643145
9761279,16.773940426516166,0.0,0.1,0.02,0.0006723741568913507,73.04695591297883
9761280,16.8482630787763,0.0,0.1,0.02,0.0006348602364913537,73.62105683310762
9761281,16.888117254625936,0.0,0.1,0.02,0.0006155577358428432,73.92981813582479
9761559,16.73875385684712,0.0,0.1,0.02,0.0006908464318895848,72.77592999286998
9761560,16.71721105909056,0.0,0.1,0.02,0.0007023884089859824,72.6102401779265
9761561,16.71721105909056,0.0,0.1,0.02,0.0007023884089859824,72.6102401779265
9761562,16.71721105909056,0.0,0.1,0.02,0.0007023884089859824,72.6102401779265
9761563,16.71721105909056,0.0,0.1,0.02,0.0007023884089859824,72.6102401779265
9761564,16.71721105909056,0.0,0.1,0.02,0.0007023884089859824,72.6102401779265
9761565,16.773940426516166,0.0,0.1,0.02,0.0006723741568913507,73.04695591297883
9761566,16.8482630787763,0.0,0.1,0.02,0.0006348602364913537,73.62105683310762
9761567,16.89673437372856,0.0,0.1,0.02,0.0006114569002700597,73.99666087299661
9761568,17.001216942847876,0.0,0.1,0.02,0.0005637220511556749,74.80949245040341
9761847,16.73875385684712,0.0,0.1,0.02,0.0006908464318895848,72.77592999286998
9761848,16.73875385684712,0.0,0.1,0.02,0.0006908464318895848,72.77592999286998
9761849,16.71721105909056,0.0,0.1,0.02,0.0007023884089859824,72.6102401779265
9761850,16.71721105909056,0.0,0.1,0.02,0.0007023884089859824,72.6102401779265
9761851,16.71721105909056,0.0,0.1,0.02,0.0007023884089859824,72.6102401779265
9761852,16.773940426516166,0.0,0.1,0.02,0.0006723741568913507,73.04695591297883
9761853,16.8482630787763,0.0,0.1,0.02,0.0006348602364913537,73.62105683310762
9761854,16.89673437372856,0.0,0.1,0.02,0.0006114569002700597,73.99666087299661
9761855,17.001216942847876,0.0,0.1,0.02,0.0005637220511556749,74.80949245040341
9761856,17.019169274311675,0.0,0.1,0.02,0.0005558792946783532,74.9495938318466
9762135,16.73875385684712,0.0,0.1,0.02,0.0006908464318895848,72.77592999286998
9762136,16.73875385684712,0.0,0.1,0.02,0.0006908464318895848,72.77592999286998
9762137,16.71721105909056,0.0,0.1,0.02,0.0007023884089859824,72.6102401779265
9762138,16.71721105909056,0.0,0.1,0.02,0.0007023884089859824,72.6102401779265
9762139,16.769631866964854,0.0,0.1,0.02,0.0006746110564943763,73.01374245766948
9762140,16.800868923711867,0.0,0.1,0.02,0.0006585495293431026,73.2547082420613
9762141,16.8482630787763,0.0,0.1,0.02,0.0006348602364913537,73.62105683310762
9762142,16.89673437372856,0.0,0.1,0.02,0.0006114569002700597,73.99666087299661
9762143,17.001216942847876,0.0,0.1,0.02,0.0005637220511556749,74.80949245040341
9762423,16.71721105909056,0.0,0.1,0.02,0.0007023884089859824,72.6102401779265
9762424,16.646837919752464,0.0,0.1,0.02,0.0007413571636958222,72.07028046505417
9762425,16.393710046112883,0.0,0.1,0.02,0.0008988039830602264,70.14445586131738
9762426,16.343802564643518,0.0,0.1,0.02,0.000933305565739256,69.76777901905312
9762427,16.314360741042886,0.0,0.1,0.02,0.0009542323126220327,69.54603401881917
9762428,16.314360741042886,0.0,0.1,0.02,0.0009542323126220327,69.54603401881917
9762429,16.326927373067548,0.0,0.1,0.02,0.0009452473806951118,69.64063886215202
9762430,16.599084718058755,0.0,0.1,0.02,0.0007689375959573899,71.70500741351711
9762431,16.873037296196344,0.0,0.1,0.02,0.0006227960367675998,73.81291481596291
9762711,16.393710046112883,0.0,0.1,0.02,0.0008988039830602264,70.14445586131738
9762712,16.343802564643518,0.0,0.1,0.02,0.000933305565739256,69.76777901905312
9762713,16.302153155647503,0.0,0.1,0.02,0.0009630364795138537,69.45419265768507
9762714,16.26373516631497,0.0,0.1,0.02,0.0009912387366717548,69.165551478321
9762715,16.26373516631497,0.0,0.1,0.02,0.0009912387366717548,69.165551478321
9762716,16.26373516631497,0.0,0.1,0.02,0.0009912387366717548,69.165551478321
9762717,16.317951207335646,0.0,0.1,0.02,0.0009516571231242227,69.57305752833302
9762718,16.50537354781772,0.0,0.1,0.02,0.0008258606743085585,70.99084473841789
9762999,16.343802564643518,0.0,0.1,0.02,0.000933305565739256,69.76777901905312
9763000,16.275942751710357,0.0,0.1,0.02,0.0009821951676360513,69.25720524310094
9763001,16.262298979797865,0.0,0.1,0.02,0.0009923077567378022,69.15477260146481
9763002,16.248655207885378,0.0,0.1,0.02,0.0010025169992360758,69.0524144208335
9763003,16.198747726416016,0.0,0.1,0.02,0.0010406983188519737,68.67863330722963
9763004,16.26373516631497,0.0,0.1,0.02,0.0009912387366717548,69.165551478321
9763005,16.29784459609619,0.0,0.1,0.02,0.0009661618133076957,69.42179229179655
9763287,16.262298979797865,0.0,0.1,0.02,0.0009923077567378022,69.15477260146481
9763288,16.248655207885378,0.0,0.1,0.02,0.0010025169992360758,69.0524144208335
9763289,16.187976327537736,0.0,0.1,0.02,0.0010491141008953434,68.59809184372217
9763290,16.1840268146157,0.0,0.1,0.02,0.001052215686821691,68.5685716018557
9763291,16.134119333146334,0.0,0.1,0.02,0.0010921488882100878,68.1960806643876
9840486,16.707516800100105,0.0,0.1,0.02,0.0007076407328615927,72.53574032522556
9840487,16.64073412705477,0.0,0.1,0.02,0.0007448303687587348,72.02354058451984
9840488,16.615241816376177,0.0,0.1,0.02,0.000759500639467157,71.82849393970727
9840772,16.713979639427077,0.0,0.1,0.02,0.0007041351317718993,72.58540271686365
9840773,16.662635971440608,0.0,0.1,0.02,0.0007324376446318563,72.1913234747899
9840774,16.62744940177156,0.0,0.1,0.02,0.0007524421718405557,71.92186412346624
9840775,16.615241816376177,0.0,0.1,0.02,0.000759500639467157,71.82849393970727
9840776,16.615241816376177,0.0,0.1,0.02,0.000759500639467157,71.82849393970727
9841058,16.79081561809214,0.0,0.1,0.02,0.0006636794080896989,73.17711344224551
9841059,16.713979639427077,0.0,0.1,0.02,0.0007041351317718993,72.58540271686365
9841060,16.65617313211364,0.0,0.1,0.02,0.0007360743823618685,72.14179381350249
9841061,16.6328351012107,0.0,0.1,0.02,0.0007493476123280671,71.96307580202404
9841062,16.619909422556763,0.0,0.1,0.02,0.0007567945614209718,71.86418726535497
9841063,16.615241816376177,0.0,0.1,0.02,0.000759500639467157,71.82849393970727
9841064,16.60518851075645,0.0,0.1,0.02,0.0007653597596491063,71.75164560630805
9841344,16.79081561809214,0.0,0.1,0.02,0.0006636794080896989,73.17711344224551
9841345,16.744857649544812,0.0,0.1,0.02,0.0006876085025227246,72.8229091902487
9841346,16.65617313211364,0.0,0.1,0.02,0.0007360743823618685,72.14179381350249
9841347,16.6328351012107,0.0,0.1,0.02,0.0007493476123280671,71.96307580202404
9841348,16.6238589354788,0.0,0.1,0.02,0.0007545118216548394,71.89439611681847
9841349,16.619909422556763,0.0,0.1,0.02,0.0007567945614209718,71.86418726535497
9841350,16.602675184351515,0.0,0.1,0.02,0.0007668311041981421,71.73243983976784
9841351,16.60518851075645,0.0,0.1,0.02,0.0007653597596491063,71.75164560630805
9841352,16.6148827697469,0.0,0.1,0.02,0.0007597091722414781,71.82574866023339
9841631,16.744857649544812,0.0,0.1,0.02,0.0006876085025227246,72.8229091902487
9841632,16.646478873123186,0.0,0.1,0.02,0.0007415610513999615,72.0675306477905
9841633,16.646478873123186,0.0,0.1,0.02,0.0007415610513999615,72.0675306477905
9841634,16.60518851075645,0.0,0.1,0.02,0.0007653597596491063,71.75164560630805
9841635,16.60518851075645,0.0,0.1,0.02,0.0007653597596491063,71.75164560630805
9841636,16.590108552326853,0.0,0.1,0.02,0.0007742274296395851,71.63644890792457
9841637,16.561384821984774,0.0,0.1,0.02,0.0007913835409324073,71.41727826635831
9841638,16.599802811317307,0.0,0.1,0.02,0.000768515866892635,71.71049348624089
9841639,16.599802811317307,0.0,0.1,0.02,0.000768515866892635,71.71049348624089
9841917,16.713979639427077,0.0,0.1,0.02,0.0007041351317718993,72.58540271686365
9841918,16.646478873123186,0.0,0.1,0.02,0.0007415610513999615,72.0675306477905
9841919,16.619909422556763,0.0,0.1,0.02,0.0007567945614209718,71.86418726535497
9841920,16.619909422556763,0.0,0.1,0.02,0.0007567945614209718,71.86418726535497
9841921,16.562461961872604,0.0,0.1,0.02,0.0007907338489552178,71.42549120956798
9841922,16.52799348546211,0.0,0.1,0.02,0.000811772262813296,71.16290721655768
9841923,16.52799348546211,0.0,0.1,0.02,0.000811772262813296,71.16290721655768
9841924,16.542714397262422,0.0,0.1,0.02,0.0008027241459906497,71.2749943231411
9841925,16.561384821984774,0.0,0.1,0.02,0.0007913835409324073,71.41727826635831
9841926,16.59944376468803,0.0,0.1,0.02,0.0007687267044865598,71.70775042409609
9842204,16.518658273100932,0.0,0.1,0.02,0.0008175591932410896,71.09187250179812
9842205,16.562461961872604,0.0,0.1,0.02,0.0007907338489552178,71.42549120956798
9842206,16.516503993325276,0.0,0.1,0.02,0.0008189000811734726,71.07548482563124
9842207,16.510400200627583,0.0,0.1,0.02,0.0008227103891450262,71.02906315760424
9842208,16.49926975512003,0.0,0.1,0.02,0.0008297011148998866,70.94445024556373
9842209,16.496756428715095,0.0,0.1,0.02,0.000831287298821168,70.92535096238566
9842210,16.483112656802607,0.0,0.1,0.02,0.0008399473700289985,70.82171322817187
9842211,16.515785900066724,0.0,0.1,0.02,0.0008193474985516296,71.07002267943528
9842212,16.515785900066724,0.0,0.1,0.02,0.0008193474985516296,71.07002267943528
9842213,16.561384821984774,0.0,0.1,0.02,0.0007913835409324073,71.41727826635831
9842491,16.47305935118288,0.0,0.1,0.02,0.0008463821191340774,70.74539622870162
9842492,16.47305935118288,0.0,0.1,0.02,0.0008463821191340774,70.74539622870162
9842493,16.47305935118288,0.0,0.1,0.02,0.0008463821191340774,70.74539622870162
9842494,16.47305935118288,0.0,0.1,0.02,0.0008463821191340774,70.74539622870162
9842495,16.47305935118288,0.0,0.1,0.02,0.0008463821191340774,70.74539622870162
9842496,16.45223464668487,0.0,0.1,0.02,0.0008598574295436804,70.58743962060049
9842497,16.459056532641114,0.0,0.1,0.02,0.0008554212740743735,70.63916492157634
9842498,16.47629077084636,0.0,0.1,0.02,0.0008443088212035299,70.76992228394175
9842499,16.515067806808172,0.0,0.1,0.02,0.0008197951434731003,71.06456073950251
9842500,16.52799348546211,0.0,0.1,0.02,0.000811772262813296,71.16290721655768
9842779,16.47305935118288,0.0,0.1,0.02,0.0008463821191340774,70.74539622870162
9842780,16.47305935118288,0.0,0.1,0.02,0.0008463821191340774,70.74539622870162
9842781,16.47305935118288,0.0,0.1,0.02,0.0008463821191340774,70.74539622870162
9842782,16.44074515454804,0.0,0.1,0.02,0.0008673772625973551,70.50036540190702
9842783,16.43607754836745,0.0,0.1,0.02,0.0008704496346755452,70.46500658355717
9842784,16.436795641626002,0.0,0.1,0.02,0.0008699763040122409,70.47044583454111
9842785,16.45223464668487,0.0,0.1,0.02,0.0008598574295436804,70.58743962060049
9842786,16.47629077084636,0.0,0.1,0.02,0.0008443088212035299,70.76992228394175
9842787,16.515785900066724,0.0,0.1,0.02,0.0008193474985516296,71.07002267943528
9842788,16.53948297759894,0.0,0.1,0.02,0.0008047022368490967,71.25038241085596
9843066,16.45402987983125,0.0,0.1,0.02,0.0008586879495826081,70.60104973710716
9843067,16.47305935118288,0.0,0.1,0.02,0.0008463821191340774,70.74539622870162
9843068,16.47305935118288,0.0,0.1,0.02,0.0008463821191340774,70.74539622870162
9843069,16.45223464668487,0.0,0.1,0.02,0.0008598574295436804,70.58743962060049
9843070,16.43607754836745,0.0,0.1,0.02,0.0008704496346755452,70.46500658355717
9843071,16.436795641626002,0.0,0.1,0.02,0.0008699763040122409,70.47044583454111
9843072,16.45223464668487,0.0,0.1,0.02,0.0008598574295436804,70.58743962060049
9843073,16.47629077084636,0.0,0.1,0.02,0.0008443088212035299,70.76992228394175
9843074,16.58615903940482,0.0,0.1,0.02,0.0007765656774596251,71.60629337549085
9843075,16.61308753660052,0.0,0.1,0.02,0.0007607526364233358,71.81202303635084
9843076,16.625295121995904,0.0,0.1,0.02,0.0007536833261140407,71.90538270068808
9843353,16.47305935118288,0.0,0.1,0.02,0.0008463821191340774,70.74539622870162
9843354,16.47305935118288,0.0,0.1,0.02,0.0008463821191340774,70.74539622870162
9843355,16.47305935118288,0.0,0.1,0.02,0.0008463821191340774,70.74539622870162
9843356,16.47305935118288,0.0,0.1,0.02,0.0008463821191340774,70.74539622870162
9843357,16.43607754836745,0.0,0.1,0.02,0.0008704496346755452,70.46500658355717
9843358,16.441104201177314,0.0,0.1,0.02,0.0008671413446466411,70.50308567197138
9843359,16.512195433773964,0.0,0.1,0.02,0.0008215880007096833,71.04271504240312
9843360,16.58615903940482,0.0,0.1,0.02,0.0007765656774596251,71.60629337549085
9843361,16.61308753660052,0.0,0.1,0.02,0.0007607526364233358,71.81202303635084
9843362,16.674484510206714,0.0,0.1,0.02,0.000725813745724061,72.28217124643145
9843363,16.7495252557254,0.0,0.1,0.02,0.000685141993490672,72.858844514162
9843640,16.53481537141835,0.0,0.1,0.02,0.000807567492368541,71.21483924479686
9843641,16.5430734438917,0.0,0.1,0.02,0.0008025046377981587,71.27772923789065
9843642,16.53481537141835,0.0,0.1,0.02,0.000807567492368541,71.21483924479686
9843643,16.53481537141835,0.0,0.1,0.02,0.000807567492368541,71.21483924479686
9843644,16.53481537141835,0.0,0.1,0.02,0.000807567492368541,71.21483924479686
9843645,16.541637257374596,0.0,0.1,0.02,0.0008033830060285434,71.26678988828726
9843646,16.604470417497897,0.0,0.1,0.02,0.000765779875239572,71.74615798661046
9843647,16.674484510206714,0.0,0.1,0.02,0.000725813745724061,72.28217124643145
9843648,16.78722515179938,0.0,0.1,0.02,0.0006655205236743275,73.14941081124051
9843649,16.817744115287837,0.0,0.1,0.02,0.000650021737013343,73.38504754074758
9843650,16.871242063049962,0.0,0.1,0.02,0.000623663011399957,73.79900381305524
9843927,16.711107266392865,0.0,0.1,0.02,0.0007056911731175688,72.56332848017055
9843928,16.70536252032445,0.0,0.1,0.02,0.0007088128775469968,72.51918990741662
9843929,16.70536252032445,0.0,0.1,0.02,0.0007088128775469968,72.51918990741662
9843930,16.70536252032445,0.0,0.1,0.02,0.0007088128775469968,72.51918990741662
9843931,16.70536252032445,0.0,0.1,0.02,0.0007088128775469968,72.51918990741662
9843932,16.70536252032445,0.0,0.1,0.02,0.0007088128775469968,72.51918990741662
9843933,16.73875385684712,0.0,0.1,0.02,0.0006908464318895848,72.77592999286998
9843934,16.800868923711867,0.0,0.1,0.02,0.0006585495293431026,73.2547082420613
9843935,16.817744115287837,0.0,0.1,0.02,0.000650021737013343,73.38504754074758
9843936,16.871242063049962,0.0,0.1,0.02,0.000623663011399957,73.79900381305524
9843937,16.97572463216928,0.0,0.1,0.02,0.0005750365241279626,74.61076998961704
9843938,16.977160818686382,0.0,0.1,0.02,0.0005743934915626406,74.6219587113944
9843939,17.001216942847876,0.0,0.1,0.02,0.0005637220511556749,74.80949245040341
9843940,16.95777230070548,0.0,0.1,0.02,0.000583131372565142,74.47098058122029
9844214,16.800868923711867,0.0,0.1,0.02,0.0006585495293431026,73.2547082420613
9844215,16.711107266392865,0.0,0.1,0.02,0.0007056911731175688,72.56332848017055
9844216,16.711107266392865,0.0,0.1,0.02,0.0007056911731175688,72.56332848017055
9844217,16.70536252032445,0.0,0.1,0.02,0.0007088128775469968,72.51918990741662
9844218,16.70536252032445,0.0,0.1,0.02,0.0007088128775469968,72.51918990741662
9844219,16.70536252032445,0.0,0.1,0.02,0.0007088128775469968,72.51918990741662
9844220,16.73875385684712,0.0,0.1,0.02,0.0006908464318895848,72.77592999286998
9844221,16.800868923711867,0.0,0.1,0.02,0.0006585495293431026,73.2547082420613
9844222,16.81307650910725,0.0,0.1,0.02,0.0006523701222547805,73.34898484932607
9844223,16.870883016420688,0.0,0.1,0.02,0.0006238365414486604,73.79622176717109
9844224,16.97572463216928,0.0,0.1,0.02,0.0005750365241279626,74.61076998961704
9844225,16.97572463216928,0.0,0.1,0.02,0.0005750365241279626,74.61076998961704
9844226,17.001216942847876,0.0,0.1,0.02,0.0005637220511556749,74.80949245040341
9844227,16.977160818686382,0.0,0.1,0.02,0.0005743934915626406,74.6219587113944
9844228,16.95777230070548,0.0,0.1,0.02,0.000583131372565142,74.47098058122029
9844502,16.800868923711867,0.0,0.1,0.02,0.0006585495293431026,73.2547082420613
9844503,16.73875385684712,0.0,0.1,0.02,0.0006908464318895848,72.77592999286998
9844504,16.711107266392865,0.0,0.1,0.02,0.0007056911731175688,72.56332848017055
9844505,16.70536252032445,0.0,0.1,0.02,0.0007088128775469968,72.51918990741662
9844506,16.70536252032445,0.0,0.1,0.02,0.0007088128775469968,72.51918990741662
9844507,16.73875385684712,0.0,0.1,0.02,0.0006908464318895848,72.77592999286998
9844508,16.769631866964854,0.0,0.1,0.02,0.0006746110564943763,73.01374245766948
9844509,16.809845089443765,0.0,0.1,0.02,0.0006540005617475012,73.32402347566311
9844510,16.817744115287837,0.0,0.1,0.02,0.000650021737013343,73.38504754074758
9844511,16.871242063049962,0.0,0.1,0.02,0.000623663011399957,73.79900381305524
9844512,16.97572463216928,0.0,0.1,0.02,0.0005750365241279626,74.61076998961704
9844513,17.001216942847876,0.0,0.1,0.02,0.0005637220511556749,74.80949245040341
9844514,17.025273067009365,0.0,0.1,0.02,0.0005532360650292893,74.99725766825627
9844515,17.03568541925837,0.0,0.1,0.02,0.0005487541143071864,75.07860096004482
9844790,16.73875385684712,0.0,0.1,0.02,0.0006908464318895848,72.77592999286998
9844791,16.701413007402415,0.0,0.1,0.02,0.0007109665116535926,72.48885229616855
9844792,16.687051142231375,0.0,0.1,0.02,0.0007188494352742679,72.37858630692047
9844793,16.52440301916935,0.0,0.1,0.02,0.0008139934776444866,71.13558204715596
9844794,16.33733972531655,0.0,0.1,0.02,0.0009378623589919631,69.7190735853978
9844795,16.314360741042886,0.0,0.1,0.02,0.0009542323126220327,69.54603401881917
9844796,16.302153155647503,0.0,0.1,0.02,0.0009630364795138537,69.45419265768507
9844797,16.302153155647503,0.0,0.1,0.02,0.0009630364795138537,69.45419265768507
9844798,16.317951207335646,0.0,0.1,0.02,0.0009516571231242227,69.57305752833302
9844799,16.50537354781772,0.0,0.1,0.02,0.0008258606743085585,70.99084473841789
9844800,16.800868923711867,0.0,0.1,0.02,0.0006585495293431026,73.2547082420613
9844801,16.813435555736525,0.0,0.1,0.02,0.0006521891965903757,73.35175859311757
9844802,17.025273067009365,0.0,0.1,0.02,0.0005532360650292893,74.99725766825627
9845078,16.701413007402415,0.0,0.1,0.02,0.0007109665116535926,72.48885229616855
9845079,16.52440301916935,0.0,0.1,0.02,0.0008139934776444866,71.13558204715596
9845080,16.33733972531655,0.0,0.1,0.02,0.0009378623589919631,69.7190735853978
9845081,16.314360741042886,0.0,0.1,0.02,0.0009542323126220327,69.54603401881917
9845082,16.26373516631497,0.0,0.1,0.02,0.0009912387366717548,69.165551478321
9845083,16.262298979797865,0.0,0.1,0.02,0.0009923077567378022,69.15477260146481
9845084,16.215263871362712,0.0,0.1,0.02,0.0010279157860447993,68.80222035494688
9845085,16.26373516631497,0.0,0.1,0.02,0.0009912387366717548,69.165551478321
9845086,16.302153155647503,0.0,0.1,0.02,0.0009630364795138537,69.45419265768507
9845087,16.457979392753288,0.0,0.1,0.02,0.0008561203010210442,70.63099653121166
9845088,16.800868923711867,0.0,0.1,0.02,0.0006585495293431026,73.2547082420613
9845368,16.267684679237007,0.0,0.1,0.02,0.0009883044455778812,69.1951976438535
9845369,16.262298979797865,0.0,0.1,0.02,0.0009923077567378022,69.15477260146481
9845370,16.187976327537736,0.0,0.1,0.02,0.0010491141008953434,68.59809184372217
9845371,16.1750506488838,0.0,0.1,0.02,0.0010592964318538707,68.50150334767505
9845372,16.1750506488838,0.0,0.1,0.02,0.0010592964318538707,68.50150334767505
9845373,16.232857156197234,0.0,0.1,0.02,0.0010144600842769984,68.93398744689799
9845374,16.317951207335646,0.0,0.1,0.02,0.0009516571231242227,69.57305752833302
9845656,16.187976327537736,0.0,0.1,0.02,0.0010491141008953434,68.59809184372217
9845657,16.1750506488838,0.0,0.1,0.02,0.0010592964318538707,68.50150334767505
9845658,16.1750506488838,0.0,0.1,0.02,0.0010592964318538707,68.50150334767505
9845659,16.134119333146334,0.0,0.1,0.02,0.0010921488882100878,68.1960806643876
9845660,16.134119333146334,0.0,0.1,0.02,0.0010921488882100878,68.1960806643876
9922855,16.707516800100105,0.0,0.1,0.02,0.0007076407328615927,72.53574032522556
9922856,16.6238589354788,0.0,0.1,0.02,0.0007545118216548394,71.89439611681847
9922857,16.615241816376177,0.0,0.1,0.02,0.000759500639467157,71.82849393970727
9923141,16.713261546168525,0.0,0.1,0.02,0.0007045238419486908,72.57988384829562
9923142,16.64360650008898,0.0,0.1,0.02,0.0007431940349964415,72.04553396604979
9923143,16.6238589354788,0.0,0.1,0.02,0.0007545118216548394,71.89439611681847
9923144,16.602675184351515,0.0,0.1,0.02,0.0007668311041981421,71.73243983976784
9923145,16.576823827043643,0.0,0.1,0.02,0.0007821186156058069,71.53504146561201
9923427,16.781839452360238,0.0,0.1,0.02,0.0006682911317949183,73.10786653331914
9923428,16.657250272001466,0.0,0.1,0.02,0.0007354670931722517,72.15004759682004
9923429,16.62744940177156,0.0,0.1,0.02,0.0007524421718405557,71.92186412346624
9923430,16.6238589354788,0.0,0.1,0.02,0.0007545118216548394,71.89439611681847
9923431,16.599084718058755,0.0,0.1,0.02,0.0007689375959573899,71.70500741351711
9923432,16.599084718058755,0.0,0.1,0.02,0.0007689375959573899,71.70500741351711
9923433,16.599084718058755,0.0,0.1,0.02,0.0007689375959573899,71.70500741351711
9923713,16.766041400672094,0.0,0.1,0.02,0.0006764804394917676,72.98607025048223
9923714,16.713261546168525,0.0,0.1,0.02,0.0007045238419486908,72.57988384829562
9923715,16.6328351012107,0.0,0.1,0.02,0.0007493476123280671,71.96307580202404
9923716,16.60518851075645,0.0,0.1,0.02,0.0007653597596491063,71.75164560630805
9923717,16.60518851075645,0.0,0.1,0.02,0.0007653597596491063,71.75164560630805
9923718,16.576823827043643,0.0,0.1,0.02,0.0007821186156058069,71.53504146561201
9923719,16.599084718058755,0.0,0.1,0.02,0.0007689375959573899,71.70500741351711
9923720,16.599802811317307,0.0,0.1,0.02,0.000768515866892635,71.71049348624089
9923721,16.599802811317307,0.0,0.1,0.02,0.000768515866892635,71.71049348624089
9924000,16.69459112144617,0.0,0.1,0.02,0.0007147007985693036,72.43646566390002
9924001,16.6328351012107,0.0,0.1,0.02,0.0007493476123280671,71.96307580202404
9924002,16.62744940177156,0.0,0.1,0.02,0.0007524421718405557,71.92186412346624
9924003,16.562461961872604,0.0,0.1,0.02,0.0007907338489552178,71.42549120956798
9924004,16.562461961872604,0.0,0.1,0.02,0.0007907338489552178,71.42549120956798
9924005,16.542714397262422,0.0,0.1,0.02,0.0008027241459906497,71.2749943231411
9924006,16.576823827043643,0.0,0.1,0.02,0.0007821186156058069,71.53504146561201
9924007,16.599084718058755,0.0,0.1,0.02,0.0007689375959573899,71.70500741351711
9924008,16.599802811317307,0.0,0.1,0.02,0.000768515866892635,71.71049348624089
9924287,16.632117007952147,0.0,0.1,0.02,0.0007497595340433536,71.95758024119436
9924288,16.60518851075645,0.0,0.1,0.02,0.0007653597596491063,71.75164560630805
9924289,16.591544738843957,0.0,0.1,0.02,0.0007733787847576464,71.64741610305609
9924290,16.53840583771111,0.0,0.1,0.02,0.0008053626083359421,71.2421793682785
9924291,16.529070625349934,0.0,0.1,0.02,0.0008111069994962148,71.17110577291115
9924292,16.529070625349934,0.0,0.1,0.02,0.0008111069994962148,71.17110577291115
9924293,16.573233360750883,0.0,0.1,0.02,0.0007842641905206354,71.50764616673209
9924294,16.576823827043643,0.0,0.1,0.02,0.0007821186156058069,71.53504146561201
9924295,16.599802811317307,0.0,0.1,0.02,0.000768515866892635,71.71049348624089
9924574,16.571079080975228,0.0,0.1,0.02,0.0007855541652441581,71.49121146256219
9924575,16.560307682096948,0.0,0.1,0.02,0.0007920337299594398,71.40906578724079
9924576,16.515426853437447,0.0,0.1,0.02,0.0008195712925628382,71.067291683686
9924577,16.501424034895685,0.0,0.1,0.02,0.0008283437712468353,70.96082307078228
9924578,16.496756428715095,0.0,0.1,0.02,0.000831287298821168,70.92535096238566
9924579,16.515426853437447,0.0,0.1,0.02,0.0008195712925628382,71.067291683686
9924580,16.52404397254007,0.0,0.1,0.02,0.0008142159100408297,71.13284981382763
9924581,16.543432490520974,0.0,0.1,0.02,0.0008022851854940335,71.28046420420597
9924582,16.599084718058755,0.0,0.1,0.02,0.0007689375959573899,71.70500741351711
9924861,16.48634407646609,0.0,0.1,0.02,0.0008378887458601501,70.8462522779918
9924862,16.48634407646609,0.0,0.1,0.02,0.0008378887458601501,70.8462522779918
9924863,16.48634407646609,0.0,0.1,0.02,0.0008378887458601501,70.8462522779918
9924864,16.47305935118288,0.0,0.1,0.02,0.0008463821191340774,70.74539622870162
9924865,16.45223464668487,0.0,0.1,0.02,0.0008598574295436804,70.58743962060049
9924866,16.483112656802607,0.0,0.1,0.02,0.0008399473700289985,70.82171322817187
9924867,16.501424034895685,0.0,0.1,0.02,0.0008283437712468353,70.96082307078228
9924868,16.52404397254007,0.0,0.1,0.02,0.0008142159100408297,71.13284981382763
9924869,16.573233360750883,0.0,0.1,0.02,0.0007842641905206354,71.50764616673209
9925148,16.47305935118288,0.0,0.1,0.02,0.0008463821191340774,70.74539622870162
9925149,16.47305935118288,0.0,0.1,0.02,0.0008463821191340774,70.74539622870162
9925150,16.47305935118288,0.0,0.1,0.02,0.0008463821191340774,70.74539622870162
9925151,16.436795641626002,0.0,0.1,0.02,0.0008699763040122409,70.47044583454111
9925152,16.436795641626002,0.0,0.1,0.02,0.0008699763040122409,70.47044583454111
9925153,16.45223464668487,0.0,0.1,0.02,0.0008598574295436804,70.58743962060049
9925154,16.483112656802607,0.0,0.1,0.02,0.0008399473700289985,70.82171322817187
9925155,16.496756428715095,0.0,0.1,0.02,0.000831287298821168,70.92535096238566
9925156,16.543432490520974,0.0,0.1,0.02,0.0008022851854940335,71.28046420420597
9925435,16.47305935118288,0.0,0.1,0.02,0.0008463821191340774,70.74539622870162
9925436,16.47305935118288,0.0,0.1,0.02,0.0008463821191340774,70.74539622870162
9925437,16.47305935118288,0.0,0.1,0.02,0.0008463821191340774,70.74539622870162
9925438,16.436795641626002,0.0,0.1,0.02,0.0008699763040122409,70.47044583454111
9925439,16.436795641626002,0.0,0.1,0.02,0.0008699763040122409,70.47044583454111
9925440,16.436795641626002,0.0,0.1,0.02,0.0008699763040122409,70.47044583454111
9925441,16.483112656802607,0.0,0.1,0.02,0.0008399473700289985,70.82171322817187
9925442,16.515785900066724,0.0,0.1,0.02,0.0008193474985516296,71.07002267943528
9925443,16.604470417497897,0.0,0.1,0.02,0.000765779875239572,71.74615798661046
9925444,16.625295121995904,0.0,0.1,0.02,0.0007536833261140407,71.90538270068808
9925723,16.48634407646609,0.0,0.1,0.02,0.0008378887458601501,70.8462522779918
9925724,16.48634407646609,0.0,0.1,0.02,0.0008378887458601501,70.8462522779918
9925725,16.47305935118288,0.0,0.1,0.02,0.0008463821191340774,70.74539622870162
9925726,16.436795641626002,0.0,0.1,0.02,0.0008699763040122409,70.47044583454111
9925727,16.483112656802607,0.0,0.1,0.02,0.0008399473700289985,70.82171322817187
9925728,16.512195433773964,0.0,0.1,0.02,0.0008215880007096833,71.04271504240312
9925729,16.604470417497897,0.0,0.1,0.02,0.000765779875239572,71.74615798661046
9925730,16.70715775347083,0.0,0.1,0.02,0.0007078359647403271,72.53298179334294
9925731,16.74306241639843,0.0,0.1,0.02,0.0006885593626656743,72.80909023228116
9925732,16.747370975949742,0.0,0.1,0.02,0.0006862793552624767,72.84225789716652
9925733,16.747370975949742,0.0,0.1,0.02,0.0006862793552624767,72.84225789716652
9926010,16.5430734438917,0.0,0.1,0.02,0.0008025046377981587,71.27772923789065
9926011,16.53481537141835,0.0,0.1,0.02,0.000807567492368541,71.21483924479686
9926012,16.53481537141835,0.0,0.1,0.02,0.000807567492368541,71.21483924479686
9926013,16.53481537141835,0.0,0.1,0.02,0.000807567492368541,71.21483924479686
9926014,16.541637257374596,0.0,0.1,0.02,0.0008033830060285434,71.26678988828726
9926015,16.604470417497897,0.0,0.1,0.02,0.000765779875239572,71.74615798661046
9926016,16.747370975949742,0.0,0.1,0.02,0.0006862793552624767,72.84225789716652
9926017,16.78722515179938,0.0,0.1,0.02,0.0006655205236743275,73.14941081124051
9926018,16.81307650910725,0.0,0.1,0.02,0.0006523701222547805,73.34898484932607
9926019,16.870883016420688,0.0,0.1,0.02,0.0006238365414486604,73.79622176717109
9926020,16.871242063049962,0.0,0.1,0.02,0.000623663011399957,73.79900381305524
9926021,16.78722515179938,0.0,0.1,0.02,0.0006655205236743275,73.14941081124051
9926022,16.591544738843957,0.0,0.1,0.02,0.0007733787847576464,71.64741610305609
9926298,16.701413007402415,0.0,0.1,0.02,0.0007109665116535926,72.48885229616855
9926299,16.701413007402415,0.0,0.1,0.02,0.0007109665116535926,72.48885229616855
9926300,16.701413007402415,0.0,0.1,0.02,0.0007109665116535926,72.48885229616855
9926301,16.701413007402415,0.0,0.1,0.02,0.0007109665116535926,72.48885229616855
9926302,16.74306241639843,0.0,0.1,0.02,0.0006885593626656743,72.80909023228116
9926303,16.80158701697042,0.0,0.1,0.02,0.000658184528520403,73.2602522747362
9926304,16.8123584158487,0.0,0.1,0.02,0.0006527321140732335,73.34343751644042
9926305,16.870883016420688,0.0,0.1,0.02,0.0006238365414486604,73.79622176717109
9926306,16.92617619732919,0.0,0.1,0.02,0.0005976373458793656,74.22526432993584
9926307,16.97572463216928,0.0,0.1,0.02,0.0005750365241279626,74.61076998961704
9926308,17.001216942847876,0.0,0.1,0.02,0.0005637220511556749,74.80949245040341
9926309,16.871242063049962,0.0,0.1,0.02,0.000623663011399957,73.79900381305524
9926585,16.701413007402415,0.0,0.1,0.02,0.0007109665116535926,72.48885229616855
9926586,16.701413007402415,0.0,0.1,0.02,0.0007109665116535926,72.48885229616855
9926587,16.701413007402415,0.0,0.1,0.02,0.0007109665116535926,72.48885229616855
9926588,16.701413007402415,0.0,0.1,0.02,0.0007109665116535926,72.48885229616855
9926589,16.74306241639843,0.0,0.1,0.02,0.0006885593626656743,72.80909023228116
9926590,16.80158701697042,0.0,0.1,0.02,0.000658184528520403,73.2602522747362
9926591,16.809845089443765,0.0,0.1,0.02,0.0006540005617475012,73.32402347566311
9926592,16.8482630787763,0.0,0.1,0.02,0.0006348602364913537,73.62105683310762
9926593,16.92617619732919,0.0,0.1,0.02,0.0005976373458793656,74.22526432993584
9926594,16.97572463216928,0.0,0.1,0.02,0.0005750365241279626,74.61076998961704
9926595,17.001216942847876,0.0,0.1,0.02,0.0005637220511556749,74.80949245040341
9926596,16.89206676754797,0.0,0.1,0.02,0.0006136750095576333,73.96045070340767
9926597,16.800868923711867,0.0,0.1,0.02,0.0006585495293431026,73.2547082420613
9926873,16.701413007402415,0.0,0.1,0.02,0.0007109665116535926,72.48885229616855
9926874,16.701413007402415,0.0,0.1,0.02,0.0007109665116535926,72.48885229616855
9926875,16.701413007402415,0.0,0.1,0.02,0.0007109665116535926,72.48885229616855
9926876,16.71721105909056,0.0,0.1,0.02,0.0007023884089859824,72.6102401779265
9926877,16.769631866964854,0.0,0.1,0.02,0.0006746110564943763,73.01374245766948
9926878,16.809845089443765,0.0,0.1,0.02,0.0006540005617475012,73.32402347566311
9926879,16.81307650910725,0.0,0.1,0.02,0.0006523701222547805,73.34898484932607
9926880,16.870883016420688,0.0,0.1,0.02,0.0006238365414486604,73.79622176717109
9926881,16.97572463216928,0.0,0.1,0.02,0.0005750365241279626,74.61076998961704
9926882,17.001216942847876,0.0,0.1,0.02,0.0005637220511556749,74.80949245040341
9926883,16.95777230070548,0.0,0.1,0.02,0.000583131372565142,74.47098058122029
9926884,16.95777230070548,0.0,0.1,0.02,0.000583131372565142,74.47098058122029
9927161,16.651864572562328,0.0,0.1,0.02,0.00073850821502921,72.1087833211536
9927162,16.52440301916935,0.0,0.1,0.02,0.0008139934776444866,71.13558204715596
9927163,16.33733972531655,0.0,0.1,0.02,0.0009378623589919631,69.7190735853978
9927164,16.314360741042886,0.0,0.1,0.02,0.0009542323126220327,69.54603401881917
9927165,16.314360741042886,0.0,0.1,0.02,0.0009542323126220327,69.54603401881917
9927166,16.321541673628406,0.0,0.1,0.02,0.0009490883938926673,69.60008619442615
9927167,16.321541673628406,0.0,0.1,0.02,0.0009490883938926673,69.60008619442615
9927168,16.50609164107627,0.0,0.1,0.02,0.0008254099471749001,70.99630389379786
9927169,16.791174664721414,0.0,0.1,0.02,0.0006634955580789138,73.17988398895787
9927170,16.800868923711867,0.0,0.1,0.02,0.0006585495293431026,73.2547082420613
9927171,16.95777230070548,0.0,0.1,0.02,0.000583131372565142,74.47098058122029
9927449,16.343802564643518,0.0,0.1,0.02,0.000933305565739256,69.76777901905312
9927450,16.314360741042886,0.0,0.1,0.02,0.0009542323126220327,69.54603401881917
9927451,16.262298979797865,0.0,0.1,0.02,0.0009923077567378022,69.15477260146481
9927452,16.232139062938682,0.0,0.1,0.02,0.001015006078876467,68.92860677465467
9927453,16.198747726416016,0.0,0.1,0.02,0.0010406983188519737,68.67863330722963
9927454,16.26373516631497,0.0,0.1,0.02,0.0009912387366717548,69.165551478321
9927455,16.321541673628406,0.0,0.1,0.02,0.0009490883938926673,69.60008619442615
9927456,16.50609164107627,0.0,0.1,0.02,0.0008254099471749001,70.99630389379786
9927457,16.800868923711867,0.0,0.1,0.02,0.0006585495293431026,73.2547082420613
9927737,16.262298979797865,0.0,0.1,0.02,0.0009923077567378022,69.15477260146481
9927738,16.232139062938682,0.0,0.1,0.02,0.001015006078876467,68.92860677465467
9927739,16.150276431463755,0.0,0.1,0.02,0.0010790694610327493,68.31656219400249
9927740,16.149917384834477,0.0,0.1,0.02,0.001079358528690808,68.31388369223025
9927741,16.149917384834477,0.0,0.1,0.02,0.001079358528690808,68.31388369223025
9927742,16.232857156197234,0.0,0.1,0.02,0.0010144600842769984,68.93398744689799
9927743,16.321541673628406,0.0,0.1,0.02,0.0009490883938926673,69.60008619442615
9928025,16.150276431463755,0.0,0.1,0.02,0.0010790694610327493,68.31656219400249
9928026,16.134119333146334,0.0,0.1,0.02,0.0010921488882100878,68.1960806643876
9928027,16.113653675277604,0.0,0.1,0.02,0.00110892737147352,68.0436206286351
9928028,16.113653675277604,0.0,0.1,0.02,0.00110892737147352,68.0436206286351
9928029,16.131965053370678,0.0,0.1,0.02,0.0010939038853624934,68.18002435000524
10005511,16.615241816376177,0.0,0.1,0.02,0.000759500639467157,71.82849393970727
10005512,16.60518851075645,0.0,0.1,0.02,0.0007653597596491063,71.75164560630805
10005796,16.750961442242502,0.0,0.1,0.02,0.00068438472910669,72.8699032901415
10005797,16.646478873123186,0.0,0.1,0.02,0.0007415610513999615,72.0675306477905
10005798,16.60518851075645,0.0,0.1,0.02,0.0007653597596491063,71.75164560630805
10005799,16.604470417497897,0.0,0.1,0.02,0.000765779875239572,71.74615798661046
10005800,16.570360987716676,0.0,0.1,0.02,0.0007859845957288064,71.48573364036523
10006082,16.759937607974404,0.0,0.1,0.02,0.0006796694823932493,72.93903933261336
10006083,16.68094734953368,0.0,0.1,0.02,0.0007222242841010721,72.33174824511663
10006084,16.615241816376177,0.0,0.1,0.02,0.000759500639467157,71.82849393970727
10006085,16.576823827043643,0.0,0.1,0.02,0.0007821186156058069,71.53504146561201
10006086,16.576823827043643,0.0,0.1,0.02,0.0007821186156058069,71.53504146561201
10006087,16.562821008501878,0.0,0.1,0.02,0.0007905173953582277,71.42822896043612
10006088,16.576823827043643,0.0,0.1,0.02,0.0007821186156058069,71.53504146561201
10006369,16.744857649544812,0.0,0.1,0.02,0.0006876085025227246,72.8229091902487
10006370,16.646478873123186,0.0,0.1,0.02,0.0007415610513999615,72.0675306477905
10006371,16.604470417497897,0.0,0.1,0.02,0.000765779875239572,71.74615798661046
10006372,16.562821008501878,0.0,0.1,0.02,0.0007905173953582277,71.42822896043612
10006373,16.5610257753555,0.0,0.1,0.02,0.0007916002153631439,71.41454072175334
10006374,16.542714397262422,0.0,0.1,0.02,0.0008027241459906497,71.2749943231411
10006375,16.576823827043643,0.0,0.1,0.02,0.0007821186156058069,71.53504146561201
10006656,16.646478873123186,0.0,0.1,0.02,0.0007415610513999615,72.0675306477905
10006657,16.604470417497897,0.0,0.1,0.02,0.000765779875239572,71.74615798661046
10006658,16.601598044463685,0.0,0.1,0.02,0.0007674624866356259,71.72420957045178
10006659,16.5610257753555,0.0,0.1,0.02,0.0007916002153631439,71.41454072175334
10006660,16.529070625349934,0.0,0.1,0.02,0.0008111069994962148,71.17110577291115
10006661,16.5610257753555,0.0,0.1,0.02,0.0007916002153631439,71.41454072175334
10006662,16.599802811317307,0.0,0.1,0.02,0.000768515866892635,71.71049348624089
10006663,16.6238589354788,0.0,0.1,0.02,0.0007545118216548394,71.89439611681847
10006943,16.588313319180475,0.0,0.1,0.02,0.0007752894554608629,71.62274107424055
10006944,16.562821008501878,0.0,0.1,0.02,0.0007905173953582277,71.42822896043612
10006945,16.524762065798623,0.0,0.1,0.02,0.0008137711018172904,71.13831433205006
10006946,16.517581133213103,0.0,0.1,0.02,0.0008182293815185235,71.08367843166859
10006947,16.517581133213103,0.0,0.1,0.02,0.0008182293815185235,71.08367843166859
10006948,16.52799348546211,0.0,0.1,0.02,0.000811772262813296,71.16290721655768
10006949,16.576823827043643,0.0,0.1,0.02,0.0007821186156058069,71.53504146561201
10006950,16.6238589354788,0.0,0.1,0.02,0.0007545118216548394,71.89439611681847
10007230,16.510400200627583,0.0,0.1,0.02,0.0008227103891450262,71.02906315760424
10007231,16.510400200627583,0.0,0.1,0.02,0.0008227103891450262,71.02906315760424
10007232,16.500346895007855,0.0,0.1,0.02,0.0008290221845161311,70.95263642612693
10007233,16.471264118036498,0.0,0.1,0.02,0.0008475359974656463,70.73177244725983
10007234,16.483112656802607,0.0,0.1,0.02,0.0008399473700289985,70.82171322817187
10007235,16.50896401411048,0.0,0.1,0.02,0.000823609327335744,71.01814257794943
10007236,16.52799348546211,0.0,0.1,0.02,0.000811772262813296,71.16290721655768
10007237,16.59944376468803,0.0,0.1,0.02,0.0007687267044865598,71.70775042409609
10007517,16.485985029836815,0.0,0.1,0.02,0.0008381172497804577,70.84352551063753
10007518,16.47305935118288,0.0,0.1,0.02,0.0008463821191340774,70.74539622870162
10007519,16.46121081241677,0.0,0.1,0.02,0.0008540248130892046,70.65550309458212
10007520,16.459056532641114,0.0,0.1,0.02,0.0008554212740743735,70.63916492157634
10007521,16.455466066348354,0.0,0.1,0.02,0.0008577534313294087,70.61193875849678
10007522,16.483112656802607,0.0,0.1,0.02,0.0008399473700289985,70.82171322817187
10007523,16.517581133213103,0.0,0.1,0.02,0.0008182293815185235,71.08367843166859
10007524,16.562821008501878,0.0,0.1,0.02,0.0007905173953582277,71.42822896043612
10007525,16.636066520874184,0.0,0.1,0.02,0.0007474965726254225,71.98780837826436
10007804,16.47305935118288,0.0,0.1,0.02,0.0008463821191340774,70.74539622870162
10007805,16.485985029836815,0.0,0.1,0.02,0.0008381172497804577,70.84352551063753
10007806,16.46121081241677,0.0,0.1,0.02,0.0008540248130892046,70.65550309458212
10007807,16.459056532641114,0.0,0.1,0.02,0.0008554212740743735,70.63916492157634
10007808,16.455466066348354,0.0,0.1,0.02,0.0008577534313294087,70.61193875849678
10007809,16.483112656802607,0.0,0.1,0.02,0.0008399473700289985,70.82171322817187
10007810,16.531583951754868,0.0,0.1,0.02,0.0008095566917498586,71.19023754253868
10007811,16.578260013560747,0.0,0.1,0.02,0.0007812619172885842,71.54600102900619
10007812,16.657250272001466,0.0,0.1,0.02,0.0007354670931722517,72.15004759682004
10008092,16.510400200627583,0.0,0.1,0.02,0.0008227103891450262,71.02906315760424
10008093,16.48993454275885,0.0,0.1,0.02,0.0008356068933244604,70.87352278765316
10008094,16.46121081241677,0.0,0.1,0.02,0.0008540248130892046,70.65550309458212
10008095,16.483112656802607,0.0,0.1,0.02,0.0008399473700289985,70.82171322817187
10008096,16.531583951754868,0.0,0.1,0.02,0.0008095566917498586,71.19023754253868
10008097,16.562821008501878,0.0,0.1,0.02,0.0007905173953582277,71.42822896043612
10008098,16.657250272001466,0.0,0.1,0.02,0.0007354670931722517,72.15004759682004
10008099,16.74306241639843,0.0,0.1,0.02,0.0006885593626656743,72.80909023228116
10008100,16.749884302354676,0.0,0.1,0.02,0.0006849526041752996,72.86160913080819
10008101,16.75491095516454,0.0,0.1,0.02,0.0006823062746756592,72.90031917826309
10008102,16.749884302354676,0.0,0.1,0.02,0.0006849526041752996,72.86160913080819
10008379,16.591544738843957,0.0,0.1,0.02,0.0007733787847576464,71.64741610305609
10008380,16.591544738843957,0.0,0.1,0.02,0.0007733787847576464,71.64741610305609
10008381,16.538764884340388,0.0,0.1,0.02,0.0008051424284665268,71.24491366423854
10008382,16.543432490520974,0.0,0.1,0.02,0.0008022851854940335,71.28046420420597
10008383,16.578260013560747,0.0,0.1,0.02,0.0007812619172885842,71.54600102900619
10008384,16.673766416948162,0.0,0.1,0.02,0.0007262135994933721,72.27666372233784
10008385,16.749884302354676,0.0,0.1,0.02,0.0006849526041752996,72.86160913080819
10008386,16.80158701697042,0.0,0.1,0.02,0.000658184528520403,73.2602522747362
10008387,16.805536529892454,0.0,0.1,0.02,0.0006561803952003778,73.29074814140239
10008388,16.8482630787763,0.0,0.1,0.02,0.0006348602364913537,73.62105683310762
10008389,16.871242063049962,0.0,0.1,0.02,0.000623663011399957,73.79900381305524
10008390,16.75491095516454,0.0,0.1,0.02,0.0006823062746756592,72.90031917826309
10008666,16.701413007402415,0.0,0.1,0.02,0.0007109665116535926,72.48885229616855
10008667,16.687051142231375,0.0,0.1,0.02,0.0007188494352742679,72.37858630692047
10008668,16.687051142231375,0.0,0.1,0.02,0.0007188494352742679,72.37858630692047
10008669,16.687051142231375,0.0,0.1,0.02,0.0007188494352742679,72.37858630692047
10008670,16.690282561894858,0.0,0.1,0.02,0.00071706870713326,72.40338896107316
10008671,16.73875385684712,0.0,0.1,0.02,0.0006908464318895848,72.77592999286998
10008672,16.79512417764345,0.0,0.1,0.02,0.0006614763410789168,73.21036340613617
10008673,16.809845089443765,0.0,0.1,0.02,0.0006540005617475012,73.32402347566311
10008674,16.870883016420688,0.0,0.1,0.02,0.0006238365414486604,73.79622176717109
10008675,16.92617619732919,0.0,0.1,0.02,0.0005976373458793656,74.22526432993584
10008676,16.9918817304867,0.0,0.1,0.02,0.0005678410227718786,74.73669067905624
10008677,16.9918817304867,0.0,0.1,0.02,0.0005678410227718786,74.73669067905624
10008954,16.701413007402415,0.0,0.1,0.02,0.0007109665116535926,72.48885229616855
10008955,16.701413007402415,0.0,0.1,0.02,0.0007109665116535926,72.48885229616855
10008956,16.690282561894858,0.0,0.1,0.02,0.00071706870713326,72.40338896107316
10008957,16.690282561894858,0.0,0.1,0.02,0.00071706870713326,72.40338896107316
10008958,16.70284919391952,0.0,0.1,0.02,0.0007101826671888973,72.49988343288311
10008959,16.769631866964854,0.0,0.1,0.02,0.0006746110564943763,73.01374245766948
10008960,16.805536529892454,0.0,0.1,0.02,0.0006561803952003778,73.29074814140239
10008961,16.8482630787763,0.0,0.1,0.02,0.0006348602364913537,73.62105683310762
10008962,16.92617619732919,0.0,0.1,0.02,0.0005976373458793656,74.22526432993584
10008963,16.9918817304867,0.0,0.1,0.02,0.0005678410227718786,74.73669067905624
10008964,16.9918817304867,0.0,0.1,0.02,0.0005678410227718786,74.73669067905624
10008965,16.78722515179938,0.0,0.1,0.02,0.0006655205236743275,73.14941081124051
10009241,16.701413007402415,0.0,0.1,0.02,0.0007109665116535926,72.48885229616855
10009242,16.701413007402415,0.0,0.1,0.02,0.0007109665116535926,72.48885229616855
10009243,16.690282561894858,0.0,0.1,0.02,0.00071706870713326,72.40338896107316
10009244,16.687051142231375,0.0,0.1,0.02,0.0007188494352742679,72.37858630692047
10009245,16.690282561894858,0.0,0.1,0.02,0.00071706870713326,72.40338896107316
10009246,16.747370975949742,0.0,0.1,0.02,0.0006862793552624767,72.84225789716652
10009247,16.80158701697042,0.0,0.1,0.02,0.000658184528520403,73.2602522747362
10009248,16.805536529892454,0.0,0.1,0.02,0.0006561803952003778,73.29074814140239
10009249,16.870883016420688,0.0,0.1,0.02,0.0006238365414486604,73.79622176717109
10009250,16.97572463216928,0.0,0.1,0.02,0.0005750365241279626,74.61076998961704
10009251,16.786507058540828,0.0,0.1,0.02,0.000665889318027384,73.14387090382903
10009252,16.786507058540828,0.0,0.1,0.02,0.000665889318027384,73.14387090382903
10009528,16.701413007402415,0.0,0.1,0.02,0.0007109665116535926,72.48885229616855
10009529,16.61667800289328,0.0,0.1,0.02,0.0007586670414936775,71.83947557326076
10009530,16.572874314121606,0.0,0.1,0.02,0.0007844790492231767,71.50490692045594
10009531,16.37863008768329,0.0,0.1,0.02,0.0009091017991878121,70.03053479751617
10009532,16.319028347223476,0.0,0.1,0.02,0.0009508858267004176,69.58116558672016
10009533,16.314360741042886,0.0,0.1,0.02,0.0009542323126220327,69.54603401881917
10009534,16.398736698922747,0.0,0.1,0.02,0.0008953955551140059,70.18244976304189
10009535,16.423869962972066,0.0,0.1,0.02,0.0008785329995638154,70.37257087509528
10009536,16.423869962972066,0.0,0.1,0.02,0.0008785329995638154,70.37257087509528
10009537,16.563898148389708,0.0,0.1,0.02,0.0007898683655732119,71.4364425224353
10009538,16.712184406280695,0.0,0.1,0.02,0.0007051072823249146,72.57160593218703
10009539,16.773222333257614,0.0,0.1,0.02,0.0006727464924343819,73.04141982143601
10009816,16.572874314121606,0.0,0.1,0.02,0.0007844790492231767,71.50490692045594
10009817,16.37863008768329,0.0,0.1,0.02,0.0009091017991878121,70.03053479751617
10009818,16.319028347223476,0.0,0.1,0.02,0.0009508858267004176,69.58116558672016
10009819,16.314360741042886,0.0,0.1,0.02,0.0009542323126220327,69.54603401881917
10009820,16.262298979797865,0.0,0.1,0.02,0.0009923077567378022,69.15477260146481
10009821,16.150276431463755,0.0,0.1,0.02,0.0010790694610327493,68.31656219400249
10009822,16.1750506488838,0.0,0.1,0.02,0.0010592964318538707,68.50150334767505
10009823,16.26373516631497,0.0,0.1,0.02,0.0009912387366717548,69.165551478321
10009824,16.423869962972066,0.0,0.1,0.02,0.0008785329995638154,70.37257087509528
10009825,16.563898148389708,0.0,0.1,0.02,0.0007898683655732119,71.4364425224353
10010104,16.37863008768329,0.0,0.1,0.02,0.0009091017991878121,70.03053479751617
10010105,16.314360741042886,0.0,0.1,0.02,0.0009542323126220327,69.54603401881917
10010106,16.262298979797865,0.0,0.1,0.02,0.0009923077567378022,69.15477260146481
10010107,16.150276431463755,0.0,0.1,0.02,0.0010790694610327493,68.31656219400249
10010108,16.134119333146334,0.0,0.1,0.02,0.0010921488882100878,68.1960806643876
10010109,16.1481221516881,0.0,0.1,0.02,0.0010808049453551124,68.30049195685606
10010110,16.1481221516881,0.0,0.1,0.02,0.0010808049453551124,68.30049195685606
10010111,16.232857156197234,0.0,0.1,0.02,0.0010144600842769984,68.93398744689799
10010392,16.319028347223476,0.0,0.1,0.02,0.0009508858267004176,69.58116558672016
10010393,16.150276431463755,0.0,0.1,0.02,0.0010790694610327493,68.31656219400249
10010394,16.122270794380228,0.0,0.1,0.02,0.0011018338061017077,68.10779390784535
10010395,16.122270794380228,0.0,0.1,0.02,0.0011018338061017077,68.10779390784535
10010396,16.113653675277604,0.0,0.1,0.02,0.00110892737147352,68.0436206286351
10010397,16.113653675277604,0.0,0.1,0.02,0.00110892737147352,68.0436206286351
10088163,17.06835866252249,0.0,0.1,0.02,0.0005349093766249412,75.33413214902377
10088164,16.973211305764348,0.0,0.1,0.02,0.0005761634494138379,74.59119171178968
10088165,16.713979639427077,0.0,0.1,0.02,0.0007041351317718993,72.58540271686365
10088166,16.60841993041993,0.0,0.1,0.02,0.000763471894983005,71.77634244745393
10088167,16.601598044463685,0.0,0.1,0.02,0.0007674624866356259,71.72420957045178
10088449,16.983264611384076,0.0,0.1,0.02,0.0005716680893684802,74.66951998344221
10088450,16.82205267483915,0.0,0.1,0.02,0.0006478609996173754,73.41834391385174
10088451,16.819898395063493,0.0,0.1,0.02,0.0006489405292402222,73.40169479911539
10088452,16.68741018886065,0.0,0.1,0.02,0.0007186513732373755,72.3813419511187
10088453,16.60841993041993,0.0,0.1,0.02,0.000763471894983005,71.77634244745393
10088454,16.601598044463685,0.0,0.1,0.02,0.0007674624866356259,71.72420957045178
10088455,16.584722852887715,0.0,0.1,0.02,0.0007774175788573044,71.59532927430692
10088736,16.8123584158487,0.0,0.1,0.02,0.0006527321140732335,73.34343751644042
10088737,16.80122797034114,0.0,0.1,0.02,0.0006583670053345089,73.25748023261585
10088738,16.748089069208294,0.0,0.1,0.02,0.0006859000391892281,72.84778656323516
10088739,16.68094734953368,0.0,0.1,0.02,0.0007222242841010721,72.33174824511663
10088740,16.60841993041993,0.0,0.1,0.02,0.000763471894983005,71.77634244745393
10088741,16.581850479853507,0.0,0.1,0.02,0.0007791239934689674,71.57340354709712
10088742,16.581850479853507,0.0,0.1,0.02,0.0007791239934689674,71.57340354709712
10088743,16.581850479853507,0.0,0.1,0.02,0.0007791239934689674,71.57340354709712
10088744,16.599802811317307,0.0,0.1,0.02,0.000768515866892635,71.71049348624089
10088745,16.6238589354788,0.0,0.1,0.02,0.0007545118216548394,71.89439611681847
10089023,16.744857649544812,0.0,0.1,0.02,0.0006876085025227246,72.8229091902487
10089024,16.69459112144617,0.0,0.1,0.02,0.0007147007985693036,72.43646566390002
10089025,16.68741018886065,0.0,0.1,0.02,0.0007186513732373755,72.3813419511187
10089026,16.610574210195587,0.0,0.1,0.02,0.000762215729422007,71.79280932867854
10089027,16.604470417497897,0.0,0.1,0.02,0.000765779875239572,71.74615798661046
10089028,16.581850479853507,0.0,0.1,0.02,0.0007791239934689674,71.57340354709712
10089029,16.581850479853507,0.0,0.1,0.02,0.0007791239934689674,71.57340354709712
10089030,16.584722852887715,0.0,0.1,0.02,0.0007774175788573044,71.59532927430692
10089031,16.60841993041993,0.0,0.1,0.02,0.000763471894983005,71.77634244745393
10089032,16.636066520874184,0.0,0.1,0.02,0.0007474965726254225,71.98780837826436
10089033,16.64360650008898,0.0,0.1,0.02,0.0007431940349964415,72.04553396604979
10089310,16.601598044463685,0.0,0.1,0.02,0.0007674624866356259,71.72420957045178
10089311,16.610574210195587,0.0,0.1,0.02,0.000762215729422007,71.79280932867854
10089312,16.60841993041993,0.0,0.1,0.02,0.000763471894983005,71.77634244745393
10089313,16.601598044463685,0.0,0.1,0.02,0.0007674624866356259,71.72420957045178
10089314,16.591544738843957,0.0,0.1,0.02,0.0007733787847576464,71.64741610305609
10089315,16.53840583771111,0.0,0.1,0.02,0.0008053626083359421,71.2421793682785
10089316,16.561384821984774,0.0,0.1,0.02,0.0007913835409324073,71.41727826635831
10089317,16.581850479853507,0.0,0.1,0.02,0.0007791239934689674,71.57340354709712
10089318,16.60841993041993,0.0,0.1,0.02,0.000763471894983005,71.77634244745393
10089319,16.64360650008898,0.0,0.1,0.02,0.0007431940349964415,72.04553396604979
10089320,16.646478873123186,0.0,0.1,0.02,0.0007415610513999615,72.0675306477905
10089597,16.485985029836815,0.0,0.1,0.02,0.0008381172497804577,70.84352551063753
10089598,16.591544738843957,0.0,0.1,0.02,0.0007733787847576464,71.64741610305609
10089599,16.591544738843957,0.0,0.1,0.02,0.0007733787847576464,71.64741610305609
10089600,16.53840583771111,0.0,0.1,0.02,0.0008053626083359421,71.2421793682785
10089601,16.515067806808172,0.0,0.1,0.02,0.0008197951434731003,71.06456073950251
10089602,16.511836387144687,0.0,0.1,0.02,0.0008218123643072301,71.03998456231174
10089603,16.53840583771111,0.0,0.1,0.02,0.0008053626083359421,71.2421793682785
10089604,16.561384821984774,0.0,0.1,0.02,0.0007913835409324073,71.41727826635831
10089605,16.59944376468803,0.0,0.1,0.02,0.0007687267044865598,71.70775042409609
10089606,16.64360650008898,0.0,0.1,0.02,0.0007431940349964415,72.04553396604979
10089607,16.673766416948162,0.0,0.1,0.02,0.0007262135994933721,72.27666372233784
10089884,16.452952739943424,0.0,0.1,0.02,0.0008593894598440201,70.5928835125058
10089885,16.485985029836815,0.0,0.1,0.02,0.0008381172497804577,70.84352551063753
10089886,16.50896401411048,0.0,0.1,0.02,0.000823609327335744,71.01814257794943
10089887,16.50896401411048,0.0,0.1,0.02,0.000823609327335744,71.01814257794943
10089888,16.50896401411048,0.0,0.1,0.02,0.000823609327335744,71.01814257794943
10089889,16.50896401411048,0.0,0.1,0.02,0.000823609327335744,71.01814257794943
10089890,16.512195433773964,0.0,0.1,0.02,0.0008215880007096833,71.04271504240312
10089891,16.53840583771111,0.0,0.1,0.02,0.0008053626083359421,71.2421793682785
10089892,16.577182873672918,0.0,0.1,0.02,0.0007819043590441473,71.53778127911187
10089893,16.64360650008898,0.0,0.1,0.02,0.0007431940349964415,72.04553396604979
10089894,16.673766416948162,0.0,0.1,0.02,0.0007262135994933721,72.27666372233784
10089895,16.684178769197167,0.0,0.1,0.02,0.0007204357642035629,72.35654300970307
10090171,16.397300512405643,0.0,0.1,0.02,0.0008963681630496441,70.17159333123331
10090172,16.485985029836815,0.0,0.1,0.02,0.0008381172497804577,70.84352551063753
10090173,16.485985029836815,0.0,0.1,0.02,0.0008381172497804577,70.84352551063753
10090174,16.519017319730207,0.0,0.1,0.02,0.0008173359107264082,71.09460396163952
10090175,16.50896401411048,0.0,0.1,0.02,0.000823609327335744,71.01814257794943
10090176,16.50896401411048,0.0,0.1,0.02,0.000823609327335744,71.01814257794943
10090177,16.511836387144687,0.0,0.1,0.02,0.0008218123643072301,71.03998456231174
10090178,16.561384821984774,0.0,0.1,0.02,0.0007913835409324073,71.41727826635831
10090179,16.584363806258438,0.0,0.1,0.02,0.0007776306901646522,71.59258837792541
10090180,16.666585484362642,0.0,0.1,0.02,0.0007302234442908214,72.22159982587615
10090181,16.684178769197167,0.0,0.1,0.02,0.0007204357642035629,72.35654300970307
10090182,16.74306241639843,0.0,0.1,0.02,0.0006885593626656743,72.80909023228116
10090183,16.749884302354676,0.0,0.1,0.02,0.0006849526041752996,72.86160913080819
10090458,16.397300512405643,0.0,0.1,0.02,0.0008963681630496441,70.17159333123331
10090459,16.46121081241677,0.0,0.1,0.02,0.0008540248130892046,70.65550309458212
10090460,16.519017319730207,0.0,0.1,0.02,0.0008173359107264082,71.09460396163952
10090461,16.580773339965678,0.0,0.1,0.02,0.0007797647978097492,71.56518225022899
10090462,16.561384821984774,0.0,0.1,0.02,0.0007913835409324073,71.41727826635831
10090463,16.528352532091382,0.0,0.1,0.02,0.0008115504519541251,71.16564001710971
10090464,16.561384821984774,0.0,0.1,0.02,0.0007913835409324073,71.41727826635831
10090465,16.578260013560747,0.0,0.1,0.02,0.0007812619172885842,71.54600102900619
10090466,16.666585484362642,0.0,0.1,0.02,0.0007302234442908214,72.22159982587615
10090467,16.70284919391952,0.0,0.1,0.02,0.0007101826671888973,72.49988343288311
10090468,16.75491095516454,0.0,0.1,0.02,0.0006823062746756592,72.90031917826309
10090469,16.788302291687206,0.0,0.1,0.02,0.0006649676893648409,73.15772105910119
10090470,16.788302291687206,0.0,0.1,0.02,0.0006649676893648409,73.15772105910119
10090471,16.78722515179938,0.0,0.1,0.02,0.0006655205236743275,73.14941081124051
10090745,16.39765955903492,0.0,0.1,0.02,0.0008961249189970785,70.17430736183678
10090746,16.519017319730207,0.0,0.1,0.02,0.0008173359107264082,71.09460396163952
10090747,16.591544738843957,0.0,0.1,0.02,0.0007733787847576464,71.64741610305609
10090748,16.591544738843957,0.0,0.1,0.02,0.0007733787847576464,71.64741610305609
10090749,16.591544738843957,0.0,0.1,0.02,0.0007733787847576464,71.64741610305609
10090750,16.584363806258438,0.0,0.1,0.02,0.0007776306901646522,71.59258837792541
10090751,16.584363806258438,0.0,0.1,0.02,0.0007776306901646522,71.59258837792541
10090752,16.659404551777122,0.0,0.1,0.02,0.0007342539152608087,72.16655655573157
10090753,16.70284919391952,0.0,0.1,0.02,0.0007101826671888973,72.49988343288311
10090754,16.785788965282276,0.0,0.1,0.02,0.0006662583030032454,73.13833120268072
10090755,16.809845089443765,0.0,0.1,0.02,0.0006540005617475012,73.32402347566311
10090756,16.863702083835168,0.0,0.1,0.02,0.0006273166205532063,73.74059167830448
10090757,16.873396342825618,0.0,0.1,0.02,0.0006226227768881859,73.81569717124181
10090758,16.923662870924257,0.0,0.1,0.02,0.0005988055802146798,74.2057358646643
10090759,16.78722515179938,0.0,0.1,0.02,0.0006655205236743275,73.14941081124051
10091033,16.651864572562328,0.0,0.1,0.02,0.00073850821502921,72.1087833211536
10091034,16.651864572562328,0.0,0.1,0.02,0.00073850821502921,72.1087833211536
10091035,16.651864572562328,0.0,0.1,0.02,0.00073850821502921,72.1087833211536
10091036,16.651864572562328,0.0,0.1,0.02,0.00073850821502921,72.1087833211536
10091037,16.651864572562328,0.0,0.1,0.02,0.00073850821502921,72.1087833211536
10091038,16.659404551777122,0.0,0.1,0.02,0.0007342539152608087,72.16655655573157
10091039,16.690282561894858,0.0,0.1,0.02,0.00071706870713326,72.40338896107316
10091040,16.74306241639843,0.0,0.1,0.02,0.0006885593626656743,72.80909023228116
10091041,16.80158701697042,0.0,0.1,0.02,0.000658184528520403,73.2602522747362
10091042,16.809845089443765,0.0,0.1,0.02,0.0006540005617475012,73.32402347566311
10091043,16.873396342825618,0.0,0.1,0.02,0.0006226227768881859,73.81569717124181
10091044,16.9918817304867,0.0,0.1,0.02,0.0005678410227718786,74.73669067905624
10091045,17.055432983868553,0.0,0.1,0.02,0.0005403469181137114,75.23299183731483
10091046,17.055432983868553,0.0,0.1,0.02,0.0005403469181137114,75.23299183731483
10091321,16.69818158773893,0.0,0.1,0.02,0.0007127331113433227,72.4640352551596
10091322,16.659404551777122,0.0,0.1,0.02,0.0007342539152608087,72.16655655573157
10091323,16.65258266582088,0.0,0.1,0.02,0.0007381020561769091,72.11428455422049
10091324,16.65258266582088,0.0,0.1,0.02,0.0007381020561769091,72.11428455422049
10091325,16.651864572562328,0.0,0.1,0.02,0.00073850821502921,72.1087833211536
10091326,16.666585484362642,0.0,0.1,0.02,0.0007302234442908214,72.22159982587615
10091327,16.73875385684712,0.0,0.1,0.02,0.0006908464318895848,72.77592999286998
10091328,16.79763750404838,0.0,0.1,0.02,0.0006601943710215332,73.22976264753093
10091329,16.809845089443765,0.0,0.1,0.02,0.0006540005617475012,73.32402347566311
10091330,16.904992446201906,0.0,0.1,0.02,0.0006075508778293322,74.06074636743061
10091331,16.9918817304867,0.0,0.1,0.02,0.0005678410227718786,74.73669067905624
10091332,17.055432983868553,0.0,0.1,0.02,0.0005403469181137114,75.23299183731483
10091333,17.076616734995834,0.0,0.1,0.02,0.000531462214033892,75.3987845577838
10091334,16.840005006302952,0.0,0.1,0.02,0.000638929861273474,73.55715872876465
10091609,16.721160572012597,0.0,0.1,0.02,0.0007002590116608231,72.64060274701832
10091610,16.659404551777122,0.0,0.1,0.02,0.0007342539152608087,72.16655655573157
10091611,16.65258266582088,0.0,0.1,0.02,0.0007381020561769091,72.11428455422049
10091612,16.584363806258438,0.0,0.1,0.02,0.0007776306901646522,71.59258837792541
10091613,16.651864572562328,0.0,0.1,0.02,0.00073850821502921,72.1087833211536
10091614,16.70284919391952,0.0,0.1,0.02,0.0007101826671888973,72.49988343288311
10091615,16.79512417764345,0.0,0.1,0.02,0.0006614763410789168,73.21036340613617
10091616,16.809845089443765,0.0,0.1,0.02,0.0006540005617475012,73.32402347566311
10091617,16.871242063049962,0.0,0.1,0.02,0.000623663011399957,73.79900381305524
10091618,16.92617619732919,0.0,0.1,0.02,0.0005976373458793656,74.22526432993584
10091619,17.05040633105869,0.0,0.1,0.02,0.000542475435266289,75.19367754189992
10091620,16.9918817304867,0.0,0.1,0.02,0.0005678410227718786,74.73669067905624
10091621,16.857598291137474,0.0,0.1,0.02,0.0006302889253633927,73.69332232020969
10091897,16.65258266582088,0.0,0.1,0.02,0.0007381020561769091,72.11428455422049
10091898,16.561384821984774,0.0,0.1,0.02,0.0007913835409324073,71.41727826635831
10091899,16.53589251130618,0.0,0.1,0.02,0.0008069054377737116,71.22304074040053
10091900,16.378989134312565,0.0,0.1,0.02,0.0009088553433587357,70.03324614669837
10091901,16.496756428715095,0.0,0.1,0.02,0.000831287298821168,70.92535096238566
10091902,16.50537354781772,0.0,0.1,0.02,0.0008258606743085585,70.99084473841789
10091903,16.70284919391952,0.0,0.1,0.02,0.0007101826671888973,72.49988343288311
10091904,16.79763750404838,0.0,0.1,0.02,0.0006601943710215332,73.22976264753093
10091905,16.8482630787763,0.0,0.1,0.02,0.0006348602364913537,73.62105683310762
10091906,16.857598291137474,0.0,0.1,0.02,0.0006302889253633927,73.69332232020969
10091907,16.813435555736525,0.0,0.1,0.02,0.0006521891965903757,73.35175859311757
10091908,16.813435555736525,0.0,0.1,0.02,0.0006521891965903757,73.35175859311757
10092185,16.53589251130618,0.0,0.1,0.02,0.0008069054377737116,71.22304074040053
10092186,16.343802564643518,0.0,0.1,0.02,0.000933305565739256,69.76777901905312
10092187,16.315437880930716,0.0,0.1,0.02,0.0009534590765633992,69.55414053023252
10092188,16.150276431463755,0.0,0.1,0.02,0.0010790694610327493,68.31656219400249
10092189,16.1750506488838,0.0,0.1,0.02,0.0010592964318538707,68.50150334767505
10092190,16.215981964621264,0.0,0.1,0.02,0.0010273633450053278,68.80759618000569
10092191,16.26373516631497,0.0,0.1,0.02,0.0009912387366717548,69.165551478321
10092192,16.278815124744565,0.0,0.1,0.02,0.0009800784389216396,69.27877949786703
10092193,16.563898148389708,0.0,0.1,0.02,0.0007898683655732119,71.4364425224353
10092194,16.712184406280695,0.0,0.1,0.02,0.0007051072823249146,72.57160593218703
10092473,16.319028347223476,0.0,0.1,0.02,0.0009508858267004176,69.58116558672016
10092474,16.150276431463755,0.0,0.1,0.02,0.0010790694610327493,68.31656219400249
10092475,16.137709799439094,0.0,0.1,0.02,0.0010892296983169645,68.2228453136216
10092476,16.134119333146334,0.0,0.1,0.02,0.0010921488882100878,68.1960806643876
10092477,16.134119333146334,0.0,0.1,0.02,0.0010921488882100878,68.1960806643876
10092478,16.150276431463755,0.0,0.1,0.02,0.0010790694610327493,68.31656219400249
10092479,16.215981964621264,0.0,0.1,0.02,0.0010273633450053278,68.80759618000569
10092480,16.26373516631497,0.0,0.1,0.02,0.0009912387366717548,69.165551478321
10092481,16.405199538249715,0.0,0.1,0.02,0.000891030952873225,70.23131391620744
10092761,16.137709799439094,0.0,0.1,0.02,0.0010892296983169645,68.2228453136216
10092762,16.122270794380228,0.0,0.1,0.02,0.0011018338061017077,68.10779390784535
10092763,16.122270794380228,0.0,0.1,0.02,0.0011018338061017077,68.10779390784535
10092764,16.122270794380228,0.0,0.1,0.02,0.0011018338061017077,68.10779390784535
10092765,16.131965053370678,0.0,0.1,0.02,0.0010939038853624934,68.18002435000524
10092766,16.131965053370678,0.0,0.1,0.02,0.0010939038853624934,68.18002435000524
10092767,16.149917384834477,0.0,0.1,0.02,0.001079358528690808,68.31388369223025
10170823,16.604470417497897,0.0,0.1,0.02,0.000765779875239572,71.74615798661046
10170824,16.581850479853507,0.0,0.1,0.02,0.0007791239934689674,71.57340354709712
10171109,16.60841993041993,0.0,0.1,0.02,0.000763471894983005,71.77634244745393
10171110,16.577182873672918,0.0,0.1,0.02,0.0007819043590441473,71.53778127911187
10171111,16.576823827043643,0.0,0.1,0.02,0.0007821186156058069,71.53504146561201
10171112,16.577182873672918,0.0,0.1,0.02,0.0007819043590441473,71.53778127911187
10171113,16.60841993041993,0.0,0.1,0.02,0.000763471894983005,71.77634244745393
10171114,16.632117007952147,0.0,0.1,0.02,0.0007497595340433536,71.95758024119436
10171115,16.673766416948162,0.0,0.1,0.02,0.0007262135994933721,72.27666372233784
10171395,16.6328351012107,0.0,0.1,0.02,0.0007493476123280671,71.96307580202404
10171396,16.60841993041993,0.0,0.1,0.02,0.000763471894983005,71.77634244745393
10171397,16.576823827043643,0.0,0.1,0.02,0.0007821186156058069,71.53504146561201
10171398,16.577182873672918,0.0,0.1,0.02,0.0007819043590441473,71.53778127911187
10171399,16.581850479853507,0.0,0.1,0.02,0.0007791239934689674,71.57340354709712
10171400,16.6238589354788,0.0,0.1,0.02,0.0007545118216548394,71.89439611681847
10171401,16.673766416948162,0.0,0.1,0.02,0.0007262135994933721,72.27666372233784
10171402,16.684178769197167,0.0,0.1,0.02,0.0007204357642035629,72.35654300970307
10171403,16.684178769197167,0.0,0.1,0.02,0.0007204357642035629,72.35654300970307
10171682,16.60841993041993,0.0,0.1,0.02,0.000763471894983005,71.77634244745393
10171683,16.604470417497897,0.0,0.1,0.02,0.000765779875239572,71.74615798661046
10171684,16.576823827043643,0.0,0.1,0.02,0.0007821186156058069,71.53504146561201
10171685,16.581850479853507,0.0,0.1,0.02,0.0007791239934689674,71.57340354709712
10171686,16.59944376468803,0.0,0.1,0.02,0.0007687267044865598,71.70775042409609
10171687,16.636066520874184,0.0,0.1,0.02,0.0007474965726254225,71.98780837826436
10171688,16.678074976499474,0.0,0.1,0.02,0.0007238175529056311,72.30971196084707
10171689,16.73875385684712,0.0,0.1,0.02,0.0006908464318895848,72.77592999286998
10171690,16.73875385684712,0.0,0.1,0.02,0.0006908464318895848,72.77592999286998
10171968,16.591544738843957,0.0,0.1,0.02,0.0007733787847576464,71.64741610305609
10171969,16.565693381536086,0.0,0.1,0.02,0.0007887877518460196,71.45013282374978
10171970,16.561384821984774,0.0,0.1,0.02,0.0007913835409324073,71.41727826635831
10171971,16.561384821984774,0.0,0.1,0.02,0.0007913835409324073,71.41727826635831
10171972,16.569642894458124,0.0,0.1,0.02,0.0007864152458393616,71.48025602443144
10171973,16.59944376468803,0.0,0.1,0.02,0.0007687267044865598,71.70775042409609
10171974,16.636066520874184,0.0,0.1,0.02,0.0007474965726254225,71.98780837826436
10171975,16.682742582680063,0.0,0.1,0.02,0.0007212301516711847,72.3455225986734
10171976,16.76029665460368,0.0,0.1,0.02,0.0006794815041980759,72.94180544466752
10171977,16.779685172584582,0.0,0.1,0.02,0.0006694023844790025,73.09125207079555
10171978,16.788302291687206,0.0,0.1,0.02,0.0006649676893648409,73.15772105910119
10172255,16.528352532091382,0.0,0.1,0.02,0.0008115504519541251,71.16564001710971
10172256,16.52404397254007,0.0,0.1,0.02,0.0008142159100408297,71.13284981382763
10172257,16.531583951754868,0.0,0.1,0.02,0.0008095566917498586,71.19023754253868
10172258,16.528352532091382,0.0,0.1,0.02,0.0008115504519541251,71.16564001710971
10172259,16.561384821984774,0.0,0.1,0.02,0.0007913835409324073,71.41727826635831
10172260,16.576823827043643,0.0,0.1,0.02,0.0007821186156058069,71.53504146561201
10172261,16.59944376468803,0.0,0.1,0.02,0.0007687267044865598,71.70775042409609
10172262,16.673766416948162,0.0,0.1,0.02,0.0007262135994933721,72.27666372233784
10172263,16.74306241639843,0.0,0.1,0.02,0.0006885593626656743,72.80909023228116
10172264,16.779685172584582,0.0,0.1,0.02,0.0006694023844790025,73.09125207079555
10172265,16.779685172584582,0.0,0.1,0.02,0.0006694023844790025,73.09125207079555
10172542,16.528352532091382,0.0,0.1,0.02,0.0008115504519541251,71.16564001710971
10172543,16.549536283218668,0.0,0.1,0.02,0.0007985630346373267,71.3269665211329
10172544,16.531583951754868,0.0,0.1,0.02,0.0008095566917498586,71.19023754253868
10172545,16.528352532091382,0.0,0.1,0.02,0.0008115504519541251,71.16564001710971
10172546,16.561384821984774,0.0,0.1,0.02,0.0007913835409324073,71.41727826635831
10172547,16.577182873672918,0.0,0.1,0.02,0.0007819043590441473,71.53778127911187
10172548,16.638579847279114,0.0,0.1,0.02,0.0007460598214132216,72.00704771413565
10172549,16.70715775347083,0.0,0.1,0.02,0.0007078359647403271,72.53298179334294
10172550,16.800868923711867,0.0,0.1,0.02,0.0006585495293431026,73.2547082420613
10172551,16.806254623151005,0.0,0.1,0.02,0.0006558166195433275,73.29629351478792
10172552,16.806254623151005,0.0,0.1,0.02,0.0006558166195433275,73.29629351478792
10172830,16.580773339965678,0.0,0.1,0.02,0.0007797647978097492,71.56518225022899
10172831,16.561384821984774,0.0,0.1,0.02,0.0007913835409324073,71.41727826635831
10172832,16.561384821984774,0.0,0.1,0.02,0.0007913835409324073,71.41727826635831
10172833,16.580773339965678,0.0,0.1,0.02,0.0007797647978097492,71.56518225022899
10172834,16.638579847279114,0.0,0.1,0.02,0.0007460598214132216,72.00704771413565
10172835,16.706080613583,0.0,0.1,0.02,0.0007084219616943644,72.52470650708976
10172836,16.74306241639843,0.0,0.1,0.02,0.0006885593626656743,72.80909023228116
10172837,16.8123584158487,0.0,0.1,0.02,0.0006527321140732335,73.34343751644042
10172838,16.8227707680977,0.0,0.1,0.02,0.0006475015289186656,73.4238940312902
10172839,16.87411443608417,0.0,0.1,0.02,0.0006222763920905417,73.821262036497
10172840,16.873396342825618,0.0,0.1,0.02,0.0006226227768881859,73.81569717124181
10173117,16.609856116937035,0.0,0.1,0.02,0.0007626342371922775,71.78732016200716
10173118,16.642529360201152,0.0,0.1,0.02,0.0007438072672218627,72.03728606123263
10173119,16.642529360201152,0.0,0.1,0.02,0.0007438072672218627,72.03728606123263
10173120,16.642529360201152,0.0,0.1,0.02,0.0007438072672218627,72.03728606123263
10173121,16.706080613583,0.0,0.1,0.02,0.0007084219616943644,72.52470650708976
10173122,16.74306241639843,0.0,0.1,0.02,0.0006885593626656743,72.80909023228116
10173123,16.801946063599694,0.0,0.1,0.02,0.0006580020988895908,73.26302436842235
10173124,16.8123584158487,0.0,0.1,0.02,0.0006527321140732335,73.34343751644042
10173125,16.873396342825618,0.0,0.1,0.02,0.0006226227768881859,73.81569717124181
10173126,16.961003720368964,0.0,0.1,0.02,0.0005816664897885856,74.49613316084293
10173127,16.996549336667286,0.0,0.1,0.02,0.0005657780351394906,74.77308720742032
10173128,16.788302291687206,0.0,0.1,0.02,0.0006649676893648409,73.15772105910119
10173404,16.655455038855088,0.0,0.1,0.02,0.000736479501390959,72.13629154911976
10173405,16.655455038855088,0.0,0.1,0.02,0.000736479501390959,72.13629154911976
10173406,16.690282561894858,0.0,0.1,0.02,0.00071706870713326,72.40338896107316
10173407,16.690282561894858,0.0,0.1,0.02,0.00071706870713326,72.40338896107316
10173408,16.70715775347083,0.0,0.1,0.02,0.0007078359647403271,72.53298179334294
10173409,16.747370975949742,0.0,0.1,0.02,0.0006862793552624767,72.84225789716652
10173410,16.806254623151005,0.0,0.1,0.02,0.0006558166195433275,73.29629351478792
10173411,16.81594888214146,0.0,0.1,0.02,0.0006509240271385186,73.37117624350037
10173412,16.87411443608417,0.0,0.1,0.02,0.0006222763920905417,73.821262036497
10173413,17.043584445102443,0.0,0.1,0.02,0.0005453766728113945,75.14033859257003
10173414,17.087747180503392,0.0,0.1,0.02,0.0005268488871740464,75.48596792146373
10173415,17.076616734995834,0.0,0.1,0.02,0.000531462214033892,75.3987845577838
10173692,16.701413007402415,0.0,0.1,0.02,0.0007109665116535926,72.48885229616855
10173693,16.690282561894858,0.0,0.1,0.02,0.00071706870713326,72.40338896107316
10173694,16.690282561894858,0.0,0.1,0.02,0.00071706870713326,72.40338896107316
10173695,16.70284919391952,0.0,0.1,0.02,0.0007101826671888973,72.49988343288311
10173696,16.757783328198748,0.0,0.1,0.02,0.0006807983704309798,72.92244374316994
10173697,16.805536529892454,0.0,0.1,0.02,0.0006561803952003778,73.29074814140239
10173698,16.81594888214146,0.0,0.1,0.02,0.0006509240271385186,73.37117624350037
10173699,16.98470079790118,0.0,0.1,0.02,0.0005710285762008491,74.68071303674617
10173700,17.043584445102443,0.0,0.1,0.02,0.0005453766728113945,75.14033859257003
10173701,17.087747180503392,0.0,0.1,0.02,0.0005268488871740464,75.48596792146373
10173702,17.087747180503392,0.0,0.1,0.02,0.0005268488871740464,75.48596792146373
10173703,17.019887367570227,0.0,0.1,0.02,0.0005555677151506802,74.95520056852556
10173980,16.69818158773893,0.0,0.1,0.02,0.0007127331113433227,72.4640352551596
10173981,16.584363806258438,0.0,0.1,0.02,0.0007776306901646522,71.59258837792541
10173982,16.701413007402415,0.0,0.1,0.02,0.0007109665116535926,72.48885229616855
10173983,16.747370975949742,0.0,0.1,0.02,0.0006862793552624767,72.84225789716652
10173984,16.801946063599694,0.0,0.1,0.02,0.0006580020988895908,73.26302436842235
10173985,16.8123584158487,0.0,0.1,0.02,0.0006527321140732335,73.34343751644042
10173986,16.87411443608417,0.0,0.1,0.02,0.0006222763920905417,73.821262036497
10173987,17.019887367570227,0.0,0.1,0.02,0.0005555677151506802,74.95520056852556
10173988,17.05758726364421,0.0,0.1,0.02,0.0005394370881305817,75.24984391501164
10173989,17.04394349173172,0.0,0.1,0.02,0.0005452236152943333,75.14314544160054
10173990,17.019887367570227,0.0,0.1,0.02,0.0005555677151506802,74.95520056852556
10174268,16.53589251130618,0.0,0.1,0.02,0.0008069054377737116,71.22304074040053
10174269,16.496756428715095,0.0,0.1,0.02,0.000831287298821168,70.92535096238566
10174270,16.530147765237764,0.0,0.1,0.02,0.0008104422437635007,71.17930479335678
10174271,16.690282561894858,0.0,0.1,0.02,0.00071706870713326,72.40338896107316
10174272,16.79512417764345,0.0,0.1,0.02,0.0006614763410789168,73.21036340613617
10174273,16.801946063599694,0.0,0.1,0.02,0.0006580020988895908,73.26302436842235
10174274,16.873396342825618,0.0,0.1,0.02,0.0006226227768881859,73.81569717124181
10174275,17.005884549028462,0.0,0.1,0.02,0.0005616730489467471,74.84590640800545
10174276,16.95130946137851,0.0,0.1,0.02,0.0005860714806198936,74.42068795246264
10174277,16.95130946137851,0.0,0.1,0.02,0.0005860714806198936,74.42068795246264
10174556,16.29461317643271,0.0,0.1,0.02,0.0009685119959951576,69.3974968903476
10174557,16.1840268146157,0.0,0.1,0.02,0.001052215686821691,68.5685716018557
10174558,16.200902006191672,0.0,0.1,0.02,0.0010390227023578877,68.69474716903675
10174559,16.274147518563975,0.0,0.1,0.02,0.0009835202791520666,69.24372300976037
10174560,16.33015879273103,0.0,0.1,0.02,0.0009429497131702933,69.66497603189315
10174561,16.49172977590523,0.0,0.1,0.02,0.0008344681370969902,70.88715997620108
10174562,16.745575742803364,0.0,0.1,0.02,0.0006872285014239112,72.82843713439625
10174563,16.920431451260775,0.0,0.1,0.02,0.000600310729044133,74.18063155062373
10174844,16.150276431463755,0.0,0.1,0.02,0.0010790694610327493,68.31656219400249
10174845,16.1840268146157,0.0,0.1,0.02,0.001052215686821691,68.5685716018557
10174846,16.1840268146157,0.0,0.1,0.02,0.001052215686821691,68.5685716018557
10174847,16.1840268146157,0.0,0.1,0.02,0.001052215686821691,68.5685716018557
10174848,16.274147518563975,0.0,0.1,0.02,0.0009835202791520666,69.24372300976037
10174849,16.336262585428724,0.0,0.1,0.02,0.0009386238321633006,69.7109576374444
10174850,16.49172977590523,0.0,0.1,0.02,0.0008344681370969902,70.88715997620108
10175132,16.122270794380228,0.0,0.1,0.02,0.0011018338061017077,68.10779390784535
10175133,16.122270794380228,0.0,0.1,0.02,0.0011018338061017077,68.10779390784535
10175134,16.150276431463755,0.0,0.1,0.02,0.0010790694610327493,68.31656219400249
10175135,16.1840268146157,0.0,0.1,0.02,0.001052215686821691,68.5685716018557
10175136,16.19120774720122,0.0,0.1,0.02,0.0010465827553614582,68.62224940980697
10252903,16.80230511022897,0.0,0.1,0.02,0.0006578197164308709,73.2657965136743
10252904,16.673407370318888,0.0,0.1,0.02,0.0007264136033571353,72.27391003763972
10252905,16.61667800289328,0.0,0.1,0.02,0.0007586670414936775,71.83947557326076
10252906,16.584722852887715,0.0,0.1,0.02,0.0007774175788573044,71.59532927430692
10252907,16.576823827043643,0.0,0.1,0.02,0.0007821186156058069,71.53504146561201
10253189,16.935511409690367,0.0,0.1,0.02,0.0005933167963089434,74.29782075124089
10253190,16.7495252557254,0.0,0.1,0.02,0.000685141993490672,72.858844514162
10253191,16.678074976499474,0.0,0.1,0.02,0.0007238175529056311,72.30971196084707
10253192,16.64791505964029,0.0,0.1,0.02,0.0007407458139495854,72.07853022623988
10253193,16.61667800289328,0.0,0.1,0.02,0.0007586670414936775,71.83947557326076
10253194,16.61667800289328,0.0,0.1,0.02,0.0007586670414936775,71.83947557326076
10253195,16.6238589354788,0.0,0.1,0.02,0.0007545118216548394,71.89439611681847
10253476,16.843954519224987,0.0,0.1,0.02,0.0006369804912534151,73.58771528836895
10253477,16.7495252557254,0.0,0.1,0.02,0.000685141993490672,72.858844514162
10253478,16.678074976499474,0.0,0.1,0.02,0.0007238175529056311,72.30971196084707
10253479,16.63750270739129,0.0,0.1,0.02,0.0007466752565748333,71.99880197508178
10253480,16.59944376468803,0.0,0.1,0.02,0.0007687267044865598,71.70775042409609
10253481,16.636066520874184,0.0,0.1,0.02,0.0007474965726254225,71.98780837826436
10253482,16.646478873123186,0.0,0.1,0.02,0.0007415610513999615,72.0675306477905
10253483,16.6597635984064,0.0,0.1,0.02,0.0007340519003422417,72.16930822936379
10253763,16.80122797034114,0.0,0.1,0.02,0.0006583670053345089,73.25748023261585
10253764,16.678793069758026,0.0,0.1,0.02,0.0007234189288726087,72.3152207225197
10253765,16.673407370318888,0.0,0.1,0.02,0.0007264136033571353,72.27391003763972
10253766,16.59944376468803,0.0,0.1,0.02,0.0007687267044865598,71.70775042409609
10253767,16.636066520874184,0.0,0.1,0.02,0.0007474965726254225,71.98780837826436
10253768,16.646478873123186,0.0,0.1,0.02,0.0007415610513999615,72.0675306477905
10253769,16.678074976499474,0.0,0.1,0.02,0.0007238175529056311,72.30971196084707
10253770,16.70967107987576,0.0,0.1,0.02,0.0007064703953731996,72.55229259940305
10253771,16.757783328198748,0.0,0.1,0.02,0.0006807983704309798,72.92244374316994
10254050,16.655814085484362,0.0,0.1,0.02,0.0007362769159113496,72.13904265552821
10254051,16.64719696638174,0.0,0.1,0.02,0.0007411533282275549,72.07303033388361
10254052,16.646478873123186,0.0,0.1,0.02,0.0007415610513999615,72.0675306477905
10254053,16.57861906019002,0.0,0.1,0.02,0.0007810478793039922,71.54874104876919
10254054,16.63750270739129,0.0,0.1,0.02,0.0007466752565748333,71.99880197508178
10254055,16.6597635984064,0.0,0.1,0.02,0.0007340519003422417,72.16930822936379
10254056,16.678074976499474,0.0,0.1,0.02,0.0007238175529056311,72.30971196084707
10254057,16.738394810217844,0.0,0.1,0.02,0.0006910373403825714,72.77316697476337
10254058,16.78794324505793,0.0,0.1,0.02,0.0006651519198537111,73.15495092491518
10254059,16.8227707680977,0.0,0.1,0.02,0.0006475015289186656,73.4238940312902
10254337,16.591544738843957,0.0,0.1,0.02,0.0007733787847576464,71.64741610305609
10254338,16.570001941087398,0.0,0.1,0.02,0.0007861998933244374,71.48299480661544
10254339,16.562821008501878,0.0,0.1,0.02,0.0007905173953582277,71.42822896043612
10254340,16.562821008501878,0.0,0.1,0.02,0.0007905173953582277,71.42822896043612
10254341,16.57861906019002,0.0,0.1,0.02,0.0007810478793039922,71.54874104876919
10254342,16.638579847279114,0.0,0.1,0.02,0.0007460598214132216,72.00704771413565
10254343,16.678074976499474,0.0,0.1,0.02,0.0007238175529056311,72.30971196084707
10254344,16.738394810217844,0.0,0.1,0.02,0.0006910373403825714,72.77316697476337
10254345,16.8227707680977,0.0,0.1,0.02,0.0006475015289186656,73.4238940312902
10254346,16.8227707680977,0.0,0.1,0.02,0.0006475015289186656,73.4238940312902
10254347,16.8227707680977,0.0,0.1,0.02,0.0006475015289186656,73.4238940312902
10254624,16.561384821984774,0.0,0.1,0.02,0.0007913835409324073,71.41727826635831
10254625,16.561384821984774,0.0,0.1,0.02,0.0007913835409324073,71.41727826635831
10254626,16.561384821984774,0.0,0.1,0.02,0.0007913835409324073,71.41727826635831
10254627,16.561384821984774,0.0,0.1,0.02,0.0007913835409324073,71.41727826635831
10254628,16.562821008501878,0.0,0.1,0.02,0.0007905173953582277,71.42822896043612
10254629,16.57861906019002,0.0,0.1,0.02,0.0007810478793039922,71.54874104876919
10254630,16.638579847279114,0.0,0.1,0.02,0.0007460598214132216,72.00704771413565
10254631,16.708593939987935,0.0,0.1,0.02,0.0007070553383775119,72.54401623026826
10254632,16.7764537529211,0.0,0.1,0.02,0.0006710724955502451,73.0663338577012
10254633,16.8227707680977,0.0,0.1,0.02,0.0006475015289186656,73.4238940312902
10254634,16.8227707680977,0.0,0.1,0.02,0.0006475015289186656,73.4238940312902
10254911,16.561384821984774,0.0,0.1,0.02,0.0007913835409324073,71.41727826635831
10254912,16.561384821984774,0.0,0.1,0.02,0.0007913835409324073,71.41727826635831
10254913,16.561384821984774,0.0,0.1,0.02,0.0007913835409324073,71.41727826635831
10254914,16.561384821984774,0.0,0.1,0.02,0.0007913835409324073,71.41727826635831
10254915,16.561384821984774,0.0,0.1,0.02,0.0007913835409324073,71.41727826635831
10254916,16.59944376468803,0.0,0.1,0.02,0.0007687267044865598,71.70775042409609
10254917,16.642529360201152,0.0,0.1,0.02,0.0007438072672218627,72.03728606123263
10254918,16.708593939987935,0.0,0.1,0.02,0.0007070553383775119,72.54401623026826
10254919,16.80158701697042,0.0,0.1,0.02,0.000658184528520403,73.2602522747362
10254920,16.8227707680977,0.0,0.1,0.02,0.0006475015289186656,73.4238940312902
10254921,16.824566001244083,0.0,0.1,0.02,0.0006466036661962918,73.43777022728774
10254922,16.824566001244083,0.0,0.1,0.02,0.0006466036661962918,73.43777022728774
10255199,16.580773339965678,0.0,0.1,0.02,0.0007797647978097492,71.56518225022899
10255200,16.561384821984774,0.0,0.1,0.02,0.0007913835409324073,71.41727826635831
10255201,16.561384821984774,0.0,0.1,0.02,0.0007913835409324073,71.41727826635831
10255202,16.59944376468803,0.0,0.1,0.02,0.0007687267044865598,71.70775042409609
10255203,16.642529360201152,0.0,0.1,0.02,0.0007438072672218627,72.03728606123263
10255204,16.70715775347083,0.0,0.1,0.02,0.0007078359647403271,72.53298179334294
10255205,16.758860468086574,0.0,0.1,0.02,0.000680233708014655,72.93074130584557
10255206,16.824566001244083,0.0,0.1,0.02,0.0006466036661962918,73.43777022728774
10255207,16.868728736645032,0.0,0.1,0.02,0.0006248786684992725,73.77953057474781
10255208,16.939101875983127,0.0,0.1,0.02,0.0005916628266594243,74.32573634897014
10255209,16.961003720368964,0.0,0.1,0.02,0.0005816664897885856,74.49613316084293
10255486,16.609856116937035,0.0,0.1,0.02,0.0007626342371922775,71.78732016200716
10255487,16.642529360201152,0.0,0.1,0.02,0.0007438072672218627,72.03728606123263
10255488,16.642529360201152,0.0,0.1,0.02,0.0007438072672218627,72.03728606123263
10255489,16.642529360201152,0.0,0.1,0.02,0.0007438072672218627,72.03728606123263
10255490,16.70715775347083,0.0,0.1,0.02,0.0007078359647403271,72.53298179334294
10255491,16.744857649544812,0.0,0.1,0.02,0.0006876085025227246,72.8229091902487
10255492,16.806254623151005,0.0,0.1,0.02,0.0006558166195433275,73.29629351478792
10255493,16.836055493380915,0.0,0.1,0.02,0.0006408847971299097,73.52660840862124
10255494,16.939101875983127,0.0,0.1,0.02,0.0005916628266594243,74.32573634897014
10255495,17.04107111869751,0.0,0.1,0.02,0.000546449200282875,75.12069209319878
10255773,16.655455038855088,0.0,0.1,0.02,0.000736479501390959,72.13629154911976
10255774,16.657250272001466,0.0,0.1,0.02,0.0007354670931722517,72.15004759682004
10255775,16.690282561894858,0.0,0.1,0.02,0.00071706870713326,72.40338896107316
10255776,16.701413007402415,0.0,0.1,0.02,0.0007109665116535926,72.48885229616855
10255777,16.70715775347083,0.0,0.1,0.02,0.0007078359647403271,72.53298179334294
10255778,16.7585014214573,0.0,0.1,0.02,0.0006804218802720145,72.92797540005458
10255779,16.806254623151005,0.0,0.1,0.02,0.0006558166195433275,73.29629351478792
10255780,16.868728736645032,0.0,0.1,0.02,0.0006248786684992725,73.77953057474781
10255781,16.961003720368964,0.0,0.1,0.02,0.0005816664897885856,74.49613316084293
10255782,17.11575281758692,0.0,0.1,0.02,0.0005154062300550488,75.70555172013384
10255783,17.141245128265513,0.0,0.1,0.02,0.0005051929089189193,75.90570203772275
10256060,16.701413007402415,0.0,0.1,0.02,0.0007109665116535926,72.48885229616855
10256061,16.701413007402415,0.0,0.1,0.02,0.0007109665116535926,72.48885229616855
10256062,16.701413007402415,0.0,0.1,0.02,0.0007109665116535926,72.48885229616855
10256063,16.701413007402415,0.0,0.1,0.02,0.0007109665116535926,72.48885229616855
10256064,16.70715775347083,0.0,0.1,0.02,0.0007078359647403271,72.53298179334294
10256065,16.79512417764345,0.0,0.1,0.02,0.0006614763410789168,73.21036340613617
10256066,16.806254623151005,0.0,0.1,0.02,0.0006558166195433275,73.29629351478792
10256067,16.868728736645032,0.0,0.1,0.02,0.0006248786684992725,73.77953057474781
10256068,17.032813046224163,0.0,0.1,0.02,0.0005499871135205403,75.05615709974897
10256069,17.05040633105869,0.0,0.1,0.02,0.000542475435266289,75.19367754189992
10256070,17.11575281758692,0.0,0.1,0.02,0.0005154062300550488,75.70555172013384
10256071,17.141245128265513,0.0,0.1,0.02,0.0005051929089189193,75.90570203772275
10256348,16.73875385684712,0.0,0.1,0.02,0.0006908464318895848,72.77592999286998
10256349,16.701413007402415,0.0,0.1,0.02,0.0007109665116535926,72.48885229616855
10256350,16.657250272001466,0.0,0.1,0.02,0.0007354670931722517,72.15004759682004
10256351,16.70715775347083,0.0,0.1,0.02,0.0007078359647403271,72.53298179334294
10256352,16.7585014214573,0.0,0.1,0.02,0.0006804218802720145,72.92797540005458
10256353,16.805536529892454,0.0,0.1,0.02,0.0006561803952003778,73.29074814140239
10256354,16.836055493380915,0.0,0.1,0.02,0.0006408847971299097,73.52660840862124
10256355,16.939101875983127,0.0,0.1,0.02,0.0005916628266594243,74.32573634897014
10256356,17.043584445102443,0.0,0.1,0.02,0.0005453766728113945,75.14033859257003
10256357,17.11575281758692,0.0,0.1,0.02,0.0005154062300550488,75.70555172013384
10256358,17.04394349173172,0.0,0.1,0.02,0.0005452236152943333,75.14314544160054
10256635,16.701413007402415,0.0,0.1,0.02,0.0007109665116535926,72.48885229616855
10256636,16.580773339965678,0.0,0.1,0.02,0.0007797647978097492,71.56518225022899
10256637,16.53589251130618,0.0,0.1,0.02,0.0008069054377737116,71.22304074040053
10256638,16.496756428715095,0.0,0.1,0.02,0.000831287298821168,70.92535096238566
10256639,16.530147765237764,0.0,0.1,0.02,0.0008104422437635007,71.17930479335678
10256640,16.70715775347083,0.0,0.1,0.02,0.0007078359647403271,72.53298179334294
10256641,16.79512417764345,0.0,0.1,0.02,0.0006614763410789168,73.21036340613617
10256642,16.805536529892454,0.0,0.1,0.02,0.0006561803952003778,73.29074814140239
10256643,16.92617619732919,0.0,0.1,0.02,0.0005976373458793656,74.22526432993584
10256644,17.019887367570227,0.0,0.1,0.02,0.0005555677151506802,74.95520056852556
10256645,17.025273067009365,0.0,0.1,0.02,0.0005532360650292893,74.99725766825627
10256923,16.53589251130618,0.0,0.1,0.02,0.0008069054377737116,71.22304074040053
10256924,16.432128035445416,0.0,0.1,0.02,0.0008730572384754837,70.43509439009966
10256925,16.29461317643271,0.0,0.1,0.02,0.0009685119959951576,69.3974968903476
10256926,16.198747726416016,0.0,0.1,0.02,0.0010406983188519737,68.67863330722963
10256927,16.274147518563975,0.0,0.1,0.02,0.0009835202791520666,69.24372300976037
10256928,16.354573963521798,0.0,0.1,0.02,0.0009257566202954605,69.84899186918283
10256929,16.4802402837684,0.0,0.1,0.02,0.0008417812087387358,70.79990424591695
10256930,16.525839205686452,0.0,0.1,0.02,0.0008131043136189611,71.14651149612715
10256931,16.804459390004627,0.0,0.1,0.02,0.0006567264116658281,73.28243046806756
10257213,16.1840268146157,0.0,0.1,0.02,0.001052215686821691,68.5685716018557
10257214,16.198747726416016,0.0,0.1,0.02,0.0010406983188519737,68.67863330722963
10257215,16.198747726416016,0.0,0.1,0.02,0.0010406983188519737,68.67863330722963
10257216,16.270557052271215,0.0,0.1,0.02,0.0009861754864524458,69.21676241051372
10257217,16.354573963521798,0.0,0.1,0.02,0.0009257566202954605,69.84899186918283
10257501,16.13735075280982,0.0,0.1,0.02,0.0010895212911237557,68.22016861665215
10257502,16.126220307302262,0.0,0.1,0.02,0.0010985966804011782,68.13721658723182
10257503,16.19120774720122,0.0,0.1,0.02,0.0010465827553614582,68.62224940980697
10335276,16.593699018619613,0.0,0.1,0.02,0.000772107441826585,71.66386844272712
10335561,16.650428386045224,0.0,0.1,0.02,0.0007393211576051408,72.09778147380933
10335562,16.646837919752464,0.0,0.1,0.02,0.0007413571636958222,72.07028046505417
10335563,16.646837919752464,0.0,0.1,0.02,0.0007413571636958222,72.07028046505417
10335564,16.646837919752464,0.0,0.1,0.02,0.0007413571636958222,72.07028046505417
10335846,16.7495252557254,0.0,0.1,0.02,0.000685141993490672,72.858844514162
10335847,16.678074976499474,0.0,0.1,0.02,0.0007238175529056311,72.30971196084707
10335848,16.650428386045224,0.0,0.1,0.02,0.0007393211576051408,72.09778147380933
10335849,16.64791505964029,0.0,0.1,0.02,0.0007407458139495854,72.07853022623988
10335850,16.650428386045224,0.0,0.1,0.02,0.0007393211576051408,72.09778147380933
10335851,16.660481691664952,0.0,0.1,0.02,0.000733648025881273,72.17481173132556
10335852,16.68741018886065,0.0,0.1,0.02,0.0007186513732373755,72.3813419511187
10336132,16.80122797034114,0.0,0.1,0.02,0.0006583670053345089,73.25748023261585
10336133,16.68741018886065,0.0,0.1,0.02,0.0007186513732373755,72.3813419511187
10336134,16.673766416948162,0.0,0.1,0.02,0.0007262135994933721,72.27666372233784
10336135,16.60841993041993,0.0,0.1,0.02,0.000763471894983005,71.77634244745393
10336136,16.63750270739129,0.0,0.1,0.02,0.0007466752565748333,71.99880197508178
10336137,16.650428386045224,0.0,0.1,0.02,0.0007393211576051408,72.09778147380933
10336138,16.678074976499474,0.0,0.1,0.02,0.0007238175529056311,72.30971196084707
10336139,16.70967107987576,0.0,0.1,0.02,0.0007064703953731996,72.55229259940305
10336418,16.7495252557254,0.0,0.1,0.02,0.000685141993490672,72.858844514162
10336419,16.68741018886065,0.0,0.1,0.02,0.0007186513732373755,72.3813419511187
10336420,16.650428386045224,0.0,0.1,0.02,0.0007393211576051408,72.09778147380933
10336421,16.644683639976808,0.0,0.1,0.02,0.0007425812738879794,72.05378233495912
10336422,16.57861906019002,0.0,0.1,0.02,0.0007810478793039922,71.54874104876919
10336423,16.62206370233242,0.0,0.1,0.02,0.0007555486342564554,71.88066404721181
10336424,16.650428386045224,0.0,0.1,0.02,0.0007393211576051408,72.09778147380933
10336425,16.678074976499474,0.0,0.1,0.02,0.0007238175529056311,72.30971196084707
10336426,16.70967107987576,0.0,0.1,0.02,0.0007064703953731996,72.55229259940305
10336427,16.7764537529211,0.0,0.1,0.02,0.0006710724955502451,73.0663338577012
10336705,16.60518851075645,0.0,0.1,0.02,0.0007653597596491063,71.75164560630805
10336706,16.591544738843957,0.0,0.1,0.02,0.0007733787847576464,71.64741610305609
10336707,16.570001941087398,0.0,0.1,0.02,0.0007861998933244374,71.48299480661544
10336708,16.562821008501878,0.0,0.1,0.02,0.0007905173953582277,71.42822896043612
10336709,16.562821008501878,0.0,0.1,0.02,0.0007905173953582277,71.42822896043612
10336710,16.577182873672918,0.0,0.1,0.02,0.0007819043590441473,71.53778127911187
10336711,16.62206370233242,0.0,0.1,0.02,0.0007555486342564554,71.88066404721181
10336712,16.673766416948162,0.0,0.1,0.02,0.0007262135994933721,72.27666372233784
10336713,16.70967107987576,0.0,0.1,0.02,0.0007064703953731996,72.55229259940305
10336714,16.788302291687206,0.0,0.1,0.02,0.0006649676893648409,73.15772105910119
10336715,16.788302291687206,0.0,0.1,0.02,0.0006649676893648409,73.15772105910119
10336993,16.53948297759894,0.0,0.1,0.02,0.0008047022368490967,71.25038241085596
10336994,16.53948297759894,0.0,0.1,0.02,0.0008047022368490967,71.25038241085596
10336995,16.561384821984774,0.0,0.1,0.02,0.0007913835409324073,71.41727826635831
10336996,16.561384821984774,0.0,0.1,0.02,0.0007913835409324073,71.41727826635831
10336997,16.56461624164826,0.0,0.1,0.02,0.0007894359547594771,71.44191848826372
10336998,16.57861906019002,0.0,0.1,0.02,0.0007810478793039922,71.54874104876919
10336999,16.638579847279114,0.0,0.1,0.02,0.0007460598214132216,72.00704771413565
10337000,16.706080613583,0.0,0.1,0.02,0.0007084219616943644,72.52470650708976
10337001,16.745575742803364,0.0,0.1,0.02,0.0006872285014239112,72.82843713439625
10337002,16.77537661303327,0.0,0.1,0.02,0.0006716300623454285,73.05802871485399
10337280,16.528352532091382,0.0,0.1,0.02,0.0008115504519541251,71.16564001710971
10337281,16.561384821984774,0.0,0.1,0.02,0.0007913835409324073,71.41727826635831
10337282,16.561384821984774,0.0,0.1,0.02,0.0007913835409324073,71.41727826635831
10337283,16.53948297759894,0.0,0.1,0.02,0.0008047022368490967,71.25038241085596
10337284,16.561384821984774,0.0,0.1,0.02,0.0007913835409324073,71.41727826635831
10337285,16.57861906019002,0.0,0.1,0.02,0.0007810478793039922,71.54874104876919
10337286,16.641093173684048,0.0,0.1,0.02,0.0007446256436111935,72.02628957673082
10337287,16.70715775347083,0.0,0.1,0.02,0.0007078359647403271,72.53298179334294
10337288,16.745575742803364,0.0,0.1,0.02,0.0006872285014239112,72.82843713439625
10337289,16.788302291687206,0.0,0.1,0.02,0.0006649676893648409,73.15772105910119
10337290,16.84898117203485,0.0,0.1,0.02,0.0006345075016710001,73.62661447915183
10337567,16.570001941087398,0.0,0.1,0.02,0.0007861998933244374,71.48299480661544
10337568,16.580773339965678,0.0,0.1,0.02,0.0007797647978097492,71.56518225022899
10337569,16.576823827043643,0.0,0.1,0.02,0.0007821186156058069,71.53504146561201
10337570,16.576823827043643,0.0,0.1,0.02,0.0007821186156058069,71.53504146561201
10337571,16.580773339965678,0.0,0.1,0.02,0.0007797647978097492,71.56518225022899
10337572,16.641093173684048,0.0,0.1,0.02,0.0007446256436111935,72.02628957673082
10337573,16.706080613583,0.0,0.1,0.02,0.0007084219616943644,72.52470650708976
10337574,16.74306241639843,0.0,0.1,0.02,0.0006885593626656743,72.80909023228116
10337575,16.806254623151005,0.0,0.1,0.02,0.0006558166195433275,73.29629351478792
10337576,16.868728736645032,0.0,0.1,0.02,0.0006248786684992725,73.77953057474781
10337577,16.939460922612405,0.0,0.1,0.02,0.0005914976667206667,74.32852819235495
10337854,16.591544738843957,0.0,0.1,0.02,0.0007733787847576464,71.64741610305609
10337855,16.591544738843957,0.0,0.1,0.02,0.0007733787847576464,71.64741610305609
10337856,16.642529360201152,0.0,0.1,0.02,0.0007438072672218627,72.03728606123263
10337857,16.642529360201152,0.0,0.1,0.02,0.0007438072672218627,72.03728606123263
10337858,16.642529360201152,0.0,0.1,0.02,0.0007438072672218627,72.03728606123263
10337859,16.706080613583,0.0,0.1,0.02,0.0007084219616943644,72.52470650708976
10337860,16.744857649544812,0.0,0.1,0.02,0.0006876085025227246,72.8229091902487
10337861,16.806254623151005,0.0,0.1,0.02,0.0006558166195433275,73.29629351478792
10337862,16.868728736645032,0.0,0.1,0.02,0.0006248786684992725,73.77953057474781
10337863,16.939460922612405,0.0,0.1,0.02,0.0005914976667206667,74.32852819235495
10337864,17.04107111869751,0.0,0.1,0.02,0.000546449200282875,75.12069209319878
10338142,16.73875385684712,0.0,0.1,0.02,0.0006908464318895848,72.77592999286998
10338143,16.73875385684712,0.0,0.1,0.02,0.0006908464318895848,72.77592999286998
10338144,16.73875385684712,0.0,0.1,0.02,0.0006908464318895848,72.77592999286998
10338145,16.73875385684712,0.0,0.1,0.02,0.0006908464318895848,72.77592999286998
10338146,16.757783328198748,0.0,0.1,0.02,0.0006807983704309798,72.92244374316994
10338147,16.80158701697042,0.0,0.1,0.02,0.000658184528520403,73.2602522747362
10338148,16.809845089443765,0.0,0.1,0.02,0.0006540005617475012,73.32402347566311
10338149,16.868728736645032,0.0,0.1,0.02,0.0006248786684992725,73.77953057474781
10338150,17.04107111869751,0.0,0.1,0.02,0.000546449200282875,75.12069209319878
10338151,17.183253583890806,0.0,0.1,0.02,0.0004887744448118954,76.23609432955006
10338152,17.205514474905918,0.0,0.1,0.02,0.0004802777313486137,76.41146014414534
10338429,16.77717184617965,0.0,0.1,0.02,0.0006707010242373181,73.07187087742828
10338430,16.73875385684712,0.0,0.1,0.02,0.0006908464318895848,72.77592999286998
10338431,16.73875385684712,0.0,0.1,0.02,0.0006908464318895848,72.77592999286998
10338432,16.73875385684712,0.0,0.1,0.02,0.0006908464318895848,72.77592999286998
10338433,16.757783328198748,0.0,0.1,0.02,0.0006807983704309798,72.92244374316994
10338434,16.80158701697042,0.0,0.1,0.02,0.000658184528520403,73.2602522747362
10338435,16.809845089443765,0.0,0.1,0.02,0.0006540005617475012,73.32402347566311
10338436,16.868728736645032,0.0,0.1,0.02,0.0006248786684992725,73.77953057474781
10338437,17.04394349173172,0.0,0.1,0.02,0.0005452236152943333,75.14314544160054
10338438,17.087747180503392,0.0,0.1,0.02,0.0005268488871740464,75.48596792146373
10338439,17.205514474905918,0.0,0.1,0.02,0.0004802777313486137,76.41146014414534
10338440,17.235315345135827,0.0,0.1,0.02,0.0004691193072355114,76.64653435439074
10338717,16.757783328198748,0.0,0.1,0.02,0.0006807983704309798,72.92244374316994
10338718,16.73875385684712,0.0,0.1,0.02,0.0006908464318895848,72.77592999286998
10338719,16.73875385684712,0.0,0.1,0.02,0.0006908464318895848,72.77592999286998
10338720,16.757783328198748,0.0,0.1,0.02,0.0006807983704309798,72.92244374316994
10338721,16.80158701697042,0.0,0.1,0.02,0.000658184528520403,73.2602522747362
10338722,16.809845089443765,0.0,0.1,0.02,0.0006540005617475012,73.32402347566311
10338723,16.868728736645032,0.0,0.1,0.02,0.0006248786684992725,73.77953057474781
10338724,16.9918817304867,0.0,0.1,0.02,0.0005678410227718786,74.73669067905624
10338725,17.05758726364421,0.0,0.1,0.02,0.0005394370881305817,75.24984391501164
10338726,17.192229749622708,0.0,0.1,0.02,0.0004853315704298086,76.30678250238512
10338727,17.085592900727736,0.0,0.1,0.02,0.0005277388570854515,75.46908985460733
10339004,16.757783328198748,0.0,0.1,0.02,0.0006807983704309798,72.92244374316994
10339005,16.709312033246487,0.0,0.1,0.02,0.0007066653262299285,72.54953375812565
10339006,16.58328666637061,0.0,0.1,0.02,0.0007782703505891188,71.58436599817567
10339007,16.496756428715095,0.0,0.1,0.02,0.000831287298821168,70.92535096238566
10339008,16.530147765237764,0.0,0.1,0.02,0.0008104422437635007,71.17930479335678
10339009,16.79512417764345,0.0,0.1,0.02,0.0006614763410789168,73.21036340613617
10339010,16.809845089443765,0.0,0.1,0.02,0.0006540005617475012,73.32402347566311
10339011,16.809845089443765,0.0,0.1,0.02,0.0006540005617475012,73.32402347566311
10339012,16.92617619732919,0.0,0.1,0.02,0.0005976373458793656,74.22526432993584
10339013,17.019887367570227,0.0,0.1,0.02,0.0005555677151506802,74.95520056852556
10339014,17.04394349173172,0.0,0.1,0.02,0.0005452236152943333,75.14314544160054
10339292,16.58328666637061,0.0,0.1,0.02,0.0007782703505891188,71.58436599817567
10339293,16.477726957363465,0.0,0.1,0.02,0.0008433888733392637,70.780824093648
10339294,16.315437880930716,0.0,0.1,0.02,0.0009534590765633992,69.55414053023252
10339295,16.251527580919586,0.0,0.1,0.02,0.0010003596112670115,69.0739573235976
10339296,16.274147518563975,0.0,0.1,0.02,0.0009835202791520666,69.24372300976037
10339297,16.354573963521798,0.0,0.1,0.02,0.0009257566202954605,69.84899186918283
10339298,16.4802402837684,0.0,0.1,0.02,0.0008417812087387358,70.79990424591695
10339299,16.525839205686452,0.0,0.1,0.02,0.0008131043136189611,71.14651149612715
10339300,16.813435555736525,0.0,0.1,0.02,0.0006521891965903757,73.35175859311757
10339301,17.005884549028462,0.0,0.1,0.02,0.0005616730489467471,74.84590640800545
10339580,16.36965392195139,0.0,0.1,0.02,0.0009152834285421286,69.96276782684308
10339581,16.251527580919586,0.0,0.1,0.02,0.0010003596112670115,69.0739573235976
10339582,16.209519125294296,0.0,0.1,0.02,0.0010323452554731021,68.75922117995061
10339583,16.209519125294296,0.0,0.1,0.02,0.0010323452554731021,68.75922117995061
10339584,16.245064741592618,0.0,0.1,0.02,0.0010052198116467124,69.02549043329974
10339585,16.33015879273103,0.0,0.1,0.02,0.0009429497131702933,69.66497603189315
10339586,16.354573963521798,0.0,0.1,0.02,0.0009257566202954605,69.84899186918283
10339587,16.49172977590523,0.0,0.1,0.02,0.0008344681370969902,70.88715997620108
10339588,16.813435555736525,0.0,0.1,0.02,0.0006521891965903757,73.35175859311757
10339868,16.251527580919586,0.0,0.1,0.02,0.0010003596112670115,69.0739573235976
10339869,16.200902006191672,0.0,0.1,0.02,0.0010390227023578877,68.69474716903675
10339870,16.200902006191672,0.0,0.1,0.02,0.0010390227023578877,68.69474716903675
10339871,16.200902006191672,0.0,0.1,0.02,0.0010390227023578877,68.69474716903675
10339872,16.209519125294296,0.0,0.1,0.02,0.0010323452554731021,68.75922117995061
10339873,16.245064741592618,0.0,0.1,0.02,0.0010052198116467124,69.02549043329974
10339874,16.336262585428724,0.0,0.1,0.02,0.0009386238321633006,69.7109576374444
10417643,16.655814085484362,0.0,0.1,0.02,0.0007362769159113496,72.13904265552821
10417644,16.64432459334753,0.0,0.1,0.02,0.0007427854752649444,72.05103282709022
10417645,16.620986562444592,0.0,0.1,0.02,0.0007561713587745096,71.87242542423735
10417928,16.80230511022897,0.0,0.1,0.02,0.0006578197164308709,73.2657965136743
10417929,16.68741018886065,0.0,0.1,0.02,0.0007186513732373755,72.3813419511187
10417930,16.670894043913954,0.0,0.1,0.02,0.0007278150684738426,72.2546356885951
10417931,16.650428386045224,0.0,0.1,0.02,0.0007393211576051408,72.09778147380933
10417932,16.650428386045224,0.0,0.1,0.02,0.0007393211576051408,72.09778147380933
10417933,16.6597635984064,0.0,0.1,0.02,0.0007340519003422417,72.16930822936379
10418214,16.843954519224987,0.0,0.1,0.02,0.0006369804912534151,73.58771528836895
10418215,16.79153371135069,0.0,0.1,0.02,0.000663311755577155,73.18265458723604
10418216,16.68741018886065,0.0,0.1,0.02,0.0007186513732373755,72.3813419511187
10418217,16.655814085484362,0.0,0.1,0.02,0.0007362769159113496,72.13904265552821
10418218,16.6597635984064,0.0,0.1,0.02,0.0007340519003422417,72.16930822936379
10418219,16.660481691664952,0.0,0.1,0.02,0.000733648025881273,72.17481173132556
10418220,16.670894043913954,0.0,0.1,0.02,0.0007278150684738426,72.2546356885951
10418221,16.678074976499474,0.0,0.1,0.02,0.0007238175529056311,72.30971196084707
10418500,16.82205267483915,0.0,0.1,0.02,0.0006478609996173754,73.41834391385174
10418501,16.80230511022897,0.0,0.1,0.02,0.0006578197164308709,73.2657965136743
10418502,16.68741018886065,0.0,0.1,0.02,0.0007186513732373755,72.3813419511187
10418503,16.655814085484362,0.0,0.1,0.02,0.0007362769159113496,72.13904265552821
10418504,16.63750270739129,0.0,0.1,0.02,0.0007466752565748333,71.99880197508178
10418505,16.620986562444592,0.0,0.1,0.02,0.0007561713587745096,71.87242542423735
10418506,16.650428386045224,0.0,0.1,0.02,0.0007393211576051408,72.09778147380933
10418507,16.678074976499474,0.0,0.1,0.02,0.0007238175529056311,72.30971196084707
10418508,16.68561495571427,0.0,0.1,0.02,0.0007196421923270943,72.36756424578543
10418787,16.707875846729383,0.0,0.1,0.02,0.0007074455511827663,72.538498908674
10418788,16.672330230431058,0.0,0.1,0.02,0.0007270139230097321,72.26564929294013
10418789,16.620986562444592,0.0,0.1,0.02,0.0007561713587745096,71.87242542423735
10418790,16.603752324239345,0.0,0.1,0.02,0.0007662002056328773,71.74067057317603
10418791,16.576823827043643,0.0,0.1,0.02,0.0007821186156058069,71.53504146561201
10418792,16.593699018619613,0.0,0.1,0.02,0.000772107441826585,71.66386844272712
10418793,16.650428386045224,0.0,0.1,0.02,0.0007393211576051408,72.09778147380933
10418794,16.678074976499474,0.0,0.1,0.02,0.0007238175529056311,72.30971196084707
10418795,16.68561495571427,0.0,0.1,0.02,0.0007196421923270943,72.36756424578543
10418796,16.742703369769156,0.0,0.1,0.02,0.0006887496817690905,72.80632659538504
10419074,16.591544738843957,0.0,0.1,0.02,0.0007733787847576464,71.64741610305609
10419075,16.570001941087398,0.0,0.1,0.02,0.0007861998933244374,71.48299480661544
10419076,16.56533433490681,0.0,0.1,0.02,0.0007890037643933633,71.44739466035531
10419077,16.541637257374596,0.0,0.1,0.02,0.0008033830060285434,71.26678988828726
10419078,16.541637257374596,0.0,0.1,0.02,0.0008033830060285434,71.26678988828726
10419079,16.571079080975228,0.0,0.1,0.02,0.0007855541652441581,71.49121146256219
10419080,16.586518086034093,0.0,0.1,0.02,0.0007763528380045993,71.60903452970132
10419081,16.6597635984064,0.0,0.1,0.02,0.0007340519003422417,72.16930822936379
10419082,16.678074976499474,0.0,0.1,0.02,0.0007238175529056311,72.30971196084707
10419083,16.738394810217844,0.0,0.1,0.02,0.0006910373403825714,72.77316697476337
10419362,16.528352532091382,0.0,0.1,0.02,0.0008115504519541251,71.16564001710971
10419363,16.528352532091382,0.0,0.1,0.02,0.0008115504519541251,71.16564001710971
10419364,16.528352532091382,0.0,0.1,0.02,0.0008115504519541251,71.16564001710971
10419365,16.528352532091382,0.0,0.1,0.02,0.0008115504519541251,71.16564001710971
10419366,16.561384821984774,0.0,0.1,0.02,0.0007913835409324073,71.41727826635831
10419367,16.576823827043643,0.0,0.1,0.02,0.0007821186156058069,71.53504146561201
10419368,16.593699018619613,0.0,0.1,0.02,0.000772107441826585,71.66386844272712
10419369,16.676279743353096,0.0,0.1,0.02,0.0007248150088273236,72.29594095906685
10419370,16.7136205927978,0.0,0.1,0.02,0.0007043294618607561,72.58264325679673
10419371,16.742703369769156,0.0,0.1,0.02,0.0006887496817690905,72.80632659538504
10419649,16.528352532091382,0.0,0.1,0.02,0.0008115504519541251,71.16564001710971
10419650,16.558512448950566,0.0,0.1,0.02,0.00079311848383831,71.39537935336074
10419651,16.528352532091382,0.0,0.1,0.02,0.0008115504519541251,71.16564001710971
10419652,16.511836387144687,0.0,0.1,0.02,0.0008218123643072301,71.03998456231174
10419653,16.558512448950566,0.0,0.1,0.02,0.00079311848383831,71.39537935336074
10419654,16.576823827043643,0.0,0.1,0.02,0.0007821186156058069,71.53504146561201
10419655,16.621345609073867,0.0,0.1,0.02,0.0007559637308263757,71.87517158032969
10419656,16.706080613583,0.0,0.1,0.02,0.0007084219616943644,72.52470650708976
10419657,16.74306241639843,0.0,0.1,0.02,0.0006885593626656743,72.80909023228116
10419658,16.763887120896438,0.0,0.1,0.02,0.0006776043871310903,72.96946940132794
10419936,16.56533433490681,0.0,0.1,0.02,0.0007890037643933633,71.44739466035531
10419937,16.56533433490681,0.0,0.1,0.02,0.0007890037643933633,71.44739466035531
10419938,16.558512448950566,0.0,0.1,0.02,0.00079311848383831,71.39537935336074
10419939,16.558512448950566,0.0,0.1,0.02,0.00079311848383831,71.39537935336074
10419940,16.576823827043643,0.0,0.1,0.02,0.0007821186156058069,71.53504146561201
10419941,16.621345609073867,0.0,0.1,0.02,0.0007559637308263757,71.87517158032969
10419942,16.676279743353096,0.0,0.1,0.02,0.0007248150088273236,72.29594095906685
10419943,16.7136205927978,0.0,0.1,0.02,0.0007043294618607561,72.58264325679673
10419944,16.7764537529211,0.0,0.1,0.02,0.0006710724955502451,73.0663338577012
10419945,16.821334581580597,0.0,0.1,0.02,0.0006482206565115154,73.41279400267646
10420223,16.58579999277554,0.0,0.1,0.02,0.0007767785712597051,71.60355227284617
10420224,16.58579999277554,0.0,0.1,0.02,0.0007767785712597051,71.60355227284617
10420225,16.604470417497897,0.0,0.1,0.02,0.000765779875239572,71.74615798661046
10420226,16.604470417497897,0.0,0.1,0.02,0.000765779875239572,71.74615798661046
10420227,16.642529360201152,0.0,0.1,0.02,0.0007438072672218627,72.03728606123263
10420228,16.706080613583,0.0,0.1,0.02,0.0007084219616943644,72.52470650708976
10420229,16.74306241639843,0.0,0.1,0.02,0.0006885593626656743,72.80909023228116
10420230,16.836055493380915,0.0,0.1,0.02,0.0006408847971299097,73.52660840862124
10420231,16.868728736645032,0.0,0.1,0.02,0.0006248786684992725,73.77953057474781
10420232,16.879859182152586,0.0,0.1,0.02,0.000619511782068946,73.86578838401279
10420233,17.04107111869751,0.0,0.1,0.02,0.000546449200282875,75.12069209319878
10420511,16.788302291687206,0.0,0.1,0.02,0.0006649676893648409,73.15772105910119
10420512,16.788302291687206,0.0,0.1,0.02,0.0006649676893648409,73.15772105910119
10420513,16.788302291687206,0.0,0.1,0.02,0.0006649676893648409,73.15772105910119
10420514,16.788302291687206,0.0,0.1,0.02,0.0006649676893648409,73.15772105910119
10420515,16.788302291687206,0.0,0.1,0.02,0.0006649676893648409,73.15772105910119
10420516,16.82025744169277,0.0,0.1,0.02,0.000648760491162815,73.40446952265698
10420517,16.868728736645032,0.0,0.1,0.02,0.0006248786684992725,73.77953057474781
10420518,16.868728736645032,0.0,0.1,0.02,0.0006248786684992725,73.77953057474781
10420519,17.04107111869751,0.0,0.1,0.02,0.000546449200282875,75.12069209319878
10420520,17.15596604006583,0.0,0.1,0.02,0.0004993816028195068,76.02140019364425
10420521,17.235315345135827,0.0,0.1,0.02,0.0004691193072355114,76.64653435439074
10420799,16.788302291687206,0.0,0.1,0.02,0.0006649676893648409,73.15772105910119
10420800,16.788302291687206,0.0,0.1,0.02,0.0006649676893648409,73.15772105910119
10420801,16.788302291687206,0.0,0.1,0.02,0.0006649676893648409,73.15772105910119
10420802,16.788302291687206,0.0,0.1,0.02,0.0006649676893648409,73.15772105910119
10420803,16.82025744169277,0.0,0.1,0.02,0.000648760491162815,73.40446952265698
10420804,16.85616210462037,0.0,0.1,0.02,0.0006309901987633607,73.68220228406834
10420805,16.868728736645032,0.0,0.1,0.02,0.0006248786684992725,73.77953057474781
10420806,16.971416072617966,0.0,0.1,0.02,0.0005769696586735033,74.57720877460106
10420807,17.11575281758692,0.0,0.1,0.02,0.0005154062300550488,75.70555172013384
10420808,17.205514474905918,0.0,0.1,0.02,0.0004802777313486137,76.41146014414534
10420809,17.235315345135827,0.0,0.1,0.02,0.0004691193072355114,76.64653435439074
10420810,17.094569066459634,0.0,0.1,0.02,0.0005240398965931196,75.53942738005136
10421086,16.788302291687206,0.0,0.1,0.02,0.0006649676893648409,73.15772105910119
10421087,16.788302291687206,0.0,0.1,0.02,0.0006649676893648409,73.15772105910119
10421088,16.788302291687206,0.0,0.1,0.02,0.0006649676893648409,73.15772105910119
10421089,16.788302291687206,0.0,0.1,0.02,0.0006649676893648409,73.15772105910119
10421090,16.82025744169277,0.0,0.1,0.02,0.000648760491162815,73.40446952265698
10421091,16.85616210462037,0.0,0.1,0.02,0.0006309901987633607,73.68220228406834
10421092,16.868728736645032,0.0,0.1,0.02,0.0006248786684992725,73.77953057474781
10421093,16.92617619732919,0.0,0.1,0.02,0.0005976373458793656,74.22526432993584
10421094,17.052560610834345,0.0,0.1,0.02,0.0005415622558893142,75.21052528807014
10421095,17.205514474905918,0.0,0.1,0.02,0.0004802777313486137,76.41146014414534
10421096,17.094569066459634,0.0,0.1,0.02,0.0005240398965931196,75.53942738005136
10421097,17.085592900727736,0.0,0.1,0.02,0.0005277388570854515,75.46908985460733
10421373,16.788302291687206,0.0,0.1,0.02,0.0006649676893648409,73.15772105910119
10421374,16.788302291687206,0.0,0.1,0.02,0.0006649676893648409,73.15772105910119
10421375,16.711466313022143,0.0,0.1,0.02,0.0007054964927874074,72.56608757927691
10421376,16.500705941637133,0.0,0.1,0.02,0.0008287959893203303,70.95536525611293
10421377,16.530147765237764,0.0,0.1,0.02,0.0008104422437635007,71.17930479335678
10421378,16.652941712450154,0.0,0.1,0.02,0.0007378990548168892,72.11703524810261
10421379,16.755270001793814,0.0,0.1,0.02,0.0006821176164585686,72.90308456839615
10421380,16.801946063599694,0.0,0.1,0.02,0.0006580020988895908,73.26302436842235
10421381,16.804459390004627,0.0,0.1,0.02,0.0006567264116658281,73.28243046806756
10421382,16.897811513616386,0.0,0.1,0.02,0.0006109460928931409,74.00501830355769
10421383,16.967825606325206,0.0,0.1,0.02,0.0005785852393248831,74.54924676765827
10421661,16.711466313022143,0.0,0.1,0.02,0.0007054964927874074,72.56608757927691
10421662,16.496756428715095,0.0,0.1,0.02,0.000831287298821168,70.92535096238566
10421663,16.477726957363465,0.0,0.1,0.02,0.0008433888733392637,70.780824093648
10421664,16.37863008768329,0.0,0.1,0.02,0.0009091017991878121,70.03053479751617
10421665,16.412380470835235,0.0,0.1,0.02,0.0008862046062370047,70.285627014726
10421666,16.4802402837684,0.0,0.1,0.02,0.0008417812087387358,70.79990424591695
10421667,16.49172977590523,0.0,0.1,0.02,0.0008344681370969902,70.88715997620108
10421668,16.62314084222025,0.0,0.1,0.02,0.0007549263875308312,71.88890313427844
10421669,16.801946063599694,0.0,0.1,0.02,0.0006580020988895908,73.26302436842235
10421670,16.897811513616386,0.0,0.1,0.02,0.0006109460928931409,74.00501830355769
10421949,16.4802402837684,0.0,0.1,0.02,0.0008417812087387358,70.79990424591695
10421950,16.37863008768329,0.0,0.1,0.02,0.0009091017991878121,70.03053479751617
10421951,16.37863008768329,0.0,0.1,0.02,0.0009091017991878121,70.03053479751617
10421952,16.354573963521798,0.0,0.1,0.02,0.0009257566202954605,69.84899186918283
10421953,16.401968118586232,0.0,0.1,0.02,0.0008932107746269582,70.20687975121007
10421954,16.434282315221072,0.0,0.1,0.02,0.0008716340096622059,70.4514093584987
10421955,16.4802402837684,0.0,0.1,0.02,0.0008417812087387358,70.79990424591695
10421956,16.525839205686452,0.0,0.1,0.02,0.0008131043136189611,71.14651149612715
10422237,16.37863008768329,0.0,0.1,0.02,0.0009091017991878121,70.03053479751617
10422238,16.328722606213926,0.0,0.1,0.02,0.0009439702570900261,69.65415899635026
10422239,16.257272326988,0.0,0.1,0.02,0.000996057767089417,69.11705302975798
10422240,16.328722606213926,0.0,0.1,0.02,0.0009439702570900261,69.65415899635026
10422241,16.354573963521798,0.0,0.1,0.02,0.0009257566202954605,69.84899186918283
10500584,16.79153371135069,0.0,0.1,0.02,0.000663311755577155,73.18265458723604
10500585,16.68741018886065,0.0,0.1,0.02,0.0007186513732373755,72.3813419511187
10500586,16.678074976499474,0.0,0.1,0.02,0.0007238175529056311,72.30971196084707
10500587,16.672689277060336,0.0,0.1,0.02,0.0007268137651032393,72.26840282294089
10500588,16.672689277060336,0.0,0.1,0.02,0.0007268137651032393,72.26840282294089
10500870,16.803382250116798,0.0,0.1,0.02,0.0006572728519753514,73.27411325882485
10500871,16.68741018886065,0.0,0.1,0.02,0.0007186513732373755,72.3813419511187
10500872,16.672689277060336,0.0,0.1,0.02,0.0007268137651032393,72.26840282294089
10500873,16.620986562444592,0.0,0.1,0.02,0.0007561713587745096,71.87242542423735
10500874,16.6597635984064,0.0,0.1,0.02,0.0007340519003422417,72.16930822936379
10500875,16.672689277060336,0.0,0.1,0.02,0.0007268137651032393,72.26840282294089
10500876,16.678074976499474,0.0,0.1,0.02,0.0007238175529056311,72.30971196084707
10500877,16.68561495571427,0.0,0.1,0.02,0.0007196421923270943,72.36756424578543
10501157,16.672330230431058,0.0,0.1,0.02,0.0007270139230097321,72.26564929294013
10501158,16.603752324239345,0.0,0.1,0.02,0.0007662002056328773,71.74067057317603
10501159,16.571079080975228,0.0,0.1,0.02,0.0007855541652441581,71.49121146256219
10501160,16.563898148389708,0.0,0.1,0.02,0.0007898683655732119,71.4364425224353
10501161,16.57502859389726,0.0,0.1,0.02,0.0007831907188123225,71.52134317159963
10501162,16.620986562444592,0.0,0.1,0.02,0.0007561713587745096,71.87242542423735
10501163,16.676279743353096,0.0,0.1,0.02,0.0007248150088273236,72.29594095906685
10501164,16.678074976499474,0.0,0.1,0.02,0.0007238175529056311,72.30971196084707
10501165,16.70967107987576,0.0,0.1,0.02,0.0007064703953731996,72.55229259940305
10501444,16.570001941087398,0.0,0.1,0.02,0.0007861998933244374,71.48299480661544
10501445,16.558512448950566,0.0,0.1,0.02,0.00079311848383831,71.39537935336074
10501446,16.501424034895685,0.0,0.1,0.02,0.0008283437712468353,70.96082307078228
10501447,16.501424034895685,0.0,0.1,0.02,0.0008283437712468353,70.96082307078228
10501448,16.560307682096948,0.0,0.1,0.02,0.0007920337299594398,71.40906578724079
10501449,16.577182873672918,0.0,0.1,0.02,0.0007819043590441473,71.53778127911187
10501450,16.62206370233242,0.0,0.1,0.02,0.0007555486342564554,71.88066404721181
10501451,16.678074976499474,0.0,0.1,0.02,0.0007238175529056311,72.30971196084707
10501452,16.70967107987576,0.0,0.1,0.02,0.0007064703953731996,72.55229259940305
10501731,16.528352532091382,0.0,0.1,0.02,0.0008115504519541251,71.16564001710971
10501732,16.501424034895685,0.0,0.1,0.02,0.0008283437712468353,70.96082307078228
10501733,16.47916314388057,0.0,0.1,0.02,0.0008424698583299713,70.79172672840691
10501734,16.47916314388057,0.0,0.1,0.02,0.0008424698583299713,70.79172672840691
10501735,16.501424034895685,0.0,0.1,0.02,0.0008283437712468353,70.96082307078228
10501736,16.561384821984774,0.0,0.1,0.02,0.0007913835409324073,71.41727826635831
10501737,16.57861906019002,0.0,0.1,0.02,0.0007810478793039922,71.54874104876919
10501738,16.676279743353096,0.0,0.1,0.02,0.0007248150088273236,72.29594095906685
10501739,16.707875846729383,0.0,0.1,0.02,0.0007074455511827663,72.538498908674
10501740,16.742703369769156,0.0,0.1,0.02,0.0006887496817690905,72.80632659538504
10502018,16.558512448950566,0.0,0.1,0.02,0.00079311848383831,71.39537935336074
10502019,16.531583951754868,0.0,0.1,0.02,0.0008095566917498586,71.19023754253868
10502020,16.501424034895685,0.0,0.1,0.02,0.0008283437712468353,70.96082307078228
10502021,16.501424034895685,0.0,0.1,0.02,0.0008283437712468353,70.96082307078228
10502022,16.51434971354962,0.0,0.1,0.02,0.0008202430160437304,71.0590990058329
10502023,16.563898148389708,0.0,0.1,0.02,0.0007898683655732119,71.4364425224353
10502024,16.590826645585405,0.0,0.1,0.02,0.000773802998838297,71.64193240235875
10502025,16.676279743353096,0.0,0.1,0.02,0.0007248150088273236,72.29594095906685
10502026,16.708593939987935,0.0,0.1,0.02,0.0007070553383775119,72.54401623026826
10502027,16.744857649544812,0.0,0.1,0.02,0.0006876085025227246,72.8229091902487
10502028,16.77537661303327,0.0,0.1,0.02,0.0006716300623454285,73.05802871485399
10502305,16.558512448950566,0.0,0.1,0.02,0.00079311848383831,71.39537935336074
10502306,16.558512448950566,0.0,0.1,0.02,0.00079311848383831,71.39537935336074
10502307,16.531583951754868,0.0,0.1,0.02,0.0008095566917498586,71.19023754253868
10502308,16.531583951754868,0.0,0.1,0.02,0.0008095566917498586,71.19023754253868
10502309,16.560307682096948,0.0,0.1,0.02,0.0007920337299594398,71.40906578724079
10502310,16.590826645585405,0.0,0.1,0.02,0.000773802998838297,71.64193240235875
10502311,16.676279743353096,0.0,0.1,0.02,0.0007248150088273236,72.29594095906685
10502312,16.707875846729383,0.0,0.1,0.02,0.0007074455511827663,72.538498908674
10502313,16.744857649544812,0.0,0.1,0.02,0.0006876085025227246,72.8229091902487
10502314,16.788302291687206,0.0,0.1,0.02,0.0006649676893648409,73.15772105910119
10502315,16.788302291687206,0.0,0.1,0.02,0.0006649676893648409,73.15772105910119
10502316,16.80589557652173,0.0,0.1,0.02,0.0006559984838473079,73.29352080231227
10502592,16.58579999277554,0.0,0.1,0.02,0.0007767785712597051,71.60355227284617
10502593,16.58579999277554,0.0,0.1,0.02,0.0007767785712597051,71.60355227284617
10502594,16.604470417497897,0.0,0.1,0.02,0.000765779875239572,71.74615798661046
10502595,16.604470417497897,0.0,0.1,0.02,0.000765779875239572,71.74615798661046
10502596,16.62026846918604,0.0,0.1,0.02,0.0007565867740593577,71.86693326674998
10502597,16.69889968099748,0.0,0.1,0.02,0.0007123401803805818,72.46954979220104
10502598,16.7136205927978,0.0,0.1,0.02,0.0007043294618607561,72.58264325679673
10502599,16.80589557652173,0.0,0.1,0.02,0.0006559984838473079,73.29352080231227
10502600,16.868728736645032,0.0,0.1,0.02,0.0006248786684992725,73.77953057474781
10502601,16.879859182152586,0.0,0.1,0.02,0.000619511782068946,73.86578838401279
10502602,16.971416072617966,0.0,0.1,0.02,0.0005769696586735033,74.57720877460106
10502603,17.11575281758692,0.0,0.1,0.02,0.0005154062300550488,75.70555172013384
10502604,17.082720527693528,0.0,0.1,0.02,0.000528927669903724,75.4465886531499
10502880,16.80517748326318,0.0,0.1,0.02,0.0006563623536137043,73.28797553205834
10502881,16.80517748326318,0.0,0.1,0.02,0.0006563623536137043,73.28797553205834
10502882,16.80517748326318,0.0,0.1,0.02,0.0006563623536137043,73.28797553205834
10502883,16.80517748326318,0.0,0.1,0.02,0.0006563623536137043,73.28797553205834
10502884,16.80517748326318,0.0,0.1,0.02,0.0006563623536137043,73.28797553205834
10502885,16.82025744169277,0.0,0.1,0.02,0.000648760491162815,73.40446952265698
10502886,16.85616210462037,0.0,0.1,0.02,0.0006309901987633607,73.68220228406834
10502887,16.868728736645032,0.0,0.1,0.02,0.0006248786684992725,73.77953057474781
10502888,16.971416072617966,0.0,0.1,0.02,0.0005769696586735033,74.57720877460106
10502889,17.11575281758692,0.0,0.1,0.02,0.0005154062300550488,75.70555172013384
10502890,17.205514474905918,0.0,0.1,0.02,0.0004802777313486137,76.41146014414534
10502891,17.205514474905918,0.0,0.1,0.02,0.0004802777313486137,76.41146014414534
10502892,17.094569066459634,0.0,0.1,0.02,0.0005240398965931196,75.53942738005136
10503168,16.82025744169277,0.0,0.1,0.02,0.000648760491162815,73.40446952265698
10503169,16.80517748326318,0.0,0.1,0.02,0.0006563623536137043,73.28797553205834
10503170,16.80517748326318,0.0,0.1,0.02,0.0006563623536137043,73.28797553205834
10503171,16.80517748326318,0.0,0.1,0.02,0.0006563623536137043,73.28797553205834
10503172,16.82025744169277,0.0,0.1,0.02,0.000648760491162815,73.40446952265698
10503173,16.85616210462037,0.0,0.1,0.02,0.0006309901987633607,73.68220228406834
10503174,16.868728736645032,0.0,0.1,0.02,0.0006248786684992725,73.77953057474781
10503175,16.971416072617966,0.0,0.1,0.02,0.0005769696586735033,74.57720877460106
10503176,17.11575281758692,0.0,0.1,0.02,0.0005154062300550488,75.70555172013384
10503177,17.205514474905918,0.0,0.1,0.02,0.0004802777313486137,76.41146014414534
10503178,17.205514474905918,0.0,0.1,0.02,0.0004802777313486137,76.41146014414534
10503179,17.186844050183566,0.0,0.1,0.02,0.0004873945624244681,76.26436573124961
10503180,17.082720527693528,0.0,0.1,0.02,0.000528927669903724,75.4465886531499
10503456,16.836055493380915,0.0,0.1,0.02,0.0006408847971299097,73.52660840862124
10503457,16.80517748326318,0.0,0.1,0.02,0.0006563623536137043,73.28797553205834
10503458,16.80517748326318,0.0,0.1,0.02,0.0006563623536137043,73.28797553205834
10503459,16.82025744169277,0.0,0.1,0.02,0.000648760491162815,73.40446952265698
10503460,16.85616210462037,0.0,0.1,0.02,0.0006309901987633607,73.68220228406834
10503461,16.868728736645032,0.0,0.1,0.02,0.0006248786684992725,73.77953057474781
10503462,16.868728736645032,0.0,0.1,0.02,0.0006248786684992725,73.77953057474781
10503463,16.971416072617966,0.0,0.1,0.02,0.0005769696586735033,74.57720877460106
10503464,17.11575281758692,0.0,0.1,0.02,0.0005154062300550488,75.70555172013384
10503465,17.186844050183566,0.0,0.1,0.02,0.0004873945624244681,76.26436573124961
10503466,17.186844050183566,0.0,0.1,0.02,0.0004873945624244681,76.26436573124961
10503467,17.094569066459634,0.0,0.1,0.02,0.0005240398965931196,75.53942738005136
10503744,16.80517748326318,0.0,0.1,0.02,0.0006563623536137043,73.28797553205834
10503745,16.521889692764415,0.0,0.1,0.02,0.0008155516931082629,71.11645749673941
10503746,16.530147765237764,0.0,0.1,0.02,0.0008104422437635007,71.17930479335678
10503747,16.63355319446925,0.0,0.1,0.02,0.0007489359014768825,71.9685715691169
10503748,16.652941712450154,0.0,0.1,0.02,0.0007378990548168892,72.11703524810261
10503749,16.652941712450154,0.0,0.1,0.02,0.0007378990548168892,72.11703524810261
10503750,16.652941712450154,0.0,0.1,0.02,0.0007378990548168892,72.11703524810261
10503751,16.967825606325206,0.0,0.1,0.02,0.0005785852393248831,74.54924676765827
10503752,17.094569066459634,0.0,0.1,0.02,0.0005240398965931196,75.53942738005136
10503753,17.14052703500696,0.0,0.1,0.02,0.0005054779987161423,75.90006044256788
10503754,17.14052703500696,0.0,0.1,0.02,0.0005054779987161423,75.90006044256788
10504032,16.496756428715095,0.0,0.1,0.02,0.000831287298821168,70.92535096238566
10504033,16.4802402837684,0.0,0.1,0.02,0.0008417812087387358,70.79990424591695
10504034,16.44864418039211,0.0,0.1,0.02,0.0008622008364629447,70.56022325502157
10504035,16.4802402837684,0.0,0.1,0.02,0.0008417812087387358,70.79990424591695
10504036,16.62314084222025,0.0,0.1,0.02,0.0007549263875308312,71.88890313427844
10504037,16.652941712450154,0.0,0.1,0.02,0.0007378990548168892,72.11703524810261
10504038,16.652941712450154,0.0,0.1,0.02,0.0007378990548168892,72.11703524810261
10504039,16.967825606325206,0.0,0.1,0.02,0.0005785852393248831,74.54924676765827
10504040,17.14052703500696,0.0,0.1,0.02,0.0005054779987161423,75.90006044256788
10504320,16.44864418039211,0.0,0.1,0.02,0.0008622008364629447,70.56022325502157
10504321,16.434282315221072,0.0,0.1,0.02,0.0008716340096622059,70.4514093584987
10504322,16.434282315221072,0.0,0.1,0.02,0.0008716340096622059,70.4514093584987
10504323,16.449721320279938,0.0,0.1,0.02,0.0008614971912310159,70.5683876232544
10504324,16.52332587928152,0.0,0.1,0.02,0.0008146609445936017,71.12738550186839
10582667,16.756347141681644,0.0,0.1,0.02,0.0006815519336476083,72.91138104819015
10582668,16.671612137172506,0.0,0.1,0.02,0.00072741439294999,72.26014238763602
10582669,16.6597635984064,0.0,0.1,0.02,0.0007340519003422417,72.16930822936379
10582670,16.6597635984064,0.0,0.1,0.02,0.0007340519003422417,72.16930822936379
10582953,16.82205267483915,0.0,0.1,0.02,0.0006478609996173754,73.41834391385174
10582954,16.73265006414943,0.0,0.1,0.02,0.0006940985741938735,72.72896569800541
10582955,16.664072157957712,0.0,0.1,0.02,0.0007316317579377074,72.20233233508199
10582956,16.664072157957712,0.0,0.1,0.02,0.0007316317579377074,72.20233233508199
10582957,16.664072157957712,0.0,0.1,0.02,0.0007316317579377074,72.20233233508199
10582958,16.664072157957712,0.0,0.1,0.02,0.0007316317579377074,72.20233233508199
10582959,16.678074976499474,0.0,0.1,0.02,0.0007238175529056311,72.30971196084707
10583239,16.82205267483915,0.0,0.1,0.02,0.0006478609996173754,73.41834391385174
10583240,16.77537661303327,0.0,0.1,0.02,0.0006716300623454285,73.05802871485399
10583241,16.672689277060336,0.0,0.1,0.02,0.0007268137651032393,72.26840282294089
10583242,16.614164676488347,0.0,0.1,0.02,0.0007601263978146844,71.82025825598298
10583243,16.620986562444592,0.0,0.1,0.02,0.0007561713587745096,71.87242542423735
10583244,16.6597635984064,0.0,0.1,0.02,0.0007340519003422417,72.16930822936379
10583245,16.672689277060336,0.0,0.1,0.02,0.0007268137651032393,72.26840282294089
10583246,16.678074976499474,0.0,0.1,0.02,0.0007238175529056311,72.30971196084707
10583247,16.708593939987935,0.0,0.1,0.02,0.0007070553383775119,72.54401623026826
10583526,16.73265006414943,0.0,0.1,0.02,0.0006940985741938735,72.72896569800541
10583527,16.644683639976808,0.0,0.1,0.02,0.0007425812738879794,72.05378233495912
10583528,16.603752324239345,0.0,0.1,0.02,0.0007662002056328773,71.74067057317603
10583529,16.560307682096948,0.0,0.1,0.02,0.0007920337299594398,71.40906578724079
10583530,16.57502859389726,0.0,0.1,0.02,0.0007831907188123225,71.52134317159963
10583531,16.614164676488347,0.0,0.1,0.02,0.0007601263978146844,71.82025825598298
10583532,16.6597635984064,0.0,0.1,0.02,0.0007340519003422417,72.16930822936379
10583533,16.678074976499474,0.0,0.1,0.02,0.0007238175529056311,72.30971196084707
10583534,16.707875846729383,0.0,0.1,0.02,0.0007074455511827663,72.538498908674
10583813,16.60518851075645,0.0,0.1,0.02,0.0007653597596491063,71.75164560630805
10583814,16.57502859389726,0.0,0.1,0.02,0.0007831907188123225,71.52134317159963
10583815,16.501424034895685,0.0,0.1,0.02,0.0008283437712468353,70.96082307078228
10583816,16.501424034895685,0.0,0.1,0.02,0.0008283437712468353,70.96082307078228
10583817,16.555999122545636,0.0,0.1,0.02,0.000794639463529159,71.37622051169201
10583818,16.57502859389726,0.0,0.1,0.02,0.0007831907188123225,71.52134317159963
10583819,16.620986562444592,0.0,0.1,0.02,0.0007561713587745096,71.87242542423735
10583820,16.67412546357744,0.0,0.1,0.02,0.0007260136469530365,72.27941745860176
10583821,16.68561495571427,0.0,0.1,0.02,0.0007196421923270943,72.36756424578543
10583822,16.708593939987935,0.0,0.1,0.02,0.0007070553383775119,72.54401623026826
10584100,16.570001941087398,0.0,0.1,0.02,0.0007861998933244374,71.48299480661544
10584101,16.528352532091382,0.0,0.1,0.02,0.0008115504519541251,71.16564001710971
10584102,16.501424034895685,0.0,0.1,0.02,0.0008283437712468353,70.96082307078228
10584103,16.48095837702695,0.0,0.1,0.02,0.0008413224000780484,70.80535618208592
10584104,16.501424034895685,0.0,0.1,0.02,0.0008283437712468353,70.96082307078228
10584105,16.560307682096948,0.0,0.1,0.02,0.0007920337299594398,71.40906578724079
10584106,16.57861906019002,0.0,0.1,0.02,0.0007810478793039922,71.54874104876919
10584107,16.6597635984064,0.0,0.1,0.02,0.0007340519003422417,72.16930822936379
10584108,16.707875846729383,0.0,0.1,0.02,0.0007074455511827663,72.538498908674
10584109,16.708593939987935,0.0,0.1,0.02,0.0007070553383775119,72.54401623026826
10584387,16.570001941087398,0.0,0.1,0.02,0.0007861998933244374,71.48299480661544
10584388,16.558512448950566,0.0,0.1,0.02,0.00079311848383831,71.39537935336074
10584389,16.50896401411048,0.0,0.1,0.02,0.000823609327335744,71.01814257794943
10584390,16.501424034895685,0.0,0.1,0.02,0.0008283437712468353,70.96082307078228
10584391,16.51434971354962,0.0,0.1,0.02,0.0008202430160437304,71.0590990058329
10584392,16.560307682096948,0.0,0.1,0.02,0.0007920337299594398,71.40906578724079
10584393,16.590826645585405,0.0,0.1,0.02,0.000773802998838297,71.64193240235875
10584394,16.642529360201152,0.0,0.1,0.02,0.0007438072672218627,72.03728606123263
10584395,16.707875846729383,0.0,0.1,0.02,0.0007074455511827663,72.538498908674
10584396,16.708593939987935,0.0,0.1,0.02,0.0007070553383775119,72.54401623026826
10584397,16.744857649544812,0.0,0.1,0.02,0.0006876085025227246,72.8229091902487
10584674,16.594776158507443,0.0,0.1,0.02,0.0007714725005970928,71.67209530870085
10584675,16.594776158507443,0.0,0.1,0.02,0.0007714725005970928,71.67209530870085
10584676,16.558512448950566,0.0,0.1,0.02,0.00079311848383831,71.39537935336074
10584677,16.531583951754868,0.0,0.1,0.02,0.0008095566917498586,71.19023754253868
10584678,16.560307682096948,0.0,0.1,0.02,0.0007920337299594398,71.40906578724079
10584679,16.590826645585405,0.0,0.1,0.02,0.000773802998838297,71.64193240235875
10584680,16.64073412705477,0.0,0.1,0.02,0.0007448303687587348,72.02354058451984
10584681,16.707875846729383,0.0,0.1,0.02,0.0007074455511827663,72.538498908674
10584682,16.744857649544812,0.0,0.1,0.02,0.0006876085025227246,72.8229091902487
10584683,16.749884302354676,0.0,0.1,0.02,0.0006849526041752996,72.86160913080819
10584684,16.77537661303327,0.0,0.1,0.02,0.0006716300623454285,73.05802871485399
10584685,16.788661338316484,0.0,0.1,0.02,0.0006647835064752097,73.160491244853
10584961,16.62026846918604,0.0,0.1,0.02,0.0007565867740593577,71.86693326674998
10584962,16.62026846918604,0.0,0.1,0.02,0.0007565867740593577,71.86693326674998
10584963,16.62026846918604,0.0,0.1,0.02,0.0007565867740593577,71.86693326674998
10584964,16.62026846918604,0.0,0.1,0.02,0.0007565867740593577,71.86693326674998
10584965,16.62026846918604,0.0,0.1,0.02,0.0007565867740593577,71.86693326674998
10584966,16.69889968099748,0.0,0.1,0.02,0.0007123401803805818,72.46954979220104
10584967,16.7136205927978,0.0,0.1,0.02,0.0007043294618607561,72.58264325679673
10584968,16.749884302354676,0.0,0.1,0.02,0.0006849526041752996,72.86160913080819
10584969,16.85616210462037,0.0,0.1,0.02,0.0006309901987633607,73.68220228406834
10584970,16.879859182152586,0.0,0.1,0.02,0.000619511782068946,73.86578838401279
10584971,16.971416072617966,0.0,0.1,0.02,0.0005769696586735033,74.57720877460106
10584972,17.067640569263936,0.0,0.1,0.02,0.0005352101154784454,75.32851148958076
10584973,17.058664403532035,0.0,0.1,0.02,0.0005389827102652013,75.25827064999822
10585249,16.80517748326318,0.0,0.1,0.02,0.0006563623536137043,73.28797553205834
10585250,16.80517748326318,0.0,0.1,0.02,0.0006563623536137043,73.28797553205834
10585251,16.80517748326318,0.0,0.1,0.02,0.0006563623536137043,73.28797553205834
10585252,16.80517748326318,0.0,0.1,0.02,0.0006563623536137043,73.28797553205834
10585253,16.80517748326318,0.0,0.1,0.02,0.0006563623536137043,73.28797553205834
10585254,16.80517748326318,0.0,0.1,0.02,0.0006563623536137043,73.28797553205834
10585255,16.85616210462037,0.0,0.1,0.02,0.0006309901987633607,73.68220228406834
10585256,16.868728736645032,0.0,0.1,0.02,0.0006248786684992725,73.77953057474781
10585257,16.971416072617966,0.0,0.1,0.02,0.0005769696586735033,74.57720877460106
10585258,17.067640569263936,0.0,0.1,0.02,0.0005352101154784454,75.32851148958076
10585259,17.15883841310004,0.0,0.1,0.02,0.000498255004360348,76.04398555047554
10585260,17.15883841310004,0.0,0.1,0.02,0.000498255004360348,76.04398555047554
10585261,17.082720527693528,0.0,0.1,0.02,0.000528927669903724,75.4465886531499
10585537,16.80517748326318,0.0,0.1,0.02,0.0006563623536137043,73.28797553205834
10585538,16.80517748326318,0.0,0.1,0.02,0.0006563623536137043,73.28797553205834
10585539,16.80517748326318,0.0,0.1,0.02,0.0006563623536137043,73.28797553205834
10585540,16.80517748326318,0.0,0.1,0.02,0.0006563623536137043,73.28797553205834
10585541,16.80517748326318,0.0,0.1,0.02,0.0006563623536137043,73.28797553205834
10585542,16.85616210462037,0.0,0.1,0.02,0.0006309901987633607,73.68220228406834
10585543,16.868728736645032,0.0,0.1,0.02,0.0006248786684992725,73.77953057474781
10585544,16.961003720368964,0.0,0.1,0.02,0.0005816664897885856,74.49613316084293
10585545,17.067640569263936,0.0,0.1,0.02,0.0005352101154784454,75.32851148958076
10585546,17.11575281758692,0.0,0.1,0.02,0.0005154062300550488,75.70555172013384
10585547,17.183253583890806,0.0,0.1,0.02,0.0004887744448118954,76.23609432955006
10585548,17.094569066459634,0.0,0.1,0.02,0.0005240398965931196,75.53942738005136
10585549,17.061536776566243,0.0,0.1,0.02,0.000537772784195895,75.28074421219073
10585825,16.836055493380915,0.0,0.1,0.02,0.0006408847971299097,73.52660840862124
10585826,16.80517748326318,0.0,0.1,0.02,0.0006563623536137043,73.28797553205834
10585827,16.788302291687206,0.0,0.1,0.02,0.0006649676893648409,73.15772105910119
10585828,16.80517748326318,0.0,0.1,0.02,0.0006563623536137043,73.28797553205834
10585829,16.836055493380915,0.0,0.1,0.02,0.0006408847971299097,73.52660840862124
10585830,16.85616210462037,0.0,0.1,0.02,0.0006309901987633607,73.68220228406834
10585831,16.868728736645032,0.0,0.1,0.02,0.0006248786684992725,73.77953057474781
10585832,16.971416072617966,0.0,0.1,0.02,0.0005769696586735033,74.57720877460106
10585833,17.067640569263936,0.0,0.1,0.02,0.0005352101154784454,75.32851148958076
10585834,17.11575281758692,0.0,0.1,0.02,0.0005154062300550488,75.70555172013384
10585835,17.094569066459634,0.0,0.1,0.02,0.0005240398965931196,75.53942738005136
10586113,16.80517748326318,0.0,0.1,0.02,0.0006563623536137043,73.28797553205834
10586114,16.683460675938615,0.0,0.1,0.02,0.0007208328559404844,72.35103270105665
10586115,16.63355319446925,0.0,0.1,0.02,0.0007489359014768825,71.9685715691169
10586116,16.652941712450154,0.0,0.1,0.02,0.0007378990548168892,72.11703524810261
10586117,16.652941712450154,0.0,0.1,0.02,0.0007378990548168892,72.11703524810261
10586118,16.65509599222581,0.0,0.1,0.02,0.0007366821388128988,72.13354049427707
10586119,16.85257163832761,0.0,0.1,0.02,0.0006327465693697777,73.65440580332043
10586120,16.96854369958376,0.0,0.1,0.02,0.0005782617855493927,74.55483875652048
10586121,17.058664403532035,0.0,0.1,0.02,0.0005389827102652013,75.25827064999822
10586122,17.094569066459634,0.0,0.1,0.02,0.0005240398965931196,75.53942738005136
10586401,16.55025437647722,0.0,0.1,0.02,0.0007981261932038978,71.33243836169788
10586402,16.55025437647722,0.0,0.1,0.02,0.0007981261932038978,71.33243836169788
10586403,16.55025437647722,0.0,0.1,0.02,0.0007981261932038978,71.33243836169788
10586404,16.55025437647722,0.0,0.1,0.02,0.0007981261932038978,71.33243836169788
10586405,16.636784614132736,0.0,0.1,0.02,0.000747085809439726,71.99330507354148
10586406,16.652941712450154,0.0,0.1,0.02,0.0007378990548168892,72.11703524810261
10586407,16.85257163832761,0.0,0.1,0.02,0.0006327465693697777,73.65440580332043
10665037,16.620986562444592,0.0,0.1,0.02,0.0007561713587745096,71.87242542423735
10665038,16.620986562444592,0.0,0.1,0.02,0.0007561713587745096,71.87242542423735
10665039,16.620986562444592,0.0,0.1,0.02,0.0007561713587745096,71.87242542423735
10665040,16.620986562444592,0.0,0.1,0.02,0.0007561713587745096,71.87242542423735
10665041,16.64432459334753,0.0,0.1,0.02,0.0007427854752649444,72.05103282709022
10665042,16.6597635984064,0.0,0.1,0.02,0.0007340519003422417,72.16930822936379
10665043,16.661558831552778,0.0,0.1,0.02,0.0007330426024477367,72.18306737101166
10665324,16.620986562444592,0.0,0.1,0.02,0.0007561713587745096,71.87242542423735
10665325,16.620986562444592,0.0,0.1,0.02,0.0007561713587745096,71.87242542423735
10665326,16.620986562444592,0.0,0.1,0.02,0.0007561713587745096,71.87242542423735
10665327,16.620986562444592,0.0,0.1,0.02,0.0007561713587745096,71.87242542423735
10665328,16.6597635984064,0.0,0.1,0.02,0.0007340519003422417,72.16930822936379
10665329,16.661558831552778,0.0,0.1,0.02,0.0007330426024477367,72.18306737101166
10665330,16.686333048972823,0.0,0.1,0.02,0.00071924571199567,72.37307517322137
10665331,16.686333048972823,0.0,0.1,0.02,0.00071924571199567,72.37307517322137
10665610,16.620986562444592,0.0,0.1,0.02,0.0007561713587745096,71.87242542423735
10665611,16.614164676488347,0.0,0.1,0.02,0.0007601263978146844,71.82025825598298
10665612,16.599802811317307,0.0,0.1,0.02,0.000768515866892635,71.71049348624089
10665613,16.620986562444592,0.0,0.1,0.02,0.0007561713587745096,71.87242542423735
10665614,16.64432459334753,0.0,0.1,0.02,0.0007427854752649444,72.05103282709022
10665615,16.6597635984064,0.0,0.1,0.02,0.0007340519003422417,72.16930822936379
10665616,16.666585484362642,0.0,0.1,0.02,0.0007302234442908214,72.22159982587615
10665617,16.708593939987935,0.0,0.1,0.02,0.0007070553383775119,72.54401623026826
10665618,16.708593939987935,0.0,0.1,0.02,0.0007070553383775119,72.54401623026826
10665897,16.59657139165382,0.0,0.1,0.02,0.0007704153458657936,71.68580778330623
10665898,16.571079080975228,0.0,0.1,0.02,0.0007855541652441581,71.49121146256219
10665899,16.571079080975228,0.0,0.1,0.02,0.0007855541652441581,71.49121146256219
10665900,16.577182873672918,0.0,0.1,0.02,0.0007819043590441473,71.53778127911187
10665901,16.599802811317307,0.0,0.1,0.02,0.000768515866892635,71.71049348624089
10665902,16.6597635984064,0.0,0.1,0.02,0.0007340519003422417,72.16930822936379
10665903,16.661558831552778,0.0,0.1,0.02,0.0007330426024477367,72.18306737101166
10665904,16.678074976499474,0.0,0.1,0.02,0.0007238175529056311,72.30971196084707
10665905,16.686333048972823,0.0,0.1,0.02,0.00071924571199567,72.37307517322137
10665906,16.686333048972823,0.0,0.1,0.02,0.00071924571199567,72.37307517322137
10666184,16.531583951754868,0.0,0.1,0.02,0.0008095566917498586,71.19023754253868
10666185,16.50896401411048,0.0,0.1,0.02,0.000823609327335744,71.01814257794943
10666186,16.51434971354962,0.0,0.1,0.02,0.0008202430160437304,71.0590990058329
10666187,16.563898148389708,0.0,0.1,0.02,0.0007898683655732119,71.4364425224353
10666188,16.590826645585405,0.0,0.1,0.02,0.000773802998838297,71.64193240235875
10666189,16.62206370233242,0.0,0.1,0.02,0.0007555486342564554,71.88066404721181
10666190,16.661558831552778,0.0,0.1,0.02,0.0007330426024477367,72.18306737101166
10666191,16.678074976499474,0.0,0.1,0.02,0.0007238175529056311,72.30971196084707
10666192,16.678074976499474,0.0,0.1,0.02,0.0007238175529056311,72.30971196084707
10666193,16.672330230431058,0.0,0.1,0.02,0.0007270139230097321,72.26564929294013
10666194,16.581132386594955,0.0,0.1,0.02,0.0007795511418439358,71.56792263095258
10666471,16.50250117478351,0.0,0.1,0.02,0.0008276658747317777,70.96901017952973
10666472,16.49926975512003,0.0,0.1,0.02,0.0008297011148998866,70.94445024556373
10666473,16.49926975512003,0.0,0.1,0.02,0.0008297011148998866,70.94445024556373
10666474,16.51434971354962,0.0,0.1,0.02,0.0008202430160437304,71.0590990058329
10666475,16.563898148389708,0.0,0.1,0.02,0.0007898683655732119,71.4364425224353
10666476,16.59333997199034,0.0,0.1,0.02,0.0007723191970440362,71.6611262572008
10666477,16.676279743353096,0.0,0.1,0.02,0.0007248150088273236,72.29594095906685
10666478,16.678074976499474,0.0,0.1,0.02,0.0007238175529056311,72.30971196084707
10666479,16.686333048972823,0.0,0.1,0.02,0.00071924571199567,72.37307517322137
10666480,16.686333048972823,0.0,0.1,0.02,0.00071924571199567,72.37307517322137
10666481,16.671971183801784,0.0,0.1,0.02,0.0007272141322879538,72.2628958145052
10666758,16.531583951754868,0.0,0.1,0.02,0.0008095566917498586,71.19023754253868
10666759,16.49926975512003,0.0,0.1,0.02,0.0008297011148998866,70.94445024556373
10666760,16.47916314388057,0.0,0.1,0.02,0.0008424698583299713,70.79172672840691
10666761,16.525480159057174,0.0,0.1,0.02,0.0008133265198176851,71.14377905653564
10666762,16.577182873672918,0.0,0.1,0.02,0.0007819043590441473,71.53778127911187
10666763,16.62206370233242,0.0,0.1,0.02,0.0007555486342564554,71.88066404721181
10666764,16.686333048972823,0.0,0.1,0.02,0.00071924571199567,72.37307517322137
10666765,16.706080613583,0.0,0.1,0.02,0.0007084219616943644,72.52470650708976
10666766,16.708593939987935,0.0,0.1,0.02,0.0007070553383775119,72.54401623026826
10666767,16.708593939987935,0.0,0.1,0.02,0.0007070553383775119,72.54401623026826
10666768,16.672330230431058,0.0,0.1,0.02,0.0007270139230097321,72.26564929294013
10667045,16.558512448950566,0.0,0.1,0.02,0.00079311848383831,71.39537935336074
10667046,16.531583951754868,0.0,0.1,0.02,0.0008095566917498586,71.19023754253868
10667047,16.558512448950566,0.0,0.1,0.02,0.00079311848383831,71.39537935336074
10667048,16.577182873672918,0.0,0.1,0.02,0.0007819043590441473,71.53778127911187
10667049,16.621345609073867,0.0,0.1,0.02,0.0007559637308263757,71.87517158032969
10667050,16.69889968099748,0.0,0.1,0.02,0.0007123401803805818,72.46954979220104
10667051,16.707875846729383,0.0,0.1,0.02,0.0007074455511827663,72.538498908674
10667052,16.7136205927978,0.0,0.1,0.02,0.0007043294618607561,72.58264325679673
10667053,16.781480405730964,0.0,0.1,0.02,0.0006684762210025499,73.10509732731741
10667054,16.851135451810507,0.0,0.1,0.02,0.0006334503942783194,73.64328865486348
10667055,16.851135451810507,0.0,0.1,0.02,0.0006334503942783194,73.64328865486348
10667332,16.72511008493463,0.0,0.1,0.02,0.0006981356343284925,72.67097155557104
10667333,16.62026846918604,0.0,0.1,0.02,0.0007565867740593577,71.86693326674998
10667334,16.62026846918604,0.0,0.1,0.02,0.0007565867740593577,71.86693326674998
10667335,16.69889968099748,0.0,0.1,0.02,0.0007123401803805818,72.46954979220104
10667336,16.707875846729383,0.0,0.1,0.02,0.0007074455511827663,72.538498908674
10667337,16.745575742803364,0.0,0.1,0.02,0.0006872285014239112,72.82843713439625
10667338,16.781480405730964,0.0,0.1,0.02,0.0006684762210025499,73.10509732731741
10667339,16.851135451810507,0.0,0.1,0.02,0.0006334503942783194,73.64328865486348
10667340,16.956336114188375,0.0,0.1,0.02,0.0005837835369430212,74.45980299765415
10667341,17.035326372629093,0.0,0.1,0.02,0.000548908097819877,75.07579529702755
10667342,17.035326372629093,0.0,0.1,0.02,0.000548908097819877,75.07579529702755
10667343,16.931920943397607,0.0,0.1,0.02,0.000594975082760437,74.26991031009092
10667619,16.80517748326318,0.0,0.1,0.02,0.0006563623536137043,73.28797553205834
10667620,16.80517748326318,0.0,0.1,0.02,0.0006563623536137043,73.28797553205834
10667621,16.763169027637886,0.0,0.1,0.02,0.0006779794232000081,72.96393619746951
10667622,16.763169027637886,0.0,0.1,0.02,0.0006779794232000081,72.96393619746951
10667623,16.763169027637886,0.0,0.1,0.02,0.0006779794232000081,72.96393619746951
10667624,16.836055493380915,0.0,0.1,0.02,0.0006408847971299097,73.52660840862124
10667625,16.85616210462037,0.0,0.1,0.02,0.0006309901987633607,73.68220228406834
10667626,16.956336114188375,0.0,0.1,0.02,0.0005837835369430212,74.45980299765415
10667627,16.982187471496246,0.0,0.1,0.02,0.0005721481632355498,74.66112573490506
10667628,17.035326372629093,0.0,0.1,0.02,0.000548908097819877,75.07579529702755
10667629,17.040712072068235,0.0,0.1,0.02,0.000546602579302625,75.11788565669465
10667630,17.035326372629093,0.0,0.1,0.02,0.000548908097819877,75.07579529702755
10667906,16.860111617542408,0.0,0.1,0.02,0.0006290634469009112,73.7127843687401
10667907,16.836055493380915,0.0,0.1,0.02,0.0006408847971299097,73.52660840862124
10667908,16.80517748326318,0.0,0.1,0.02,0.0006563623536137043,73.28797553205834
10667909,16.80517748326318,0.0,0.1,0.02,0.0006563623536137043,73.28797553205834
10667910,16.763169027637886,0.0,0.1,0.02,0.0006779794232000081,72.96393619746951
10667911,16.836055493380915,0.0,0.1,0.02,0.0006408847971299097,73.52660840862124
10667912,16.84215928607861,0.0,0.1,0.02,0.0006378658794856787,73.57382516960739
10667913,16.939460922612405,0.0,0.1,0.02,0.0005914976667206667,74.32852819235495
10667914,16.982187471496246,0.0,0.1,0.02,0.0005721481632355498,74.66112573490506
10667915,17.035326372629093,0.0,0.1,0.02,0.000548908097819877,75.07579529702755
10667916,17.048970144541585,0.0,0.1,0.02,0.0005430850207916329,75.18244674243564
10667917,17.040712072068235,0.0,0.1,0.02,0.000546602579302625,75.11788565669465
10667918,17.035326372629093,0.0,0.1,0.02,0.000548908097819877,75.07579529702755
10668194,16.85616210462037,0.0,0.1,0.02,0.0006309901987633607,73.68220228406834
10668195,16.80517748326318,0.0,0.1,0.02,0.0006563623536137043,73.28797553205834
10668196,16.80517748326318,0.0,0.1,0.02,0.0006563623536137043,73.28797553205834
10668197,16.76101474786223,0.0,0.1,0.02,0.000679105693256814,72.94733782347328
10668198,16.763169027637886,0.0,0.1,0.02,0.0006779794232000081,72.96393619746951
10668199,16.819898395063493,0.0,0.1,0.02,0.0006489405292402222,73.40169479911539
10668200,16.84215928607861,0.0,0.1,0.02,0.0006378658794856787,73.57382516960739
10668201,16.956336114188375,0.0,0.1,0.02,0.0005837835369430212,74.45980299765415
10668202,17.035326372629093,0.0,0.1,0.02,0.000548908097819877,75.07579529702755
10668203,17.058664403532035,0.0,0.1,0.02,0.0005389827102652013,75.25827064999822
10668204,17.058664403532035,0.0,0.1,0.02,0.0005389827102652013,75.25827064999822
10668482,16.80517748326318,0.0,0.1,0.02,0.0006563623536137043,73.28797553205834
10668483,16.80517748326318,0.0,0.1,0.02,0.0006563623536137043,73.28797553205834
10668484,16.759937607974404,0.0,0.1,0.02,0.0006796694823932493,72.93903933261336
10668485,16.667303577621194,0.0,0.1,0.02,0.000729821533233153,72.22710528733805
10668486,16.664790251216264,0.0,0.1,0.02,0.0007312291245407506,72.20783707462279
10668487,16.664790251216264,0.0,0.1,0.02,0.0007312291245407506,72.20783707462279
10668488,16.85616210462037,0.0,0.1,0.02,0.0006309901987633607,73.68220228406834
10668489,16.96854369958376,0.0,0.1,0.02,0.0005782617855493927,74.55483875652048
10668490,16.982187471496246,0.0,0.1,0.02,0.0005721481632355498,74.66112573490506
10668491,17.035326372629093,0.0,0.1,0.02,0.000548908097819877,75.07579529702755
10668770,16.759937607974404,0.0,0.1,0.02,0.0006796694823932493,72.93903933261336
10668771,16.667303577621194,0.0,0.1,0.02,0.000729821533233153,72.22710528733805
10668772,16.652941712450154,0.0,0.1,0.02,0.0007378990548168892,72.11703524810261
10668773,16.652941712450154,0.0,0.1,0.02,0.0007378990548168892,72.11703524810261
10668774,16.652941712450154,0.0,0.1,0.02,0.0007378990548168892,72.11703524810261
10668775,16.65509599222581,0.0,0.1,0.02,0.0007366821388128988,72.13354049427707
10668776,16.95130946137851,0.0,0.1,0.02,0.0005860714806198936,74.42068795246264
10668777,16.96854369958376,0.0,0.1,0.02,0.0005782617855493927,74.55483875652048
10669062,16.652941712450154,0.0,0.1,0.02,0.0007378990548168892,72.11703524810261
10669063,16.664790251216264,0.0,0.1,0.02,0.0007312291245407506,72.20783707462279
10669064,16.95130946137851,0.0,0.1,0.02,0.0005860714806198936,74.42068795246264
10669350,16.652941712450154,0.0,0.1,0.02,0.0007378990548168892,72.11703524810261
10747121,16.533020138271972,0.0,0.1,0.02,0.0008086720406392793,71.20117111677328
10747406,16.599802811317307,0.0,0.1,0.02,0.000768515866892635,71.71049348624089
10747407,16.571079080975228,0.0,0.1,0.02,0.0007855541652441581,71.49121146256219
10747408,16.565693381536086,0.0,0.1,0.02,0.0007887877518460196,71.45013282374978
10747409,16.554921982657806,0.0,0.1,0.02,0.0007952921430296688,71.36801035303513
10747410,16.554921982657806,0.0,0.1,0.02,0.0007952921430296688,71.36801035303513
10747693,16.603752324239345,0.0,0.1,0.02,0.0007662002056328773,71.74067057317603
10747694,16.59226283210251,0.0,0.1,0.02,0.0007729547872963195,71.65290001001658
10747695,16.569642894458124,0.0,0.1,0.02,0.0007864152458393616,71.48025602443144
10747696,16.565693381536086,0.0,0.1,0.02,0.0007887877518460196,71.45013282374978
10747697,16.570360987716676,0.0,0.1,0.02,0.0007859845957288064,71.48573364036523
10747979,16.64073412705477,0.0,0.1,0.02,0.0007448303687587348,72.02354058451984
10747980,16.599802811317307,0.0,0.1,0.02,0.000768515866892635,71.71049348624089
10747981,16.569642894458124,0.0,0.1,0.02,0.0007864152458393616,71.48025602443144
10747982,16.570360987716676,0.0,0.1,0.02,0.0007859845957288064,71.48573364036523
10747983,16.574669547267987,0.0,0.1,0.02,0.0007834053036227041,71.51860366749455
10747984,16.58149143322423,0.0,0.1,0.02,0.000779337540401256,71.57066306324194
10747985,16.61201039671269,0.0,0.1,0.02,0.000761379355630632,71.8037882808108
10748266,16.61308753660052,0.0,0.1,0.02,0.0007607526364233358,71.81202303635084
10748267,16.569642894458124,0.0,0.1,0.02,0.0007864152458393616,71.48025602443144
10748268,16.52871157872066,0.0,0.1,0.02,0.0008113286975194742,71.16837286922754
10748269,16.52871157872066,0.0,0.1,0.02,0.0008113286975194742,71.16837286922754
10748270,16.565693381536086,0.0,0.1,0.02,0.0007887877518460196,71.45013282374978
10748271,16.574669547267987,0.0,0.1,0.02,0.0007834053036227041,71.51860366749455
10748272,16.59333997199034,0.0,0.1,0.02,0.0007723191970440362,71.6611262572008
10748273,16.63391224109853,0.0,0.1,0.02,0.0007487301250944277,71.97131953001202
10748552,16.753474768647436,0.0,0.1,0.02,0.0006830613942514729,72.8892581333887
10748553,16.603752324239345,0.0,0.1,0.02,0.0007662002056328773,71.74067057317603
10748554,16.49926975512003,0.0,0.1,0.02,0.0008297011148998866,70.94445024556373
10748555,16.49926975512003,0.0,0.1,0.02,0.0008297011148998866,70.94445024556373
10748556,16.50896401411048,0.0,0.1,0.02,0.000823609327335744,71.01814257794943
10748557,16.52871157872066,0.0,0.1,0.02,0.0008113286975194742,71.16837286922754
10748558,16.574669547267987,0.0,0.1,0.02,0.0007834053036227041,71.51860366749455
10748559,16.59333997199034,0.0,0.1,0.02,0.0007723191970440362,71.6611262572008
10748560,16.63391224109853,0.0,0.1,0.02,0.0007487301250944277,71.97131953001202
10748561,16.634271287727803,0.0,0.1,0.02,0.000748524401390927,71.97406754247291
10748840,16.529788718608486,0.0,0.1,0.02,0.0008106637726313521,71.17657173497577
10748841,16.49926975512003,0.0,0.1,0.02,0.0008297011148998866,70.94445024556373
10748842,16.49926975512003,0.0,0.1,0.02,0.0008297011148998866,70.94445024556373
10748843,16.49926975512003,0.0,0.1,0.02,0.0008297011148998866,70.94445024556373
10748844,16.52691634557428,0.0,0.1,0.02,0.0008124380340692925,71.15470912429633
10748845,16.574669547267987,0.0,0.1,0.02,0.0007834053036227041,71.51860366749455
10748846,16.61201039671269,0.0,0.1,0.02,0.000761379355630632,71.8037882808108
10748847,16.63714366076201,0.0,0.1,0.02,0.0007468805067233462,71.99605349852872
10748848,16.63714366076201,0.0,0.1,0.02,0.0007468805067233462,71.99605349852872
10749127,16.62026846918604,0.0,0.1,0.02,0.0007565867740593577,71.86693326674998
10749128,16.49926975512003,0.0,0.1,0.02,0.0008297011148998866,70.94445024556373
10749129,16.49926975512003,0.0,0.1,0.02,0.0008297011148998866,70.94445024556373
10749130,16.501424034895685,0.0,0.1,0.02,0.0008283437712468353,70.96082307078228
10749131,16.52691634557428,0.0,0.1,0.02,0.0008124380340692925,71.15470912429633
10749132,16.577182873672918,0.0,0.1,0.02,0.0007819043590441473,71.53778127911187
10749133,16.63391224109853,0.0,0.1,0.02,0.0007487301250944277,71.97131953001202
10749134,16.642888406830426,0.0,0.1,0.02,0.0007436028041132496,72.04003531127255
10749135,16.671971183801784,0.0,0.1,0.02,0.0007272141322879538,72.2628958145052
10749136,16.671971183801784,0.0,0.1,0.02,0.0007272141322879538,72.2628958145052
10749414,16.654018852337984,0.0,0.1,0.02,0.0007372903628547125,72.12528763914378
10749415,16.60518851075645,0.0,0.1,0.02,0.0007653597596491063,71.75164560630805
10749416,16.529788718608486,0.0,0.1,0.02,0.0008106637726313521,71.17657173497577
10749417,16.574669547267987,0.0,0.1,0.02,0.0007834053036227041,71.51860366749455
10749418,16.59333997199034,0.0,0.1,0.02,0.0007723191970440362,71.6611262572008
10749419,16.653300759079432,0.0,0.1,0.02,0.0007376961054846584,72.11978599355055
10749420,16.706080613583,0.0,0.1,0.02,0.0007084219616943644,72.52470650708976
10749421,16.745575742803364,0.0,0.1,0.02,0.0006872285014239112,72.82843713439625
10749422,16.781480405730964,0.0,0.1,0.02,0.0006684762210025499,73.10509732731741
10749423,16.851135451810507,0.0,0.1,0.02,0.0006334503942783194,73.64328865486348
10749424,16.851135451810507,0.0,0.1,0.02,0.0006334503942783194,73.64328865486348
10749701,16.80517748326318,0.0,0.1,0.02,0.0006563623536137043,73.28797553205834
10749702,16.672330230431058,0.0,0.1,0.02,0.0007270139230097321,72.26564929294013
10749703,16.672330230431058,0.0,0.1,0.02,0.0007270139230097321,72.26564929294013
10749704,16.672330230431058,0.0,0.1,0.02,0.0007270139230097321,72.26564929294013
10749705,16.706080613583,0.0,0.1,0.02,0.0007084219616943644,72.52470650708976
10749706,16.76101474786223,0.0,0.1,0.02,0.000679105693256814,72.94733782347328
10749707,16.781480405730964,0.0,0.1,0.02,0.0006684762210025499,73.10509732731741
10749708,16.851135451810507,0.0,0.1,0.02,0.0006334503942783194,73.64328865486348
10749709,16.956336114188375,0.0,0.1,0.02,0.0005837835369430212,74.45980299765415
10749710,17.035326372629093,0.0,0.1,0.02,0.000548908097819877,75.07579529702755
10749711,17.035326372629093,0.0,0.1,0.02,0.000548908097819877,75.07579529702755
10749989,16.84215928607861,0.0,0.1,0.02,0.0006378658794856787,73.57382516960739
10749990,16.763169027637886,0.0,0.1,0.02,0.0006779794232000081,72.96393619746951
10749991,16.763169027637886,0.0,0.1,0.02,0.0006779794232000081,72.96393619746951
10749992,16.77537661303327,0.0,0.1,0.02,0.0006716300623454285,73.05802871485399
10749993,16.84215928607861,0.0,0.1,0.02,0.0006378658794856787,73.57382516960739
10749994,16.85616210462037,0.0,0.1,0.02,0.0006309901987633607,73.68220228406834
10749995,16.956336114188375,0.0,0.1,0.02,0.0005837835369430212,74.45980299765415
10749996,16.982187471496246,0.0,0.1,0.02,0.0005721481632355498,74.66112573490506
10749997,17.035326372629093,0.0,0.1,0.02,0.000548908097819877,75.07579529702755
10749998,17.035326372629093,0.0,0.1,0.02,0.000548908097819877,75.07579529702755
10749999,17.035326372629093,0.0,0.1,0.02,0.000548908097819877,75.07579529702755
10750277,16.84215928607861,0.0,0.1,0.02,0.0006378658794856787,73.57382516960739
10750278,16.84215928607861,0.0,0.1,0.02,0.0006378658794856787,73.57382516960739
10750279,16.84215928607861,0.0,0.1,0.02,0.0006378658794856787,73.57382516960739
10750280,16.84215928607861,0.0,0.1,0.02,0.0006378658794856787,73.57382516960739
10750281,16.84215928607861,0.0,0.1,0.02,0.0006378658794856787,73.57382516960739
10750282,16.879859182152586,0.0,0.1,0.02,0.000619511782068946,73.86578838401279
10750283,16.971416072617966,0.0,0.1,0.02,0.0005769696586735033,74.57720877460106
10750284,17.035326372629093,0.0,0.1,0.02,0.000548908097819877,75.07579529702755
10750285,17.035326372629093,0.0,0.1,0.02,0.000548908097819877,75.07579529702755
10750286,17.035326372629093,0.0,0.1,0.02,0.000548908097819877,75.07579529702755
10750565,16.84215928607861,0.0,0.1,0.02,0.0006378658794856787,73.57382516960739
10750566,16.84215928607861,0.0,0.1,0.02,0.0006378658794856787,73.57382516960739
10750567,16.819898395063493,0.0,0.1,0.02,0.0006489405292402222,73.40169479911539
10750568,16.819898395063493,0.0,0.1,0.02,0.0006489405292402222,73.40169479911539
10750569,16.84215928607861,0.0,0.1,0.02,0.0006378658794856787,73.57382516960739
10750570,16.956336114188375,0.0,0.1,0.02,0.0005837835369430212,74.45980299765415
10750571,17.035326372629093,0.0,0.1,0.02,0.000548908097819877,75.07579529702755
10750572,17.035326372629093,0.0,0.1,0.02,0.000548908097819877,75.07579529702755
10750854,16.755270001793814,0.0,0.1,0.02,0.0006821176164585686,72.90308456839615
10750855,16.72511008493463,0.0,0.1,0.02,0.0006981356343284925,72.67097155557104
10750856,16.72511008493463,0.0,0.1,0.02,0.0006981356343284925,72.67097155557104
10750857,16.85616210462037,0.0,0.1,0.02,0.0006309901987633607,73.68220228406834
10829488,16.52871157872066,0.0,0.1,0.02,0.0008113286975194742,71.16837286922754
10829774,16.614164676488347,0.0,0.1,0.02,0.0007601263978146844,71.82025825598298
10829775,16.569642894458124,0.0,0.1,0.02,0.0007864152458393616,71.48025602443144
10829776,16.525839205686452,0.0,0.1,0.02,0.0008131043136189611,71.14651149612715
10830060,16.797278457419107,0.0,0.1,0.02,0.0006603773675915,73.22699117263431
10830061,16.678793069758026,0.0,0.1,0.02,0.0007234189288726087,72.3152207225197
10830062,16.57538764052654,0.0,0.1,0.02,0.0007829761887420064,71.52408272727052
10830063,16.52871157872066,0.0,0.1,0.02,0.0008113286975194742,71.16837286922754
10830064,16.521889692764415,0.0,0.1,0.02,0.0008155516931082629,71.11645749673941
10830065,16.521889692764415,0.0,0.1,0.02,0.0008155516931082629,71.11645749673941
10830066,16.525839205686452,0.0,0.1,0.02,0.0008131043136189611,71.14651149612715
10830067,16.52691634557428,0.0,0.1,0.02,0.0008124380340692925,71.15470912429633
10830346,17.102109045674432,0.0,0.1,0.02,0.0005209515156207181,75.59853580770226
10830347,16.797278457419107,0.0,0.1,0.02,0.0006603773675915,73.22699117263431
10830348,16.614164676488347,0.0,0.1,0.02,0.0007601263978146844,71.82025825598298
10830349,16.569642894458124,0.0,0.1,0.02,0.0007864152458393616,71.48025602443144
10830350,16.525839205686452,0.0,0.1,0.02,0.0008131043136189611,71.14651149612715
10830351,16.521889692764415,0.0,0.1,0.02,0.0008155516931082629,71.11645749673941
10830352,16.525839205686452,0.0,0.1,0.02,0.0008131043136189611,71.14651149612715
10830353,16.525839205686452,0.0,0.1,0.02,0.0008131043136189611,71.14651149612715
10830354,16.540560117486766,0.0,0.1,0.02,0.0008040423695306995,71.25858591752554
10830355,16.554921982657806,0.0,0.1,0.02,0.0007952921430296688,71.36801035303513
10830633,16.982905564754798,0.0,0.1,0.02,0.0005718280721653875,74.6667218490307
10830634,16.782916592248068,0.0,0.1,0.02,0.0006677361509433684,73.11617446071917
10830635,16.614164676488347,0.0,0.1,0.02,0.0007601263978146844,71.82025825598298
10830636,16.50896401411048,0.0,0.1,0.02,0.000823609327335744,71.01814257794943
10830637,16.506809734334823,0.0,0.1,0.02,0.0008249594490171594,71.001763255441
10830638,16.506809734334823,0.0,0.1,0.02,0.0008249594490171594,71.001763255441
10830639,16.506809734334823,0.0,0.1,0.02,0.0008249594490171594,71.001763255441
10830640,16.525839205686452,0.0,0.1,0.02,0.0008131043136189611,71.14651149612715
10830641,16.540560117486766,0.0,0.1,0.02,0.0008040423695306995,71.25858591752554
10830642,16.59333997199034,0.0,0.1,0.02,0.0007723191970440362,71.6611262572008
10830920,16.97931509846204,0.0,0.1,0.02,0.0005734302020093702,74.63874334103423
10830921,16.753474768647436,0.0,0.1,0.02,0.0006830613942514729,72.8892581333887
10830922,16.603752324239345,0.0,0.1,0.02,0.0007662002056328773,71.74067057317603
10830923,16.504655454559167,0.0,0.1,0.02,0.0008263116305245729,70.98538578930109
10830924,16.485625983207537,0.0,0.1,0.02,0.0008383458116939689,70.84079879484904
10830925,16.48347170343188,0.0,0.1,0.02,0.0008397184017861024,70.82443958299979
10830926,16.49926975512003,0.0,0.1,0.02,0.0008297011148998866,70.94445024556373
10830927,16.508245920851927,0.0,0.1,0.02,0.0008240591392039092,71.01268259751677
10830928,16.52763443883283,0.0,0.1,0.02,0.0008119941301101241,71.16017446757144
10830929,16.554921982657806,0.0,0.1,0.02,0.0007952921430296688,71.36801035303513
10830930,16.598366624800203,0.0,0.1,0.02,0.000769359540580199,71.69952154705646
10831207,16.97931509846204,0.0,0.1,0.02,0.0005734302020093702,74.63874334103423
10831208,16.750961442242502,0.0,0.1,0.02,0.00068438472910669,72.8699032901415
10831209,16.531942998384142,0.0,0.1,0.02,0.0008093354445453208,71.19297085874864
10831210,16.50250117478351,0.0,0.1,0.02,0.0008276658747317777,70.96901017952973
10831211,16.48347170343188,0.0,0.1,0.02,0.0008397184017861024,70.82443958299979
10831212,16.48347170343188,0.0,0.1,0.02,0.0008397184017861024,70.82443958299979
10831213,16.49926975512003,0.0,0.1,0.02,0.0008297011148998866,70.94445024556373
10831214,16.508245920851927,0.0,0.1,0.02,0.0008240591392039092,71.01268259751677
10831215,16.548459143330838,0.0,0.1,0.02,0.0007992187142280001,71.31875914702884
10831216,16.598366624800203,0.0,0.1,0.02,0.000769359540580199,71.69952154705646
10831217,16.60411137086862,0.0,0.1,0.02,0.0007659900135795868,71.74341425411033
10831218,16.63032177480577,0.0,0.1,0.02,0.0007507902615112625,71.94384224152154
10831494,16.978597005203486,0.0,0.1,0.02,0.0005737511307287233,74.63314825822445
10831495,16.750961442242502,0.0,0.1,0.02,0.00068438472910669,72.8699032901415
10831496,16.654018852337984,0.0,0.1,0.02,0.0007372903628547125,72.12528763914378
10831497,16.529788718608486,0.0,0.1,0.02,0.0008106637726313521,71.17657173497577
10831498,16.48347170343188,0.0,0.1,0.02,0.0008397184017861024,70.82443958299979
10831499,16.47916314388057,0.0,0.1,0.02,0.0008424698583299713,70.79172672840691
10831500,16.49926975512003,0.0,0.1,0.02,0.0008297011148998866,70.94445024556373
10831501,16.508245920851927,0.0,0.1,0.02,0.0008240591392039092,71.01268259751677
10831502,16.569642894458124,0.0,0.1,0.02,0.0007864152458393616,71.48025602443144
10831503,16.63391224109853,0.0,0.1,0.02,0.0007487301250944277,71.97131953001202
10831504,16.63391224109853,0.0,0.1,0.02,0.0007487301250944277,71.97131953001202
10831505,16.63391224109853,0.0,0.1,0.02,0.0007487301250944277,71.97131953001202
10831506,16.63391224109853,0.0,0.1,0.02,0.0007487301250944277,71.97131953001202
10831781,16.982905564754798,0.0,0.1,0.02,0.0005718280721653875,74.6667218490307
10831782,16.891707720918696,0.0,0.1,0.02,0.0006138459441018349,73.95766566670756
10831783,16.69530921470472,0.0,0.1,0.02,0.0007143068564848816,72.4419791696256
10831784,16.637861754020562,0.0,0.1,0.02,0.00074647005898186,72.0015505032006
10831785,16.529788718608486,0.0,0.1,0.02,0.0008106637726313521,71.17657173497577
10831786,16.505732594446997,0.0,0.1,0.02,0.000825635282113086,70.993574290325
10831787,16.569642894458124,0.0,0.1,0.02,0.0007864152458393616,71.48025602443144
10831788,16.60411137086862,0.0,0.1,0.02,0.0007659900135795868,71.74341425411033
10831789,16.678074976499474,0.0,0.1,0.02,0.0007238175529056311,72.30971196084707
10831790,16.707875846729383,0.0,0.1,0.02,0.0007074455511827663,72.538498908674
10831791,16.708593939987935,0.0,0.1,0.02,0.0007070553383775119,72.54401623026826
10831792,16.80589557652173,0.0,0.1,0.02,0.0006559984838473079,73.29352080231227
10831793,16.80589557652173,0.0,0.1,0.02,0.0006559984838473079,73.29352080231227
10832068,17.04681586476593,0.0,0.1,0.02,0.0005440005995356755,75.165602090213
10832069,16.993676963633078,0.0,0.1,0.02,0.0005670467357596209,74.75068831249578
10832070,16.750961442242502,0.0,0.1,0.02,0.00068438472910669,72.8699032901415
10832071,16.72511008493463,0.0,0.1,0.02,0.0006981356343284925,72.67097155557104
10832072,16.654018852337984,0.0,0.1,0.02,0.0007372903628547125,72.12528763914378
10832073,16.654018852337984,0.0,0.1,0.02,0.0007372903628547125,72.12528763914378
10832074,16.678074976499474,0.0,0.1,0.02,0.0007238175529056311,72.30971196084707
10832075,16.707875846729383,0.0,0.1,0.02,0.0007074455511827663,72.538498908674
10832076,16.763169027637886,0.0,0.1,0.02,0.0006779794232000081,72.96393619746951
10832077,16.819898395063493,0.0,0.1,0.02,0.0006489405292402222,73.40169479911539
10832078,16.879859182152586,0.0,0.1,0.02,0.000619511782068946,73.86578838401279
10832079,16.956336114188375,0.0,0.1,0.02,0.0005837835369430212,74.45980299765415
10832080,16.989368404081766,0.0,0.1,0.02,0.0005689547708710546,74.71709615800413
10832356,17.088106227132666,0.0,0.1,0.02,0.0005267006953320283,75.4887811130867
10832357,16.978597005203486,0.0,0.1,0.02,0.0005737511307287233,74.63314825822445
10832358,16.960285627110412,0.0,0.1,0.02,0.0005819917219576799,74.49054333774403
10832359,16.763169027637886,0.0,0.1,0.02,0.0006779794232000081,72.96393619746951
10832360,16.763169027637886,0.0,0.1,0.02,0.0006779794232000081,72.96393619746951
10832361,16.763169027637886,0.0,0.1,0.02,0.0006779794232000081,72.96393619746951
10832362,16.80589557652173,0.0,0.1,0.02,0.0006559984838473079,73.29352080231227
10832363,16.822411721468427,0.0,0.1,0.02,0.0006476812409991225,73.42111894678808
10832364,16.879859182152586,0.0,0.1,0.02,0.000619511782068946,73.86578838401279
10832365,16.956336114188375,0.0,0.1,0.02,0.0005837835369430212,74.45980299765415
10832366,17.000857896218598,0.0,0.1,0.02,0.000563879955617754,74.80669173770224
10832367,17.035326372629093,0.0,0.1,0.02,0.000548908097819877,75.07579529702755
10832368,17.000857896218598,0.0,0.1,0.02,0.000563879955617754,74.80669173770224
10832644,17.088106227132666,0.0,0.1,0.02,0.0005267006953320283,75.4887811130867
10832645,16.967825606325206,0.0,0.1,0.02,0.0005785852393248831,74.54924676765827
10832646,16.960285627110412,0.0,0.1,0.02,0.0005819917219576799,74.49054333774403
10832647,16.865138270352272,0.0,0.1,0.02,0.0006266191584932275,73.75171604597243
10832648,16.819898395063493,0.0,0.1,0.02,0.0006489405292402222,73.40169479911539
10832649,16.822411721468427,0.0,0.1,0.02,0.0006476812409991225,73.42111894678808
10832650,16.85616210462037,0.0,0.1,0.02,0.0006309901987633607,73.68220228406834
10832651,16.85616210462037,0.0,0.1,0.02,0.0006309901987633607,73.68220228406834
10832652,16.95130946137851,0.0,0.1,0.02,0.0005860714806198936,74.42068795246264
10832653,16.989368404081766,0.0,0.1,0.02,0.0005689547708710546,74.71709615800413
10832654,17.035326372629093,0.0,0.1,0.02,0.000548908097819877,75.07579529702755
10832655,17.002294082735702,0.0,0.1,0.02,0.0005632485856031626,74.8178948979016
10832932,17.088106227132666,0.0,0.1,0.02,0.0005267006953320283,75.4887811130867
10832933,16.967825606325206,0.0,0.1,0.02,0.0005785852393248831,74.54924676765827
10832934,16.905351492831183,0.0,0.1,0.02,0.0006073815803556487,74.06353331206509
10832935,16.879859182152586,0.0,0.1,0.02,0.000619511782068946,73.86578838401279
10832936,16.85616210462037,0.0,0.1,0.02,0.0006309901987633607,73.68220228406834
10832937,16.819898395063493,0.0,0.1,0.02,0.0006489405292402222,73.40169479911539
10832938,16.819898395063493,0.0,0.1,0.02,0.0006489405292402222,73.40169479911539
10832939,16.90642863271901,0.0,0.1,0.02,0.0006068739521598252,74.07189445536324
10832940,16.958131347334756,0.0,0.1,0.02,0.0005829684378238814,74.4737751060263
10832941,17.000857896218598,0.0,0.1,0.02,0.000563879955617754,74.80669173770224
10832942,16.983982704642628,0.0,0.1,0.02,0.0005713482492007595,74.67511640696262
10833220,16.994754103520908,0.0,0.1,0.02,0.0005665706618902897,74.75908751134905
10833221,16.960285627110412,0.0,0.1,0.02,0.0005819917219576799,74.49054333774403
10833222,16.905351492831183,0.0,0.1,0.02,0.0006073815803556487,74.06353331206509
10833223,16.819898395063493,0.0,0.1,0.02,0.0006489405292402222,73.40169479911539
10833224,16.72511008493463,0.0,0.1,0.02,0.0006981356343284925,72.67097155557104
10833225,16.72511008493463,0.0,0.1,0.02,0.0006981356343284925,72.67097155557104
10833226,16.85257163832761,0.0,0.1,0.02,0.0006327465693697777,73.65440580332043
10833227,16.94161520238806,0.0,0.1,0.02,0.0005905076108691058,74.34528033554531
10833228,16.94161520238806,0.0,0.1,0.02,0.0005905076108691058,74.34528033554531
10833508,16.96136276699824,0.0,0.1,0.02,0.000581503937368117,74.49892814974108
10833509,16.905351492831183,0.0,0.1,0.02,0.0006073815803556487,74.06353331206509
10833510,16.667303577621194,0.0,0.1,0.02,0.000729821533233153,72.22710528733805
10833511,16.667303577621194,0.0,0.1,0.02,0.000729821533233153,72.22710528733805
10833512,16.667303577621194,0.0,0.1,0.02,0.000729821533233153,72.22710528733805
10833513,16.72511008493463,0.0,0.1,0.02,0.0006981356343284925,72.67097155557104
10833514,16.85257163832761,0.0,0.1,0.02,0.0006327465693697777,73.65440580332043
10912144,16.48454884331971,0.0,0.1,0.02,0.0008390318455283038,70.83261895687835
10912148,16.3815024607175,0.0,0.1,0.02,0.0009071318913498949,70.0522270348162
10912431,16.50250117478351,0.0,0.1,0.02,0.0008276658747317777,70.96901017952973
10912432,16.478086003992743,0.0,0.1,0.02,0.0008431590321655842,70.78354967498905
10912433,16.478086003992743,0.0,0.1,0.02,0.0008431590321655842,70.78354967498905
10912434,16.464083185450978,0.0,0.1,0.02,0.000852166164585758,70.6772902129409
10912435,16.478086003992743,0.0,0.1,0.02,0.0008431590321655842,70.78354967498905
10912436,16.48347170343188,0.0,0.1,0.02,0.0008397184017861024,70.82443958299979
10912437,16.503937361300615,0.0,0.1,0.02,0.0008267628159294235,70.97992704644747
10912717,16.59405806524889,0.0,0.1,0.02,0.0007718957406880388,71.66661067981924
10912718,16.499628801749303,0.0,0.1,0.02,0.0008294747472925607,70.94717892085234
10912719,16.47916314388057,0.0,0.1,0.02,0.0008424698583299713,70.79172672840691
10912720,16.478086003992743,0.0,0.1,0.02,0.0008431590321655842,70.78354967498905
10912721,16.478086003992743,0.0,0.1,0.02,0.0008431590321655842,70.78354967498905
10912722,16.48095837702695,0.0,0.1,0.02,0.0008413224000780484,70.80535618208592
10912723,16.503937361300615,0.0,0.1,0.02,0.0008267628159294235,70.97992704644747
10912724,16.504655454559167,0.0,0.1,0.02,0.0008263116305245729,70.98538578930109
10912725,16.52691634557428,0.0,0.1,0.02,0.0008124380340692925,71.15470912429633
10913004,16.59405806524889,0.0,0.1,0.02,0.0007718957406880388,71.66661067981924
10913005,16.47916314388057,0.0,0.1,0.02,0.0008424698583299713,70.79172672840691
10913006,16.478086003992743,0.0,0.1,0.02,0.0008431590321655842,70.78354967498905
10913007,16.46910983826084,0.0,0.1,0.02,0.0008489225836722135,70.71542561120086
10913008,16.478086003992743,0.0,0.1,0.02,0.0008431590321655842,70.78354967498905
10913009,16.48095837702695,0.0,0.1,0.02,0.0008413224000780484,70.80535618208592
10913010,16.503937361300615,0.0,0.1,0.02,0.0008267628159294235,70.97992704644747
10913011,16.506809734334823,0.0,0.1,0.02,0.0008249594490171594,71.001763255441
10913012,16.53481537141835,0.0,0.1,0.02,0.000807567492368541,71.21483924479686
10913291,16.59405806524889,0.0,0.1,0.02,0.0007718957406880388,71.66661067981924
10913292,16.478086003992743,0.0,0.1,0.02,0.0008431590321655842,70.78354967498905
10913293,16.46121081241677,0.0,0.1,0.02,0.0008540248130892046,70.65550309458212
10913294,16.442540387694418,0.0,0.1,0.02,0.0008661982696763326,70.51396726788684
10913295,16.441822294435866,0.0,0.1,0.02,0.0008666696878225828,70.50852636679753
10913296,16.445053714099352,0.0,0.1,0.02,0.0008645501841589247,70.53301204602192
10913297,16.48347170343188,0.0,0.1,0.02,0.0008397184017861024,70.82443958299979
10913298,16.506809734334823,0.0,0.1,0.02,0.0008249594490171594,71.001763255441
10913299,16.548459143330838,0.0,0.1,0.02,0.0007992187142280001,71.31875914702884
10913578,16.531942998384142,0.0,0.1,0.02,0.0008093354445453208,71.19297085874864
10913579,16.46910983826084,0.0,0.1,0.02,0.0008489225836722135,70.71542561120086
10913580,16.446130853987178,0.0,0.1,0.02,0.0008638447552503214,70.54117486728099
10913581,16.442540387694418,0.0,0.1,0.02,0.0008661982696763326,70.51396726788684
10913582,16.442540387694418,0.0,0.1,0.02,0.0008661982696763326,70.51396726788684
10913583,16.446130853987178,0.0,0.1,0.02,0.0008638447552503214,70.54117486728099
10913584,16.483112656802607,0.0,0.1,0.02,0.0008399473700289985,70.82171322817187
10913585,16.506809734334823,0.0,0.1,0.02,0.0008249594490171594,71.001763255441
10913586,16.548459143330838,0.0,0.1,0.02,0.0007992187142280001,71.31875914702884
10913587,16.548459143330838,0.0,0.1,0.02,0.0007992187142280001,71.31875914702884
10913865,16.65258266582088,0.0,0.1,0.02,0.0007381020561769091,72.11428455422049
10913866,16.47916314388057,0.0,0.1,0.02,0.0008424698583299713,70.79172672840691
10913867,16.446130853987178,0.0,0.1,0.02,0.0008638447552503214,70.54117486728099
10913868,16.442540387694418,0.0,0.1,0.02,0.0008661982696763326,70.51396726788684
10913869,16.442540387694418,0.0,0.1,0.02,0.0008661982696763326,70.51396726788684
10913870,16.46121081241677,0.0,0.1,0.02,0.0008540248130892046,70.65550309458212
10913871,16.46910983826084,0.0,0.1,0.02,0.0008489225836722135,70.71542561120086
10913872,16.52691634557428,0.0,0.1,0.02,0.0008124380340692925,71.15470912429633
10913873,16.548459143330838,0.0,0.1,0.02,0.0007992187142280001,71.31875914702884
10913874,16.548459143330838,0.0,0.1,0.02,0.0007992187142280001,71.31875914702884
10913875,16.569283847828846,0.0,0.1,0.02,0.0007866306532864058,71.47751729381322
10914152,16.72905959785667,0.0,0.1,0.02,0.0006960182613804446,72.70134660358474
10914153,16.531942998384142,0.0,0.1,0.02,0.0008093354445453208,71.19297085874864
10914154,16.47916314388057,0.0,0.1,0.02,0.0008424698583299713,70.79172672840691
10914155,16.46121081241677,0.0,0.1,0.02,0.0008540248130892046,70.65550309458212
10914156,16.46121081241677,0.0,0.1,0.02,0.0008540248130892046,70.65550309458212
10914157,16.46910983826084,0.0,0.1,0.02,0.0008489225836722135,70.71542561120086
10914158,16.505732594446997,0.0,0.1,0.02,0.000825635282113086,70.993574290325
10914159,16.548459143330838,0.0,0.1,0.02,0.0007992187142280001,71.31875914702884
10914160,16.55635816917491,0.0,0.1,0.02,0.0007944220145555531,71.37895733437587
10914161,16.60411137086862,0.0,0.1,0.02,0.0007659900135795868,71.74341425411033
10914162,16.716492965832007,0.0,0.1,0.02,0.0007027762201339486,72.6047203811742
10914163,16.716492965832007,0.0,0.1,0.02,0.0007027762201339486,72.6047203811742
10914439,16.865138270352272,0.0,0.1,0.02,0.0006266191584932275,73.75171604597243
10914440,16.72905959785667,0.0,0.1,0.02,0.0006960182613804446,72.70134660358474
10914441,16.654018852337984,0.0,0.1,0.02,0.0007372903628547125,72.12528763914378
10914442,16.505732594446997,0.0,0.1,0.02,0.000825635282113086,70.993574290325
10914443,16.505732594446997,0.0,0.1,0.02,0.000825635282113086,70.993574290325
10914444,16.545227723667356,0.0,0.1,0.02,0.0008011887618432383,71.29413980926952
10914445,16.548459143330838,0.0,0.1,0.02,0.0007992187142280001,71.31875914702884
10914446,16.72618722482246,0.0,0.1,0.02,0.0006975575741587398,72.67925504078528
10914447,16.851135451810507,0.0,0.1,0.02,0.0006334503942783194,73.64328865486348
10914448,16.90642863271901,0.0,0.1,0.02,0.0006068739521598252,74.07189445536324
10914449,16.95525897430055,0.0,0.1,0.02,0.0005842731071957929,74.45142035142041
10914450,16.956336114188375,0.0,0.1,0.02,0.0005837835369430212,74.45980299765415
10914451,16.851135451810507,0.0,0.1,0.02,0.0006334503942783194,73.64328865486348
10914727,16.96136276699824,0.0,0.1,0.02,0.000581503937368117,74.49892814974108
10914728,16.865138270352272,0.0,0.1,0.02,0.0006266191584932275,73.75171604597243
10914729,16.80517748326318,0.0,0.1,0.02,0.0006563623536137043,73.28797553205834
10914730,16.72905959785667,0.0,0.1,0.02,0.0006960182613804446,72.70134660358474
10914731,16.713979639427077,0.0,0.1,0.02,0.0007041351317718993,72.58540271686365
10914732,16.72905959785667,0.0,0.1,0.02,0.0006960182613804446,72.70134660358474
10914733,16.80517748326318,0.0,0.1,0.02,0.0006563623536137043,73.28797553205834
10914734,16.85616210462037,0.0,0.1,0.02,0.0006309901987633607,73.68220228406834
10914735,16.95525897430055,0.0,0.1,0.02,0.0005842731071957929,74.45142035142041
10914736,16.956336114188375,0.0,0.1,0.02,0.0005837835369430212,74.45980299765415
10914737,16.976083678798556,0.0,0.1,0.02,0.0005748757029765027,74.6135670927127
10914738,16.931920943397607,0.0,0.1,0.02,0.000594975082760437,74.26991031009092
10915015,16.96136276699824,0.0,0.1,0.02,0.000581503937368117,74.49892814974108
10915016,16.905351492831183,0.0,0.1,0.02,0.0006073815803556487,74.06353331206509
10915017,16.813794602365803,0.0,0.1,0.02,0.0006520083177410218,73.3545323884749
10915018,16.80517748326318,0.0,0.1,0.02,0.0006563623536137043,73.28797553205834
10915019,16.80517748326318,0.0,0.1,0.02,0.0006563623536137043,73.28797553205834
10915020,16.80517748326318,0.0,0.1,0.02,0.0006563623536137043,73.28797553205834
10915021,16.825284094502635,0.0,0.1,0.02,0.0006462448464849979,73.44332106664731
10915022,16.90642863271901,0.0,0.1,0.02,0.0006068739521598252,74.07189445536324
10915023,16.956336114188375,0.0,0.1,0.02,0.0005837835369430212,74.45980299765415
10915024,16.976083678798556,0.0,0.1,0.02,0.0005748757029765027,74.6135670927127
10915025,16.958131347334756,0.0,0.1,0.02,0.0005829684378238814,74.4737751060263
10915303,16.96136276699824,0.0,0.1,0.02,0.000581503937368117,74.49892814974108
10915304,16.865138270352272,0.0,0.1,0.02,0.0006266191584932275,73.75171604597243
10915305,16.80517748326318,0.0,0.1,0.02,0.0006563623536137043,73.28797553205834
10915306,16.80517748326318,0.0,0.1,0.02,0.0006563623536137043,73.28797553205834
10915307,16.767118540559924,0.0,0.1,0.02,0.0006759191179249251,72.99437137119759
10915308,16.767118540559924,0.0,0.1,0.02,0.0006759191179249251,72.99437137119759
10915309,16.85005831192268,0.0,0.1,0.02,0.000633978742355969,73.6349513349616
10915310,16.931920943397607,0.0,0.1,0.02,0.000594975082760437,74.26991031009092
10915311,16.931920943397607,0.0,0.1,0.02,0.000594975082760437,74.26991031009092
10915591,16.905351492831183,0.0,0.1,0.02,0.0006073815803556487,74.06353331206509
10915592,16.70249014729024,0.0,0.1,0.02,0.0007103785527444408,72.49712557135575
10915593,16.70249014729024,0.0,0.1,0.02,0.0007103785527444408,72.49712557135575
10915594,16.70249014729024,0.0,0.1,0.02,0.0007103785527444408,72.49712557135575
10915595,16.72511008493463,0.0,0.1,0.02,0.0006981356343284925,72.67097155557104
10915596,16.728341504598117,0.0,0.1,0.02,0.0006964027923754623,72.69582340349011
10915597,16.73265006414943,0.0,0.1,0.02,0.0006940985741938735,72.72896569800541
10915598,16.73265006414943,0.0,0.1,0.02,0.0006940985741938735,72.72896569800541
10915879,16.667303577621194,0.0,0.1,0.02,0.000729821533233153,72.22710528733805
10915880,16.664790251216264,0.0,0.1,0.02,0.0007312291245407506,72.20783707462279
10915881,16.664790251216264,0.0,0.1,0.02,0.0007312291245407506,72.20783707462279
10915882,16.667303577621194,0.0,0.1,0.02,0.000729821533233153,72.22710528733805
10915883,16.72511008493463,0.0,0.1,0.02,0.0006981356343284925,72.67097155557104
